{"type":"FeatureCollection", "features": [
{"type":"Feature","geometry":{"type":"Polygon","coordinates":[[[93.04466353722471,23.41052458365152],[93.04619272501728,23.66622890066599],[93.2067574432375,24.047035867402585],[92.97585008655889,24.11577358703013],[93.00949221799551,24.412720535821126],[92.89633232134507,24.39072446554031],[92.84739831198272,24.02641455151432],[92.62719526985211,23.953552568709124],[92.67307090362932,23.383029495800503],[92.68989196934763,23.328039320098465],[92.88104044341934,23.51913018066304],[93.04466353722471,23.41052458365152]]]},"properties":{"district":"Aizawl","state":"Mizoram"}},
{"type":"Feature","geometry":{"type":"MultiPolygon","coordinates":[[[[93.04619272501728,23.66622890066599],[93.27862926948848,23.657980374310682],[93.39025997834635,23.497134110382227],[93.39637672951665,23.926057480858105],[93.25263307701472,24.02091553394412],[93.2067574432375,24.047035867402585],[93.04619272501728,23.66622890066599]]],[[[93.1960531286895,23.055837950373387],[93.3581470347023,23.330788828883566],[93.04160516163957,23.307418004210202],[93.1960531286895,23.055837950373387]]]]},"properties":{"district":"Champhai","state":"Mizoram"}},
{"type":"Feature","geometry":{"type":"Polygon","coordinates":[[[92.89633232134507,24.39072446554031],[92.7617637955986,24.51307760647734],[92.53238562671255,24.17763753469492],[92.62719526985211,23.953552568709124],[92.84739831198272,24.02641455151432],[92.89633232134507,24.39072446554031]]]},"properties":{"district":"Kolasib","state":"Mizoram"}},
{"type":"Feature","geometry":{"type":"Polygon","coordinates":[[[92.93456201615942,22.55405259709231],[92.7556470444283,22.541679807559355],[92.50944780982395,22.741019194479232],[92.6057866407561,22.12375447222388],[92.85504425094558,22.06326527895164],[92.82598968288669,22.329967631106513],[92.93456201615942,22.55405259709231]]]},"properties":{"district":"Lawngtlai","state":"Mizoram"}},
{"type":"Feature","geometry":{"type":"Polygon","coordinates":[[[92.67307090362932,23.383029495800503],[92.40240466434379,23.266175372433676],[92.37182090849232,22.93623431822146],[92.50944780982395,22.741019194479232],[92.7556470444283,22.541679807559355],[92.93456201615942,22.55405259709231],[92.92079932602624,22.78088707186321],[92.86421937770103,23.175441582525316],[92.68989196934763,23.328039320098465],[92.67307090362932,23.383029495800503]]]},"properties":{"district":"Lunglei","state":"Mizoram"}},
{"type":"Feature","geometry":{"type":"Polygon","coordinates":[[[92.62719526985211,23.953552568709124],[92.53238562671255,24.17763753469492],[92.42228410564725,24.250499517500117],[92.29536151886364,24.245000499929915],[92.32441608692254,23.913684691325148],[92.26477776301218,23.726718093938228],[92.40240466434379,23.266175372433676],[92.67307090362932,23.383029495800503],[92.62719526985211,23.953552568709124]]]},"properties":{"district":"Mamit","state":"Mizoram"}},
{"type":"Feature","geometry":{"type":"Polygon","coordinates":[[[92.85504425094558,22.06326527895164],[93.1608818094603,22.180119402318468],[93.18840718972663,22.424825684192527],[93.09665592217222,22.786386089433414],[92.92079932602624,22.78088707186321],[92.93456201615942,22.55405259709231],[92.82598968288669,22.329967631106513],[92.85504425094558,22.06326527895164]]]},"properties":{"district":"Saiha","state":"Mizoram"}},
{"type":"Feature","geometry":{"type":"Polygon","coordinates":[[[92.68989196934763,23.328039320098465],[92.86421937770103,23.175441582525316],[93.12265211464597,23.006346792241555],[93.1960531286895,23.055837950373387],[93.04160516163957,23.307418004210202],[93.04466353722471,23.41052458365152],[92.88104044341934,23.51913018066304],[92.68989196934763,23.328039320098465]]]},"properties":{"district":"Serchhip","state":"Mizoram"}},
{"type":"Feature","geometry":{"type":"Polygon","coordinates":[[[93.04466353722471,23.41052458365152],[93.04160516163957,23.307418004210202],[93.3581470347023,23.330788828883566],[93.39025997834635,23.497134110382227],[93.27862926948848,23.657980374310682],[93.04619272501728,23.66622890066599],[93.04466353722471,23.41052458365152]]]},"properties":{"district":"Khawzawl","state":"Mizoram"}},
{"type":"Feature","geometry":{"type":"Polygon","coordinates":[[[92.92079932602624,22.78088707186321],[93.09665592217222,22.786386089433414],[93.12265211464597,23.006346792241555],[92.86421937770103,23.175441582525316],[92.92079932602624,22.78088707186321]]]},"properties":{"district":"Hnahthial","state":"Mizoram"}},
{"type":"Feature","geometry":{"type":"Polygon","coordinates":[[[80.12761425335545,13.033878428677344],[80.30041247391627,13.142484025688866],[80.26829953027223,13.56453362420199],[80.03739217359362,13.538413290743524],[79.94564090603919,13.363819482889559],[79.53428938983689,13.275835201766302],[79.28350259185483,13.123237464193153],[79.7361421784566,13.16722960475478],[79.78966375119668,13.024255147929487],[80.08020943178568,13.016006621574181],[80.12761425335545,13.033878428677344]]]},"properties":{"district":"Thiruvallur","state":"Tamil Nadu"}},
{"type":"Feature","geometry":{"type":"Polygon","coordinates":[[[80.12761425335545,13.033878428677344],[80.24994927676134,12.857909866430829],[80.30041247391627,13.142484025688866],[80.12761425335545,13.033878428677344]]]},"properties":{"district":"Chennai","state":"Tamil Nadu"}},
{"type":"Feature","geometry":{"type":"Polygon","coordinates":[[[78.41186555008787,12.626951128482279],[78.23142139056418,12.760302304559715],[77.86594550813909,12.870282655963788],[77.8307741889099,12.866158392786133],[77.60139602002386,12.668193760258806],[77.61515871015702,12.367122548290158],[77.4714150576551,12.243394652960578],[77.74666886031835,12.15541037183732],[78.01121834843357,12.503223233152697],[78.47150387399823,12.173282178940482],[78.63206859221846,12.176031687725583],[78.6473604701442,12.258516951278636],[78.43633255476904,12.394617636141177],[78.41186555008787,12.626951128482279]]]},"properties":{"district":"Krishnagiri","state":"Tamil Nadu"}},
{"type":"Feature","geometry":{"type":"Polygon","coordinates":[[[78.63206859221846,12.176031687725583],[78.71770310860259,11.983566072768458],[78.95931477982921,12.068800845106614],[79.17187188299695,12.03030772211519],[79.23151020690732,12.442734039880458],[79.63980334752448,12.345126478009345],[79.74378811741948,12.532093075396265],[79.74531730521205,12.743805251849103],[79.56028558231064,12.853785603253176],[79.45018406124535,12.670943269043907],[79.20857239001872,12.78504788362563],[78.85838838551936,12.633824900445033],[78.6473604701442,12.258516951278636],[78.63206859221846,12.176031687725583]]]},"properties":{"district":"Tiruvannamalai","state":"Tamil Nadu"}},
{"type":"Feature","geometry":{"type":"Polygon","coordinates":[[[77.74666886031835,12.15541037183732],[77.67632622185997,11.951946721739787],[77.97145946582667,11.8955817916452],[78.23447976614932,11.979441809590806],[78.48220818854625,11.817220791269799],[78.62748102884075,11.869461458186734],[78.71770310860259,11.983566072768458],[78.63206859221846,12.176031687725583],[78.47150387399823,12.173282178940482],[78.01121834843357,12.503223233152697],[77.74666886031835,12.15541037183732]]]},"properties":{"district":"Dharmapuri","state":"Tamil Nadu"}},
{"type":"Feature","geometry":{"type":"Polygon","coordinates":[[[77.67632622185997,11.951946721739787],[77.69620566316341,11.46390891238422],[78.4393909303542,11.598634842854207],[78.48679575192398,11.407543982289631],[78.66265234806994,11.37317512247586],[78.84309650759363,11.523023351263907],[78.62748102884075,11.869461458186734],[78.48220818854625,11.817220791269799],[78.23447976614932,11.979441809590806],[77.97145946582667,11.8955817916452],[77.67632622185997,11.951946721739787]]]},"properties":{"district":"Salem","state":"Tamil Nadu"}},
{"type":"Feature","geometry":{"type":"Polygon","coordinates":[[[77.67632622185997,11.951946721739787],[77.29250008592399,11.808972264914495],[76.90867394998801,11.795224720988985],[76.84750643828507,11.594510579676554],[76.96372471052067,11.385547912008818],[77.1472272456295,11.336056753876985],[77.47600262103282,11.301687894063212],[77.50046962571399,11.107847524713536],[77.77725261616982,11.058356366581704],[77.93322977101232,11.070729156114663],[77.69620566316341,11.46390891238422],[77.67632622185997,11.951946721739787]]]},"properties":{"district":"Erode","state":"Tamil Nadu"}},
{"type":"Feature","geometry":{"type":"Polygon","coordinates":[[[76.84750643828507,11.594510579676554],[76.41780466857188,11.671496825659403],[76.23430213346305,11.52714761444156],[76.54778563094064,11.35942757855035],[76.44227167325306,11.201330823406998],[76.7068211613683,11.239823946398422],[76.96372471052067,11.385547912008818],[76.84750643828507,11.594510579676554]]]},"properties":{"district":"Nilgiris","state":"Tamil Nadu"}},
{"type":"Feature","geometry":{"type":"Polygon","coordinates":[[[77.69620566316341,11.46390891238422],[77.93322977101232,11.070729156114663],[78.16413712769094,11.012989471627524],[78.3231726581186,11.058356366581704],[78.48679575192398,11.407543982289631],[78.4393909303542,11.598634842854207],[77.69620566316341,11.46390891238422]]]},"properties":{"district":"Namakkal","state":"Tamil Nadu"}},
{"type":"Feature","geometry":{"type":"Polygon","coordinates":[[[78.66265234806994,11.37317512247586],[78.67488585041053,11.164212454808123],[79.006719601399,11.058356366581704],[79.1688135074118,11.378674140046062],[78.87826782682282,11.507901052945847],[78.84309650759363,11.523023351263907],[78.66265234806994,11.37317512247586]]]},"properties":{"district":"Perambalur","state":"Tamil Nadu"}},
{"type":"Feature","geometry":{"type":"Polygon","coordinates":[[[76.96372471052067,11.385547912008818],[76.7068211613683,11.239823946398422],[76.65635796421337,10.938752734429777],[76.90714476219543,10.782030733678972],[76.8337437481519,10.339359819277584],[76.8918528842697,10.259624064509632],[77.05088841469735,10.262373573294735],[77.09064729730427,10.314614240211668],[77.09064729730427,10.584066101151643],[77.18239856485869,10.920880927326614],[77.1472272456295,11.336056753876985],[76.96372471052067,11.385547912008818]]]},"properties":{"district":"Coimbatore","state":"Tamil Nadu"}},
{"type":"Feature","geometry":{"type":"Polygon","coordinates":[[[78.48679575192398,11.407543982289631],[78.3231726581186,11.058356366581704],[78.16413712769094,11.012989471627524],[78.57854701947839,10.850768453306518],[78.19930844692013,10.54694773255277],[78.33387697266662,10.300866696286159],[78.37822341865125,10.310489977034015],[78.50514600543485,10.376478187876458],[78.45927037165765,10.611561189002662],[78.8736802634451,10.705044487696123],[79.00366122581386,10.893385839475595],[79.006719601399,11.058356366581704],[78.67488585041053,11.164212454808123],[78.66265234806994,11.37317512247586],[78.48679575192398,11.407543982289631]]]},"properties":{"district":"Tiruchirappalli","state":"Tamil Nadu"}},
{"type":"Feature","geometry":{"type":"Polygon","coordinates":[[[79.006719601399,11.058356366581704],[79.00366122581386,10.893385839475595],[79.22233508015188,10.94700126078508],[79.45783000020822,11.150464910882615],[79.36760792044637,11.418542017430038],[79.1688135074118,11.378674140046062],[79.006719601399,11.058356366581704]]]},"properties":{"district":"Ariyalur","state":"Tamil Nadu"}},
{"type":"Feature","geometry":{"type":"Polygon","coordinates":[[[77.1472272456295,11.336056753876985],[77.18239856485869,10.920880927326614],[77.09064729730427,10.584066101151643],[77.09064729730427,10.314614240211668],[77.28791252254626,10.232128976658615],[77.41789348491503,10.625308732928172],[77.80783637202128,10.680298908630206],[77.77725261616982,11.058356366581704],[77.50046962571399,11.107847524713536],[77.47600262103282,11.301687894063212],[77.1472272456295,11.336056753876985]]]},"properties":{"district":"Tiruppur","state":"Tamil Nadu"}},
{"type":"Feature","geometry":{"type":"Polygon","coordinates":[[[78.8736802634451,10.705044487696123],[79.06941630089452,10.672050382274902],[79.2269226435296,10.137270923572602],[79.47159269034137,10.315988994604218],[79.50064725840028,10.369604415913704],[79.34619929135035,10.59231462750695],[79.30032365757313,10.936003225644674],[79.51593913632601,10.970372085458447],[79.52664345087402,11.183459016303836],[79.45783000020822,11.150464910882615],[79.22233508015188,10.94700126078508],[79.00366122581386,10.893385839475595],[78.8736802634451,10.705044487696123]]]},"properties":{"district":"Thanjavur","state":"Tamil Nadu"}},
{"type":"Feature","geometry":{"type":"Polygon","coordinates":[[[77.77725261616982,11.058356366581704],[77.80783637202128,10.680298908630206],[78.19930844692013,10.54694773255277],[78.57854701947839,10.850768453306518],[78.16413712769094,11.012989471627524],[77.93322977101232,11.070729156114663],[77.77725261616982,11.058356366581704]]]},"properties":{"district":"Karur","state":"Tamil Nadu"}},
{"type":"Feature","geometry":{"type":"Polygon","coordinates":[[[79.50064725840028,10.369604415913704],[79.63062822076903,10.377852942269008],[79.65203684986506,10.824648119848051],[79.72390867611603,10.92912945368192],[79.7483756807972,10.996492418916914],[79.51593913632601,10.970372085458447],[79.30032365757313,10.936003225644674],[79.34619929135035,10.59231462750695],[79.50064725840028,10.369604415913704]]]},"properties":{"district":"Thiruvarur","state":"Tamil Nadu"}},
{"type":"Feature","geometry":{"type":"Polygon","coordinates":[[[78.19930844692013,10.54694773255277],[77.80783637202128,10.680298908630206],[77.41789348491503,10.625308732928172],[77.28791252254626,10.232128976658615],[77.2680330812428,10.122148625254543],[77.61821708574216,10.214257169555452],[77.71302672888173,10.02591581777598],[78.02039347518902,10.184012572919332],[78.28035539992653,10.129022397217296],[78.33387697266662,10.300866696286159],[78.19930844692013,10.54694773255277]]]},"properties":{"district":"Dindigul","state":"Tamil Nadu"}},
{"type":"Feature","geometry":{"type":"Polygon","coordinates":[[[78.33387697266662,10.300866696286159],[78.28035539992653,10.129022397217296],[78.02039347518902,10.184012572919332],[77.71302672888173,10.02591581777598],[77.47600262103282,9.562623587486327],[77.53717013273577,9.66023114935744],[78.01427672401873,9.639609833469176],[78.13661174742461,9.761962974406208],[78.15190362535036,9.87469283459538],[78.4562119960725,9.968176133288843],[78.37822341865125,10.310489977034015],[78.33387697266662,10.300866696286159]]]},"properties":{"district":"Madurai","state":"Tamil Nadu"}},
{"type":"Feature","geometry":{"type":"Polygon","coordinates":[[[77.2680330812428,10.122148625254543],[77.16710668693295,9.61211474561816],[77.40260160698928,9.525505218887453],[77.47600262103282,9.562623587486327],[77.71302672888173,10.02591581777598],[77.61821708574216,10.214257169555452],[77.2680330812428,10.122148625254543]]]},"properties":{"district":"Theni","state":"Tamil Nadu"}},
{"type":"Feature","geometry":{"type":"Polygon","coordinates":[[[77.47600262103282,9.562623587486327],[77.40260160698928,9.525505218887453],[77.33990490749376,9.419649130661034],[77.8475952546282,9.245055322807069],[78.05709398221079,9.363284200566447],[78.28035539992653,9.284923200191045],[78.42868661580617,9.609365236833057],[78.13661174742461,9.761962974406208],[78.01427672401873,9.639609833469176],[77.53717013273577,9.66023114935744],[77.47600262103282,9.562623587486327]]]},"properties":{"district":"Virudhunagar","state":"Tamil Nadu"}},
{"type":"Feature","geometry":{"type":"Polygon","coordinates":[[[77.8475952546282,9.245055322807069],[77.70232241433371,9.06358774299035],[77.80477799643614,8.87799589999598],[77.85065363021334,8.35696398521919],[77.9699302780341,8.334967914938375],[78.1427284985949,8.501313196437033],[78.1717830666538,8.883494917566184],[78.38434016982154,9.09383233962647],[78.28035539992653,9.284923200191045],[78.05709398221079,9.363284200566447],[77.8475952546282,9.245055322807069]]]},"properties":{"district":"Thoothukkudi","state":"Tamil Nadu"}},
{"type":"Feature","geometry":{"type":"Polygon","coordinates":[[[77.58916251768326,8.139752791196148],[77.43930211401106,8.506812214007237],[77.26956226903538,8.578299442419883],[77.09829323626714,8.292350528769298],[77.44541886518135,8.094385896241969],[77.58916251768326,8.139752791196148]]]},"properties":{"district":"Kanyakumari","state":"Tamil Nadu"}},
{"type":"Feature","geometry":{"type":"Polygon","coordinates":[[[79.17187188299695,12.03030772211519],[79.43183380773446,11.782851931456026],[79.68567898130168,11.880459493327141],[79.84012694835161,11.956070984917439],[80.0083376055347,12.254392688100985],[79.63980334752448,12.345126478009345],[79.23151020690732,12.442734039880458],[79.17187188299695,12.03030772211519]]]},"properties":{"district":"Viluppuram","state":"Tamil Nadu"}},
{"type":"Feature","geometry":{"type":"Polygon","coordinates":[[[79.1688135074118,11.378674140046062],[79.36760792044637,11.418542017430038],[79.45783000020822,11.150464910882615],[79.52664345087402,11.183459016303836],[79.81260156808528,11.424041035000243],[79.80801400470757,11.844715879120816],[79.68567898130168,11.880459493327141],[79.43183380773446,11.782851931456026],[79.38442898616468,11.68112010640726],[78.87826782682282,11.507901052945847],[79.1688135074118,11.378674140046062]]]},"properties":{"district":"Cuddalore","state":"Tamil Nadu"}},
{"type":"Feature","geometry":{"type":"Polygon","coordinates":[[[78.50514600543485,10.376478187876458],[78.70852798184714,10.175764046564026],[78.91343914605201,10.144144695535356],[78.99142772347327,9.943430554222925],[79.1168211224643,9.849947255529464],[79.2269226435296,10.137270923572602],[79.06941630089452,10.672050382274902],[78.8736802634451,10.705044487696123],[78.45927037165765,10.611561189002662],[78.50514600543485,10.376478187876458]]]},"properties":{"district":"Pudukkottai","state":"Tamil Nadu"}},
{"type":"Feature","geometry":{"type":"Polygon","coordinates":[[[78.37822341865125,10.310489977034015],[78.4562119960725,9.968176133288843],[78.15190362535036,9.87469283459538],[78.13661174742461,9.761962974406208],[78.42868661580617,9.609365236833057],[78.65653559689964,9.546126534775716],[78.72534904756546,9.711097061881823],[78.99142772347327,9.943430554222925],[78.91343914605201,10.144144695535356],[78.70852798184714,10.175764046564026],[78.50514600543485,10.376478187876458],[78.37822341865125,10.310489977034015]]]},"properties":{"district":"Sivaganga","state":"Tamil Nadu"}},
{"type":"Feature","geometry":{"type":"Polygon","coordinates":[[[78.28035539992653,9.284923200191045],[78.38434016982154,9.09383233962647],[79.06482873751679,9.298670744116555],[78.89967645591885,9.469140288792866],[79.1168211224643,9.849947255529464],[78.99142772347327,9.943430554222925],[78.72534904756546,9.711097061881823],[78.65653559689964,9.546126534775716],[78.42868661580617,9.609365236833057],[78.28035539992653,9.284923200191045]]]},"properties":{"district":"Ramanathapuram","state":"Tamil Nadu"}},
{"type":"Feature","geometry":{"type":"MultiPolygon","coordinates":[[[[79.47159269034137,10.315988994604218],[79.76825512210065,10.271996854042591],[79.87223989199566,10.359981135165848],[79.84930207510706,10.827397628633154],[79.72390867611603,10.92912945368192],[79.65203684986506,10.824648119848051],[79.63062822076903,10.377852942269008],[79.50064725840028,10.369604415913704],[79.47159269034137,10.315988994604218]]],[[[79.51593913632601,10.970372085458447],[79.7483756807972,10.996492418916914],[79.85083126289963,10.985494383776505],[79.81260156808528,11.424041035000243],[79.52664345087402,11.183459016303836],[79.51593913632601,10.970372085458447]]]]},"properties":{"district":"Nagapattinam","state":"Tamil Nadu"}},
{"type":"Feature","geometry":{"type":"Polygon","coordinates":[[[78.71770310860259,11.983566072768458],[78.62748102884075,11.869461458186734],[78.84309650759363,11.523023351263907],[78.87826782682282,11.507901052945847],[79.38442898616468,11.68112010640726],[79.43183380773446,11.782851931456026],[79.17187188299695,12.03030772211519],[78.95931477982921,12.068800845106614],[78.71770310860259,11.983566072768458]]]},"properties":{"district":"Kallakurichi","state":"Tamil Nadu"}},
{"type":"Feature","geometry":{"type":"Polygon","coordinates":[[[77.33990490749376,9.419649130661034],[77.28179577137597,9.298670744116555],[77.20380719395472,9.070461514953106],[77.25579957890221,8.87937065438853],[77.56775388858723,8.788636864480171],[77.70232241433371,9.06358774299035],[77.8475952546282,9.245055322807069],[77.33990490749376,9.419649130661034]]]},"properties":{"district":"Tenkasi","state":"Tamil Nadu"}},
{"type":"Feature","geometry":{"type":"Polygon","coordinates":[[[77.70232241433371,9.06358774299035],[77.56775388858723,8.788636864480171],[77.25579957890221,8.87937065438853],[77.19921963057699,8.770765057377009],[77.26956226903538,8.578299442419883],[77.43930211401106,8.506812214007237],[77.58916251768326,8.139752791196148],[77.79407368188812,8.163123615869512],[77.9699302780341,8.334967914938375],[77.85065363021334,8.35696398521919],[77.80477799643614,8.87799589999598],[77.70232241433371,9.06358774299035]]]},"properties":{"district":"Tirunelveli","state":"Tamil Nadu"}},
{"type":"Feature","geometry":{"type":"Polygon","coordinates":[[[79.20857239001872,12.78504788362563],[79.29420690640283,13.051750235780506],[79.22845183132218,13.157606324006924],[79.1626967562415,13.020130884751834],[78.89203051695598,13.095742376342134],[78.62136427767045,12.991261042508267],[78.60301402415956,12.84416232250532],[78.78192899589068,12.846911831290422],[78.85838838551936,12.633824900445033],[79.20857239001872,12.78504788362563]]]},"properties":{"district":"Vellore","state":"Tamil Nadu"}},
{"type":"Feature","geometry":{"type":"Polygon","coordinates":[[[79.28350259185483,13.123237464193153],[79.22845183132218,13.157606324006924],[79.29420690640283,13.051750235780506],[79.20857239001872,12.78504788362563],[79.45018406124535,12.670943269043907],[79.56028558231064,12.853785603253176],[79.78966375119668,13.024255147929487],[79.7361421784566,13.16722960475478],[79.28350259185483,13.123237464193153]]]},"properties":{"district":"Ranipet","state":"Tamil Nadu"}},
{"type":"Feature","geometry":{"type":"Polygon","coordinates":[[[78.6473604701442,12.258516951278636],[78.85838838551936,12.633824900445033],[78.78192899589068,12.846911831290422],[78.60301402415956,12.84416232250532],[78.41186555008787,12.626951128482279],[78.43633255476904,12.394617636141177],[78.6473604701442,12.258516951278636]]]},"properties":{"district":"Tirupathur","state":"Tamil Nadu"}},
{"type":"Feature","geometry":{"type":"Polygon","coordinates":[[[79.78966375119668,13.024255147929487],[79.56028558231064,12.853785603253176],[79.74531730521205,12.743805251849103],[79.74378811741948,12.532093075396265],[79.92423227694316,12.63245014605248],[80.08020943178568,13.016006621574181],[79.78966375119668,13.024255147929487]]]},"properties":{"district":"Kancheepuram","state":"Tamil Nadu"}},
{"type":"Feature","geometry":{"type":"Polygon","coordinates":[[[80.08020943178568,13.016006621574181],[79.92423227694316,12.63245014605248],[79.74378811741948,12.532093075396265],[79.63980334752448,12.345126478009345],[80.0083376055347,12.254392688100985],[80.13831856790347,12.411114688851786],[80.24994927676134,12.857909866430829],[80.12761425335545,13.033878428677344],[80.08020943178568,13.016006621574181]]]},"properties":{"district":"Chengalpattu","state":"Tamil Nadu"}},
{"type":"Feature","geometry":{"type":"Polygon","coordinates":[[[76.78175136320439,21.55873041688546],[76.07679579082797,21.57247796081097],[75.98657371106613,21.36901431071344],[76.38263334934268,21.076191625100094],[76.66247471538367,21.281030029590177],[76.78175136320439,21.55873041688546]]]},"properties":{"district":"Burhanpur","state":"Madhya Pradesh"}},
{"type":"Feature","geometry":{"type":"Polygon","coordinates":[[[80.66130079296364,21.333270696507114],[80.42274749732216,21.440501539126082],[80.26829953027223,21.61784485576515],[79.91811552577286,21.52436155707169],[79.82483507042588,21.272781503234874],[80.06338836606736,21.201294274822228],[80.07103430503022,20.956587992948165],[79.86306476524022,20.781994185094206],[79.98234141306096,20.677512851260335],[80.24230333779848,20.65551678097952],[80.33252541756032,20.820487308085628],[80.56190358644636,20.823236816870732],[80.46403556772165,21.17517394136376],[80.66130079296364,21.333270696507114]]]},"properties":{"district":"Gondia","state":"Maharashtra"}},
{"type":"Feature","geometry":{"type":"Polygon","coordinates":[[[79.91811552577286,21.52436155707169],[79.73920055404176,21.602722557447088],[79.53887695321461,21.540858609782298],[79.4761802537191,21.428128749593128],[79.65509522545021,20.964836519303475],[79.51899751191115,20.714631219859207],[79.93340740369861,20.67338858808268],[79.98234141306096,20.677512851260335],[79.86306476524022,20.781994185094206],[80.07103430503022,20.956587992948165],[80.06338836606736,21.201294274822228],[79.82483507042588,21.272781503234874],[79.91811552577286,21.52436155707169]]]},"properties":{"district":"Bhandara","state":"Maharashtra"}},
{"type":"Feature","geometry":{"type":"Polygon","coordinates":[[[75.98657371106613,21.36901431071344],[75.60886432630045,21.389635626601702],[75.21127550023131,21.411631696882516],[74.89473362716856,21.149053607905294],[74.98648489472299,20.738002044532575],[74.8121574863696,20.632145956306154],[74.80145317182158,20.445179358919233],[74.93449250977548,20.27058555106527],[75.22656737815704,20.494670517051066],[76.00645315236959,20.647268254624215],[75.98504452327356,20.761372869205942],[76.16395949500466,21.036323747716118],[76.38263334934268,21.076191625100094],[75.98657371106613,21.36901431071344]]]},"properties":{"district":"Jalgaon","state":"Maharashtra"}},
{"type":"Feature","geometry":{"type":"Polygon","coordinates":[[[83.26856597930164,21.37726283706874],[82.93367385272802,21.49686646922067],[82.69664974487911,21.330521187722013],[82.38928299857182,21.261783468094468],[82.1935469611224,21.378637591461292],[81.98863579691754,21.08306539706285],[82.33881980141689,20.874102729395112],[82.4596256370302,20.825986325655833],[82.63854060876132,21.088564414633055],[82.96578679637207,21.17517394136376],[83.19210658967296,21.139430327157434],[83.26856597930164,21.37726283706874]]]},"properties":{"district":"Mahasamund","state":"Chhattisgarh"}},
{"type":"Feature","geometry":{"type":"Polygon","coordinates":[[[78.25130083186764,21.330521187722013],[78.07850261130682,21.355266766787928],[78.1427284985949,20.953838484163064],[78.27423864875624,20.692635149578393],[78.79875006160898,20.29945539330884],[79.13211300039004,20.457552148452194],[79.22080589235931,20.582654798174325],[78.94249371411091,20.768246641168695],[78.44550768152449,21.23703788902855],[78.25130083186764,21.330521187722013]]]},"properties":{"district":"Wardha","state":"Maharashtra"}},
{"type":"Feature","geometry":{"type":"Polygon","coordinates":[[[76.38263334934268,21.076191625100094],[76.16395949500466,21.036323747716118],[75.98504452327356,20.761372869205942],[76.00645315236959,20.647268254624215],[75.9758693965181,20.531788885649938],[76.14102167811606,20.30083014770139],[76.098204419924,19.85678447890745],[76.53708131639263,19.848535952552144],[76.63953689849505,19.866407759655306],[76.66859146655395,20.126236339847424],[76.81998105801874,20.280208831813127],[76.70835034916087,20.50016953462127],[76.77410542424153,20.775120413131447],[76.78328055099698,21.193045748466922],[76.66247471538367,21.281030029590177],[76.38263334934268,21.076191625100094]]]},"properties":{"district":"Buldhana","state":"Maharashtra"}},
{"type":"Feature","geometry":{"type":"Polygon","coordinates":[[[72.77527934666155,20.13173535741763],[72.96184025735553,20.208721603400477],[73.04288721036193,20.325575726767305],[73.21109786754502,20.120737322277222],[73.24932756235937,20.122112076669772],[73.4160090317499,20.204597340222826],[73.40683390499444,20.62389742995085],[73.0734709662134,20.600526605277487],[72.85479711187537,20.750374834065532],[72.88691005551942,20.461676411629846],[72.82880091940163,20.368193112936382],[72.77527934666155,20.13173535741763]]]},"properties":{"district":"Valsad","state":"Gujarat"}},
{"type":"Feature","geometry":{"type":"Polygon","coordinates":[[[76.81998105801874,20.280208831813127],[77.18239856485869,20.398437709572505],[77.33990490749376,20.57578102621157],[77.6105711467793,20.718755483036862],[77.5295241937729,20.849357150329197],[77.1288769921186,20.86310469425471],[77.16710668693295,21.242536906598755],[76.78328055099698,21.193045748466922],[76.77410542424153,20.775120413131447],[76.70835034916087,20.50016953462127],[76.81998105801874,20.280208831813127]]]},"properties":{"district":"Akola","state":"Maharashtra"}},
{"type":"Feature","geometry":{"type":"Polygon","coordinates":[[[86.62207480841556,20.79574172901971],[86.80557734352439,20.735252535747474],[86.97684637629264,20.860355185469604],[86.85909891626447,21.213667064355185],[86.51503166293541,21.135306063979783],[86.36670044705576,21.23703788902855],[86.28565349404937,21.015702431827854],[86.36058369588548,20.847982395936647],[86.62207480841556,20.79574172901971]]]},"properties":{"district":"Bhadrak","state":"Odisha"}},
{"type":"Feature","geometry":{"type":"Polygon","coordinates":[[[85.71220807183427,21.138055572764884],[85.39413701097895,21.183422467719065],[85.23051391717358,21.072067361922443],[85.25498092185475,20.79574172901971],[85.12652914727857,20.615648903595545],[85.25192254626961,20.518041341724434],[85.58528548505066,20.51391707854678],[85.91559004824656,20.700883675933703],[85.71220807183427,21.138055572764884]]]},"properties":{"district":"Dhenkanal","state":"Odisha"}},
{"type":"Feature","geometry":{"type":"Polygon","coordinates":[[[86.28565349404937,21.015702431827854],[86.02722075710443,21.138055572764884],[85.71220807183427,21.138055572764884],[85.91559004824656,20.700883675933703],[86.27953674287907,20.581280043781774],[86.62207480841556,20.79574172901971],[86.36058369588548,20.847982395936647],[86.28565349404937,21.015702431827854]]]},"properties":{"district":"Jajpur","state":"Odisha"}},
{"type":"Feature","geometry":{"type":"Polygon","coordinates":[[[84.2793591101928,20.922219133134398],[83.89400378646425,21.17517394136376],[83.4566560777882,21.05831981799693],[83.66462561757821,20.705007939111354],[83.60192891808269,20.530414131257388],[83.76249363630292,20.780619430701652],[84.26712560785221,20.880976501357868],[84.2793591101928,20.922219133134398]]]},"properties":{"district":"Subarnapur","state":"Odisha"}},
{"type":"Feature","geometry":{"type":"Polygon","coordinates":[[[82.33881980141689,20.874102729395112],[82.43821700793417,20.434181323778827],[82.39845812532727,20.05612386582733],[82.71805837397514,19.988760900592336],[82.82051395607758,20.1661042172314],[82.68441624253852,20.460301657237295],[82.70123730825684,20.72837876378472],[82.63854060876132,21.088564414633055],[82.4596256370302,20.825986325655833],[82.33881980141689,20.874102729395112]]]},"properties":{"district":"Nuapada","state":"Odisha"}},
{"type":"Feature","geometry":{"type":"Polygon","coordinates":[[[83.4566560777882,21.05831981799693],[83.4046636928407,20.889225027713174],[82.9810786742978,20.845232887151546],[82.70123730825684,20.72837876378472],[82.68441624253852,20.460301657237295],[82.82051395607758,20.1661042172314],[83.14470176810318,20.1688537260165],[83.421484758559,20.402561972750156],[83.65086292744505,20.388814428824645],[83.66615480537078,20.42180853424587],[83.60192891808269,20.530414131257388],[83.66462561757821,20.705007939111354],[83.4566560777882,21.05831981799693]]]},"properties":{"district":"Balangir","state":"Odisha"}},
{"type":"Feature","geometry":{"type":"Polygon","coordinates":[[[74.8121574863696,20.632145956306154],[74.53843287149891,20.83698436079624],[73.94204963239521,20.83973386958134],[73.74478440715322,20.564782991071162],[73.47411816786769,20.720130237429416],[73.40683390499444,20.62389742995085],[73.4160090317499,20.204597340222826],[73.24932756235937,20.122112076669772],[73.40683390499444,20.019005497228456],[73.48482248241571,19.724808057222564],[73.61633263257704,19.585957863574922],[74.37328058990097,19.801794303205412],[74.31822982936832,19.98463663741468],[74.66994302166025,19.946143514423255],[74.71428946764489,20.134484866202733],[74.93449250977548,20.27058555106527],[74.80145317182158,20.445179358919233],[74.8121574863696,20.632145956306154]]]},"properties":{"district":"Nashik","state":"Maharashtra"}},
{"type":"Feature","geometry":{"type":"Polygon","coordinates":[[[83.60192891808269,20.530414131257388],[83.66615480537078,20.42180853424587],[83.8741243451608,20.582654798174325],[84.22583753745272,20.581280043781774],[84.51026646687141,20.3956882007874],[84.76717001602378,20.603276114062588],[84.36040606319919,20.765497132383594],[84.26712560785221,20.880976501357868],[83.76249363630292,20.780619430701652],[83.60192891808269,20.530414131257388]]]},"properties":{"district":"Boudh","state":"Odisha"}},
{"type":"Feature","geometry":{"type":"Polygon","coordinates":[[[79.98234141306096,20.677512851260335],[79.93340740369861,20.67338858808268],[79.98998735202383,20.04512583068692],[79.73767136624919,19.815541847130923],[79.806484816915,19.579084091612167],[79.97775384968324,19.398991266188],[79.92881984032088,19.158409247491594],[79.91352796239515,18.825718684494277],[80.11843912660001,18.679994718883883],[80.2759454692351,18.71986259626786],[80.27135790585737,18.942572807861104],[80.48238582123253,19.33712731852321],[80.85244926703534,19.364622406374227],[80.8952665252274,19.519969652732478],[80.67200510751165,19.702811986941747],[80.46862313109936,19.82653988227133],[80.54508252072804,20.10011600638896],[80.62612947373445,20.33244949873006],[80.56190358644636,20.823236816870732],[80.33252541756032,20.820487308085628],[80.24230333779848,20.65551678097952],[79.98234141306096,20.677512851260335]]]},"properties":{"district":"Gadchiroli","state":"Maharashtra"}},
{"type":"Feature","geometry":{"type":"Polygon","coordinates":[[[76.63953689849505,19.866407759655306],[77.03559653677162,20.00800746208805],[77.28485414696112,19.909025145824383],[77.37201785113781,20.04650058507947],[77.67020947068967,20.10149076078151],[77.57387063975753,20.399812463965056],[77.65033002938621,20.564782991071162],[77.6105711467793,20.718755483036862],[77.33990490749376,20.57578102621157],[77.18239856485869,20.398437709572505],[76.81998105801874,20.280208831813127],[76.66859146655395,20.126236339847424],[76.63953689849505,19.866407759655306]]]},"properties":{"district":"Washim","state":"Maharashtra"}},
{"type":"Feature","geometry":{"type":"Polygon","coordinates":[[[85.12652914727857,20.615648903595545],[84.84821696903018,20.527664622472287],[85.32991112369086,20.278834077420576],[85.623515179865,20.292581621346084],[85.7856090858778,20.434181323778827],[86.0807423298445,20.10424026956661],[86.18166872415436,20.05337435704223],[86.2489529870276,20.36544360415128],[86.27953674287907,20.581280043781774],[85.91559004824656,20.700883675933703],[85.58528548505066,20.51391707854678],[85.25192254626961,20.518041341724434],[85.12652914727857,20.615648903595545]]]},"properties":{"district":"Cuttack","state":"Odisha"}},
{"type":"Feature","geometry":{"type":"Polygon","coordinates":[[[79.51899751191115,20.714631219859207],[79.22080589235931,20.582654798174325],[79.13211300039004,20.457552148452194],[78.79875006160898,20.29945539330884],[79.10764599570885,20.0093822164806],[79.07247467647966,19.818291355916024],[78.84156731980104,19.761926425821436],[78.93637696294061,19.5502142493686],[79.25291883600335,19.592831635537678],[79.47159269034137,19.500723091236765],[79.806484816915,19.579084091612167],[79.73767136624919,19.815541847130923],[79.98998735202383,20.04512583068692],[79.93340740369861,20.67338858808268],[79.51899751191115,20.714631219859207]]]},"properties":{"district":"Chandrapur","state":"Maharashtra"}},
{"type":"Feature","geometry":{"type":"Polygon","coordinates":[[[78.27423864875624,20.692635149578393],[77.77878180396239,20.540037412005248],[77.65033002938621,20.564782991071162],[77.57387063975753,20.399812463965056],[77.67020947068967,20.10149076078151],[77.37201785113781,20.04650058507947],[77.28485414696112,19.909025145824383],[77.45765236752193,19.682190671053483],[77.79866124526585,19.449857178712385],[78.06779829675881,19.458105705067688],[78.18860413237212,19.558462775723903],[77.86288713255394,19.745429373110827],[77.95310921231578,19.909025145824383],[78.30635159240029,19.911774654609488],[78.43174499139133,19.814167092738373],[78.84156731980104,19.761926425821436],[79.07247467647966,19.818291355916024],[79.10764599570885,20.0093822164806],[78.79875006160898,20.29945539330884],[78.27423864875624,20.692635149578393]]]},"properties":{"district":"Yavatmal","state":"Maharashtra"}},
{"type":"Feature","geometry":{"type":"Polygon","coordinates":[[[83.65086292744505,20.388814428824645],[83.71050125135541,20.10149076078151],[83.49641496039511,19.959891058348767],[83.618749983801,19.814167092738373],[83.93987942024145,19.635449021706755],[84.23348347641559,19.573585074041965],[84.18454946705323,19.8609087420851],[84.5867258565001,20.17435274358671],[84.51026646687141,20.3956882007874],[84.22583753745272,20.581280043781774],[83.8741243451608,20.582654798174325],[83.66615480537078,20.42180853424587],[83.65086292744505,20.388814428824645]]]},"properties":{"district":"Kandhamal","state":"Odisha"}},
{"type":"Feature","geometry":{"type":"Polygon","coordinates":[[[75.9758693965181,20.531788885649938],[75.76484148114295,20.452053130881986],[75.59204326058213,20.006632707695495],[75.65473996007765,19.907650391431833],[75.6058059507153,19.38524372226249],[75.91164350923002,19.392117494225246],[76.2083059409893,19.273888616465868],[76.44227167325306,19.54059096862074],[76.51261431171145,19.825165127878776],[76.53708131639263,19.848535952552144],[76.098204419924,19.85678447890745],[76.14102167811606,20.30083014770139],[75.9758693965181,20.531788885649938]]]},"properties":{"district":"Jalna","state":"Maharashtra"}},
{"type":"Feature","geometry":{"type":"Polygon","coordinates":[[[84.51026646687141,20.3956882007874],[84.5867258565001,20.17435274358671],[84.70447331652827,20.278834077420576],[84.93996823658459,19.898027110683977],[85.41860401566014,19.92414744414244],[85.32991112369086,20.278834077420576],[84.84821696903018,20.527664622472287],[84.76717001602378,20.603276114062588],[84.51026646687141,20.3956882007874]]]},"properties":{"district":"Nayagarh","state":"Odisha"}},
{"type":"Feature","geometry":{"type":"Polygon","coordinates":[[[80.67200510751165,19.702811986941747],[80.8432741402799,19.94751826881581],[81.08488581150652,19.7069362501194],[81.37390230430294,19.7797982329246],[81.29132616350397,20.021755006013557],[81.5849302196781,20.194974059474973],[81.81430838856414,20.16747897162395],[81.69197336515825,20.48092297312556],[81.41060281132471,20.553784955930755],[81.14911169879463,20.37644163929169],[80.99160535615954,20.458926902844745],[80.54508252072804,20.10011600638896],[80.46862313109936,19.82653988227133],[80.67200510751165,19.702811986941747]]]},"properties":{"district":"Uttar Bastar Kanker","state":"Chhattisgarh"}},
{"type":"Feature","geometry":{"type":"Polygon","coordinates":[[[85.32991112369086,20.278834077420576],[85.41860401566014,19.92414744414244],[84.93996823658459,19.898027110683977],[85.1831090956038,19.67256739030563],[85.67856594039765,20.067121900967734],[86.0807423298445,20.10424026956661],[85.7856090858778,20.434181323778827],[85.623515179865,20.292581621346084],[85.32991112369086,20.278834077420576]]]},"properties":{"district":"Khordha","state":"Odisha"}},
{"type":"Feature","geometry":{"type":"Polygon","coordinates":[[[82.71805837397514,19.988760900592336],[82.59419416277669,19.775673969746947],[82.56666878251036,19.544715231798396],[82.85568527530677,19.205150896838326],[82.8709771532325,19.195527616090466],[83.06977156626706,19.561212284509004],[83.18598983850266,19.456730950675137],[83.45359770220304,19.73718084675552],[83.49641496039511,19.959891058348767],[83.71050125135541,20.10149076078151],[83.65086292744505,20.388814428824645],[83.421484758559,20.402561972750156],[83.14470176810318,20.1688537260165],[82.82051395607758,20.1661042172314],[82.71805837397514,19.988760900592336]]]},"properties":{"district":"Kalahandi","state":"Odisha"}},
{"type":"Feature","geometry":{"type":"Polygon","coordinates":[[[86.18166872415436,20.05337435704223],[86.36975882264092,19.98188712862958],[86.7765227754655,20.33519900751516],[86.2489529870276,20.36544360415128],[86.18166872415436,20.05337435704223]]]},"properties":{"district":"Jagatsinghpur","state":"Odisha"}},
{"type":"Feature","geometry":{"type":"Polygon","coordinates":[[[86.0807423298445,20.10424026956661],[85.67856594039765,20.067121900967734],[85.1831090956038,19.67256739030563],[85.17240478105577,19.467728985815548],[85.67856594039765,19.745429373110827],[86.36975882264092,19.98188712862958],[86.18166872415436,20.05337435704223],[86.0807423298445,20.10424026956661]]]},"properties":{"district":"Puri","state":"Odisha"}},
{"type":"Feature","geometry":{"type":"Polygon","coordinates":[[[73.61633263257704,19.585957863574922],[73.77995572638241,19.386618476655045],[74.21883262285104,19.20240138805322],[74.1744861768664,19.03193184337691],[74.57819175410583,18.549393051591544],[74.83203692767304,18.334931366353608],[75.31220189454116,18.520523209347978],[75.58439732161926,18.69649177159449],[75.38101534520698,18.76935375439969],[75.15622473969866,18.641501595892457],[74.82439098871018,18.932949527113244],[74.94213844873835,19.133663668425676],[75.28467651427484,19.03468135216201],[75.52017143433117,19.27801287964352],[75.47582498834655,19.42648635403902],[74.88402931262056,19.65607033759502],[74.66994302166025,19.946143514423255],[74.31822982936832,19.98463663741468],[74.37328058990097,19.801794303205412],[73.61633263257704,19.585957863574922]]]},"properties":{"district":"Ahmednagar","state":"Maharashtra"}},
{"type":"Feature","geometry":{"type":"Polygon","coordinates":[[[82.59419416277669,19.775673969746947],[82.44586294689704,19.910399900216934],[82.01769036497643,20.049250093864575],[81.87547590026709,20.051999602649676],[81.8693591490968,19.902151373861628],[82.06509518654622,19.79079626806501],[82.02839467952444,19.507596863199524],[82.18895939774467,19.42786110843157],[82.20578046346299,19.12129087889272],[82.51773477314799,19.20240138805322],[82.85568527530677,19.205150896838326],[82.56666878251036,19.544715231798396],[82.59419416277669,19.775673969746947]]]},"properties":{"district":"Nabarangapur","state":"Odisha"}},
{"type":"Feature","geometry":{"type":"Polygon","coordinates":[[[76.53708131639263,19.848535952552144],[76.51261431171145,19.825165127878776],[76.91173232557315,19.642322793669507],[76.84903562607764,19.508971617592074],[77.08453054613398,19.10891808935976],[77.46988586986252,19.492474564881462],[77.45765236752193,19.682190671053483],[77.28485414696112,19.909025145824383],[77.03559653677162,20.00800746208805],[76.63953689849505,19.866407759655306],[76.53708131639263,19.848535952552144]]]},"properties":{"district":"Hingoli","state":"Maharashtra"}},
{"type":"Feature","geometry":{"type":"Polygon","coordinates":[[[83.49641496039511,19.959891058348767],[83.45359770220304,19.73718084675552],[83.18598983850266,19.456730950675137],[83.06977156626706,19.561212284509004],[82.8709771532325,19.195527616090466],[83.34808374451546,19.018184299451402],[83.66309642978564,19.099294808611905],[83.75637688513262,18.91095345683243],[83.79307739215439,19.018184299451402],[84.03315987558844,19.132288914033126],[83.93987942024145,19.635449021706755],[83.618749983801,19.814167092738373],[83.49641496039511,19.959891058348767]]]},"properties":{"district":"Rayagada","state":"Odisha"}},
{"type":"Feature","geometry":{"type":"Polygon","coordinates":[[[77.45765236752193,19.682190671053483],[77.46988586986252,19.492474564881462],[77.08453054613398,19.10891808935976],[76.9897209029944,18.828468193279377],[77.04630085131963,18.682744227668984],[77.2680330812428,18.612631753648888],[77.26497470565766,18.422915647476863],[77.55093282286893,18.292313980184527],[77.59680845664613,18.549393051591544],[77.73902292135548,18.5562668235543],[77.94852164893805,18.84359049159744],[77.79713205747328,19.073174475153436],[77.86288713255394,19.304133213101988],[78.19319169574985,19.316506002634945],[78.30940996798543,19.48147652974105],[78.30635159240029,19.911774654609488],[77.95310921231578,19.909025145824383],[77.86288713255394,19.745429373110827],[78.18860413237212,19.558462775723903],[78.06779829675881,19.458105705067688],[77.79866124526585,19.449857178712385],[77.45765236752193,19.682190671053483]]]},"properties":{"district":"Nanded","state":"Maharashtra"}},
{"type":"Feature","geometry":{"type":"Polygon","coordinates":[[[80.85244926703534,19.364622406374227],[81.12923225749117,19.256016809362706],[81.34331854845146,19.319255511420046],[81.48553301316082,19.68768968862369],[81.37390230430294,19.7797982329246],[81.08488581150652,19.7069362501194],[80.8432741402799,19.94751826881581],[80.67200510751165,19.702811986941747],[80.8952665252274,19.519969652732478],[80.85244926703534,19.364622406374227]]]},"properties":{"district":"Narayanpur","state":"Chhattisgarh"}},
{"type":"Feature","geometry":{"type":"Polygon","coordinates":[[[76.2083059409893,19.273888616465868],[76.47744299248225,18.953570843001508],[76.72211303929403,18.750107192903975],[76.9897209029944,18.828468193279377],[77.08453054613398,19.10891808935976],[76.84903562607764,19.508971617592074],[76.91173232557315,19.642322793669507],[76.51261431171145,19.825165127878776],[76.44227167325306,19.54059096862074],[76.2083059409893,19.273888616465868]]]},"properties":{"district":"Parbhani","state":"Maharashtra"}},
{"type":"Feature","geometry":{"type":"Polygon","coordinates":[[[73.77995572638241,19.386618476655045],[73.5261105528152,19.129539405248025],[73.36860421018011,18.795474087858157],[73.4205965951276,18.303312015324934],[73.6530331395988,18.172710348032602],[73.65762070297652,18.029735891207306],[73.90534912537345,18.15896280410709],[74.70970190426716,18.029735891207306],[75.05223996980365,17.904633241485175],[75.02165621395218,18.18920740074321],[74.83203692767304,18.334931366353608],[74.57819175410583,18.549393051591544],[74.1744861768664,19.03193184337691],[74.21883262285104,19.20240138805322],[73.77995572638241,19.386618476655045]]]},"properties":{"district":"Pune","state":"Maharashtra"}},
{"type":"Feature","geometry":{"type":"Polygon","coordinates":[[[75.6058059507153,19.38524372226249],[75.47582498834655,19.42648635403902],[75.52017143433117,19.27801287964352],[75.28467651427484,19.03468135216201],[74.94213844873835,19.133663668425676],[74.82439098871018,18.932949527113244],[75.15622473969866,18.641501595892457],[75.38101534520698,18.76935375439969],[75.58439732161926,18.69649177159449],[76.27406101606996,18.559016332339404],[76.72211303929403,18.750107192903975],[76.47744299248225,18.953570843001508],[76.2083059409893,19.273888616465868],[75.91164350923002,19.392117494225246],[75.6058059507153,19.38524372226249]]]},"properties":{"district":"Beed","state":"Maharashtra"}},
{"type":"Feature","geometry":{"type":"Polygon","coordinates":[[[72.8364468583645,18.864211807485702],[72.95572350618524,18.987939702815282],[72.98019051086641,19.15428498431394],[72.78445447341699,19.264265335718015],[72.8364468583645,18.864211807485702]]]},"properties":{"district":"Mumbai","state":"Maharashtra"}},
{"type":"Feature","geometry":{"type":"Polygon","coordinates":[[[82.85568527530677,19.205150896838326],[82.51773477314799,19.20240138805322],[82.20578046346299,19.12129087889272],[82.2455393460699,18.919201983187737],[82.09109137901996,18.737734403371018],[82.42751269338616,18.486154349534203],[82.77310913450779,18.34180513831636],[83.07741750522995,18.40366908598115],[82.99942892780868,18.608507490471233],[83.41230963180357,18.873835088233555],[83.34808374451546,19.018184299451402],[82.8709771532325,19.195527616090466],[82.85568527530677,19.205150896838326]]]},"properties":{"district":"Koraput","state":"Odisha"}},
{"type":"Feature","geometry":{"type":"Polygon","coordinates":[[[83.75637688513262,18.91095345683243],[83.5377030307946,18.71023931552],[83.66309642978564,18.07922704933914],[84.12796951872801,18.31293529607279],[84.76411164043863,19.074549229545987],[84.70141494094311,19.118541370107618],[84.42310276269471,18.949446579823856],[84.3191179927997,18.7886003158954],[83.8909454108791,18.81609540374642],[83.79307739215439,19.018184299451402],[83.75637688513262,18.91095345683243]]]},"properties":{"district":"Srikakulam","state":"Andhra Pradesh"}},
{"type":"Feature","geometry":{"type":"Polygon","coordinates":[[[83.34808374451546,19.018184299451402],[83.41230963180357,18.873835088233555],[82.99942892780868,18.608507490471233],[83.07741750522995,18.40366908598115],[83.15234770706604,18.19058215513576],[83.00707486677156,18.03523490877751],[83.51935277728371,17.950000136439353],[83.66309642978564,18.07922704933914],[83.5377030307946,18.71023931552],[83.75637688513262,18.91095345683243],[83.66309642978564,19.099294808611905],[83.34808374451546,19.018184299451402]]]},"properties":{"district":"Vizianagaram","state":"Andhra Pradesh"}},
{"type":"Feature","geometry":{"type":"Polygon","coordinates":[[[76.9897209029944,18.828468193279377],[76.72211303929403,18.750107192903975],[76.27406101606996,18.559016332339404],[76.27864857944769,18.10947164597526],[76.59824882809556,18.03111064559986],[76.74046329280492,17.89913422391497],[76.91937826453602,17.915631276625582],[77.26497470565766,18.422915647476863],[77.2680330812428,18.612631753648888],[77.04630085131963,18.682744227668984],[76.9897209029944,18.828468193279377]]]},"properties":{"district":"Latur","state":"Maharashtra"}},
{"type":"Feature","geometry":{"type":"Polygon","coordinates":[[[75.31220189454116,18.520523209347978],[75.4375952935322,18.20432969906127],[75.70520315723257,18.395420559625848],[75.89635163130428,18.358302191026972],[76.01868665471017,17.827646995502324],[76.16548868279723,17.69979483699509],[76.4285089831199,17.643429906900504],[76.68541253227227,17.681923029891927],[76.74046329280492,17.89913422391497],[76.59824882809556,18.03111064559986],[76.27864857944769,18.10947164597526],[76.27406101606996,18.559016332339404],[75.58439732161926,18.69649177159449],[75.31220189454116,18.520523209347978]]]},"properties":{"district":"Osmanabad","state":"Maharashtra"}},
{"type":"Feature","geometry":{"type":"Polygon","coordinates":[[[82.09109137901996,18.737734403371018],[81.89994290494826,18.66074815738817],[81.91064721949628,18.570014367479807],[81.52987945914545,18.240073313267594],[81.39684012119154,17.818023714754467],[81.61704316332215,17.82352273232467],[81.9794606701621,18.013238838496697],[82.31894036011343,18.044858189525364],[82.42751269338616,18.486154349534203],[82.09109137901996,18.737734403371018]]]},"properties":{"district":"Malkangiri","state":"Odisha"}},
{"type":"Feature","geometry":{"type":"Polygon","coordinates":[[[74.83203692767304,18.334931366353608],[75.02165621395218,18.18920740074321],[75.05223996980365,17.904633241485175],[74.70970190426716,18.029735891207306],[74.63630089022362,17.873013890456505],[74.90696712950916,17.626932854189896],[75.03541890408535,17.41934494091471],[74.88555850041313,17.221380308387378],[75.23880088049764,17.215881290817173],[75.60427676292272,17.305240326332985],[75.63333133098162,17.477084625401844],[75.93152295053348,17.323112133436144],[76.07526660303539,17.33685967736165],[76.38263334934268,17.314863607080838],[76.4285089831199,17.643429906900504],[76.16548868279723,17.69979483699509],[76.01868665471017,17.827646995502324],[75.89635163130428,18.358302191026972],[75.70520315723257,18.395420559625848],[75.4375952935322,18.20432969906127],[75.31220189454116,18.520523209347978],[74.83203692767304,18.334931366353608]]]},"properties":{"district":"Solapur","state":"Maharashtra"}},
{"type":"Feature","geometry":{"type":"Polygon","coordinates":[[[82.42751269338616,18.486154349534203],[82.31894036011343,18.044858189525364],[81.9794606701621,18.013238838496697],[82.0023984870507,17.63930564372285],[82.22871828035159,17.63930564372285],[82.34493655258719,17.494956432505006],[82.60336928953213,17.45508855512103],[82.54220177782918,17.248875396238397],[83.1615228338215,17.559569888954897],[83.51935277728371,17.950000136439353],[83.00707486677156,18.03523490877751],[83.15234770706604,18.19058215513576],[83.07741750522995,18.40366908598115],[82.77310913450779,18.34180513831636],[82.42751269338616,18.486154349534203]]]},"properties":{"district":"Visakhapatnam","state":"Andhra Pradesh"}},
{"type":"Feature","geometry":{"type":"Polygon","coordinates":[[[77.26497470565766,18.422915647476863],[76.91937826453602,17.915631276625582],[76.74046329280492,17.89913422391497],[76.68541253227227,17.681923029891927],[77.44388967738877,17.584315468020815],[77.65644678055651,17.969246697935066],[77.60139602002386,18.27581692747392],[77.55093282286893,18.292313980184527],[77.26497470565766,18.422915647476863]]]},"properties":{"district":"Bidar","state":"Karnataka"}},
{"type":"Feature","geometry":{"type":"Polygon","coordinates":[[[73.65762070297652,18.029735891207306],[73.5719861865924,17.875763399241606],[73.56892781100726,17.724540416061007],[73.74478440715322,17.555445625777246],[73.6943212099983,17.261248185771354],[74.03074252436448,17.090778641095042],[74.24635800311736,17.14164455361943],[74.2845876979317,17.42071969530726],[74.68523489958598,17.39459936184879],[74.90696712950916,17.626932854189896],[74.63630089022362,17.873013890456505],[74.70970190426716,18.029735891207306],[73.90534912537345,18.15896280410709],[73.65762070297652,18.029735891207306]]]},"properties":{"district":"Satara","state":"Maharashtra"}},
{"type":"Feature","geometry":{"type":"Polygon","coordinates":[[[73.5719861865924,17.875763399241606],[73.2875572571737,18.070978522983832],[73.04441639815451,17.981619487468024],[73.28908644496629,17.115524220160957],[73.34719558108408,16.529878848934278],[73.46800141669739,16.494135234727953],[73.85182755263337,16.648107726693652],[73.70961308792403,16.82957530651037],[73.83194811132991,17.0247904302526],[73.70655471233887,17.170514395862995],[73.6943212099983,17.261248185771354],[73.74478440715322,17.555445625777246],[73.56892781100726,17.724540416061007],[73.5719861865924,17.875763399241606]]]},"properties":{"district":"Ratnagiri","state":"Maharashtra"}},
{"type":"Feature","geometry":{"type":"Polygon","coordinates":[[[76.4285089831199,17.643429906900504],[76.38263334934268,17.314863607080838],[76.07526660303539,17.33685967736165],[76.44074248546049,16.997295342401582],[76.46215111455652,16.711346428750993],[76.87044425517367,16.895563517352816],[77.16557749914037,16.939555657914447],[77.4591815553145,16.88456548221241],[77.46682749427738,16.954677956232505],[77.37966379010068,17.22275506277993],[77.51270312805458,17.430342976055115],[77.6855013486154,17.51145348521562],[77.44388967738877,17.584315468020815],[76.68541253227227,17.681923029891927],[76.4285089831199,17.643429906900504]]]},"properties":{"district":"Kalaburagi","state":"Karnataka"}},
{"type":"Feature","geometry":{"type":"Polygon","coordinates":[[[74.90696712950916,17.626932854189896],[74.68523489958598,17.39459936184879],[74.2845876979317,17.42071969530726],[74.24635800311736,17.14164455361943],[74.03074252436448,17.090778641095042],[73.6943212099983,17.261248185771354],[73.70655471233887,17.170514395862995],[73.84876917704823,17.15126783436728],[74.06591384359368,16.90243728931557],[74.47420698421082,16.868068429501797],[74.695939214134,16.715470691928648],[75.08894047682541,16.9519284474474],[75.34125646260006,16.956052710625055],[75.66544427462567,16.97942353529842],[75.60427676292272,17.305240326332985],[75.23880088049764,17.215881290817173],[74.88555850041313,17.221380308387378],[75.03541890408535,17.41934494091471],[74.90696712950916,17.626932854189896]]]},"properties":{"district":"Sangli","state":"Maharashtra"}},
{"type":"Feature","geometry":{"type":"Polygon","coordinates":[[[73.85182755263337,16.648107726693652],[73.83194811132991,16.344287005939904],[73.90840750095859,16.13669909266472],[74.20965749609559,15.780637704994037],[74.34575520963465,15.764140652283427],[74.48032373538112,16.249428952853894],[74.31670064157575,16.32641519883674],[74.31517145378317,16.554624428000192],[74.695939214134,16.715470691928648],[74.47420698421082,16.868068429501797],[74.06591384359368,16.90243728931557],[73.84876917704823,17.15126783436728],[73.70655471233887,17.170514395862995],[73.83194811132991,17.0247904302526],[73.70961308792403,16.82957530651037],[73.85182755263337,16.648107726693652]]]},"properties":{"district":"Kolhapur","state":"Maharashtra"}},
{"type":"Feature","geometry":{"type":"Polygon","coordinates":[[[80.83104063793931,15.70640096779629],[81.00842642187786,15.75451737153557],[81.21333758608272,16.208186321077367],[81.55281727603405,16.347036514725005],[81.18887058140153,16.621987393235187],[80.97325510264866,16.62611165641284],[80.99619291953726,16.82820055211782],[80.87691627171652,17.07015732520678],[80.50532363812113,17.06878257081423],[80.56954952540923,16.76771135884558],[80.05574242710449,16.971175008943113],[80.07256349282281,16.817202516977414],[80.13984775569604,16.653606744263858],[80.47168150668452,16.588993287813963],[80.79892769429526,16.282423058275114],[80.8952665252274,15.92223740742678],[80.83104063793931,15.70640096779629]]]},"properties":{"district":"Krishna","state":"Andhra Pradesh"}},
{"type":"Feature","geometry":{"type":"Polygon","coordinates":[[[74.695939214134,16.715470691928648],[74.31517145378317,16.554624428000192],[74.31670064157575,16.32641519883674],[74.48032373538112,16.249428952853894],[74.34575520963465,15.764140652283427],[74.20965749609559,15.780637704994037],[74.11790622854117,15.651410792094254],[74.2784709467614,15.522183879194468],[74.61336307333502,15.358588106480912],[74.73875647232606,15.414953036575499],[74.83050773988047,15.610168160317727],[75.28926407765256,15.69127866947823],[75.45135798366536,15.886493793220456],[75.41924504002131,16.052839074719117],[74.98801408251556,16.452892602951426],[75.38407372079212,16.76358709566793],[75.34125646260006,16.956052710625055],[75.08894047682541,16.9519284474474],[74.695939214134,16.715470691928648]]]},"properties":{"district":"Belagavi","state":"Karnataka"}},
{"type":"Feature","geometry":{"type":"Polygon","coordinates":[[[76.46215111455652,16.711346428750993],[76.33217015218776,16.19443877715186],[77.00960034429787,16.545001147252336],[77.28791252254626,16.4089004623898],[77.41636429712244,16.51750605940132],[77.4591815553145,16.88456548221241],[77.16557749914037,16.939555657914447],[76.87044425517367,16.895563517352816],[76.46215111455652,16.711346428750993]]]},"properties":{"district":"Yadgir","state":"Karnataka"}},
{"type":"Feature","geometry":{"type":"Polygon","coordinates":[[[75.45135798366536,15.886493793220456],[75.84741762194193,15.838377389481176],[75.87647219000083,15.931860688174636],[76.28170695503283,15.902990845931068],[76.23888969684077,16.165568934908286],[75.63333133098162,16.44326932220357],[75.38407372079212,16.76358709566793],[74.98801408251556,16.452892602951426],[75.41924504002131,16.052839074719117],[75.45135798366536,15.886493793220456]]]},"properties":{"district":"Bagalkote","state":"Karnataka"}},
{"type":"Feature","geometry":{"type":"Polygon","coordinates":[[[73.34719558108408,16.529878848934278],[73.51081867488945,15.93735970574484],[73.68514608324284,15.728397038077103],[73.93899125681007,15.742144582002613],[74.11790622854117,15.651410792094254],[74.20965749609559,15.780637704994037],[73.90840750095859,16.13669909266472],[73.83194811132991,16.344287005939904],[73.85182755263337,16.648107726693652],[73.46800141669739,16.494135234727953],[73.34719558108408,16.529878848934278]]]},"properties":{"district":"Sindhudurg","state":"Maharashtra"}},
{"type":"Feature","geometry":{"type":"Polygon","coordinates":[[[80.07256349282281,16.817202516977414],[79.94869928162434,16.635734937160695],[79.67956223013138,16.693474621647834],[79.25750639938107,16.5656224631406],[79.21010157781129,16.356659795472865],[79.21468914118901,16.226058128180526],[79.53734776542204,16.162819426123185],[79.55875639451807,15.948357740885248],[79.86918151641052,15.916738389856576],[79.87835664316596,16.154570899767883],[80.30194166170884,16.055588583504218],[80.41815993394444,15.7985095120972],[80.67965104647453,15.885119038827906],[80.83104063793931,15.70640096779629],[80.8952665252274,15.92223740742678],[80.79892769429526,16.282423058275114],[80.47168150668452,16.588993287813963],[80.13984775569604,16.653606744263858],[80.07256349282281,16.817202516977414]]]},"properties":{"district":"Guntur","state":"Andhra Pradesh"}},
{"type":"Feature","geometry":{"type":"Polygon","coordinates":[[[81.39684012119154,17.818023714754467],[81.08488581150652,17.797402398866204],[80.91055840315315,17.6379308893303],[81.50082489108655,17.4812088885795],[81.61551397552957,17.33136065979145],[81.85865483454877,16.598616568561823],[81.71491118204686,16.311292900518684],[82.3143527967357,16.558748691177847],[82.31894036011343,17.05778453567382],[82.54220177782918,17.248875396238397],[82.60336928953213,17.45508855512103],[82.34493655258719,17.494956432505006],[82.22871828035159,17.63930564372285],[82.0023984870507,17.63930564372285],[81.9794606701621,18.013238838496697],[81.61704316332215,17.82352273232467],[81.39684012119154,17.818023714754467]],[[82.18590102215953,16.737466762209465],[82.27000635075107,16.722344463891403],[82.26694797516593,16.694849376040384],[82.23942259489961,16.7168454463212],[82.19966371229269,16.720969709498853],[82.18590102215953,16.737466762209465]]]},"properties":{"district":"East Godavari","state":"Andhra Pradesh"}},
{"type":"Feature","geometry":{"type":"Polygon","coordinates":[[[76.33217015218776,16.19443877715186],[76.23888969684077,16.165568934908286],[76.28170695503283,15.902990845931068],[76.44685923663079,15.733896055647307],[76.8108059312633,15.546929458260385],[77.02642141001618,15.837002635088623],[77.24815363993935,15.964854793595858],[77.51423231584715,15.927736424996983],[77.50046962571399,16.221933865002875],[77.59375008106099,16.342912251547354],[77.28791252254626,16.4089004623898],[77.00960034429787,16.545001147252336],[76.33217015218776,16.19443877715186]]]},"properties":{"district":"Raichur","state":"Karnataka"}},
{"type":"Feature","geometry":{"type":"Polygon","coordinates":[[[79.21468914118901,16.226058128180526],[78.92261427280745,16.12295154873921],[78.77122468134266,15.665158336019761],[78.75899117900207,15.183994298626947],[79.08317899102768,15.17299626348654],[79.08929574219798,15.047893613764408],[79.26056477496621,15.107008052644098],[80.04045054917876,15.009400490772984],[80.12302668997773,15.368211387228769],[80.41815993394444,15.7985095120972],[80.30194166170884,16.055588583504218],[79.87835664316596,16.154570899767883],[79.86918151641052,15.916738389856576],[79.55875639451807,15.948357740885248],[79.53734776542204,16.162819426123185],[79.21468914118901,16.226058128180526]]]},"properties":{"district":"Prakasam","state":"Andhra Pradesh"}},
{"type":"Feature","geometry":{"type":"Polygon","coordinates":[[[77.02642141001618,15.837002635088623],[77.06312191703795,15.328343509844792],[77.15640237238493,15.14000215806532],[77.66409271951937,15.23486021115133],[77.74819804811092,15.130378877317463],[78.01427672401873,15.112507070214301],[78.13355337183947,14.961284087033702],[78.28953052668197,15.071264438437774],[78.63053940442589,14.925540472827379],[78.75899117900207,15.183994298626947],[78.77122468134266,15.665158336019761],[78.92261427280745,16.12295154873921],[78.74064092549119,16.008846934157486],[78.60148483636699,16.084458425747783],[78.25588839524536,16.008846934157486],[78.24824245628248,15.971728565558612],[78.08309017468454,15.841126898266277],[77.51423231584715,15.927736424996983],[77.24815363993935,15.964854793595858],[77.02642141001618,15.837002635088623]]]},"properties":{"district":"Kurnool","state":"Andhra Pradesh"}},
{"type":"Feature","geometry":{"type":"Polygon","coordinates":[[[75.84741762194193,15.838377389481176],[76.03856609601362,15.76826491546108],[75.82447980505333,15.452071405174372],[75.95140239183694,15.138627403672768],[76.49273487040799,15.344840562555403],[76.8108059312633,15.546929458260385],[76.44685923663079,15.733896055647307],[76.28170695503283,15.902990845931068],[75.87647219000083,15.931860688174636],[75.84741762194193,15.838377389481176]]]},"properties":{"district":"Koppal","state":"Karnataka"}},
{"type":"Feature","geometry":{"type":"Polygon","coordinates":[[[75.28926407765256,15.69127866947823],[75.5538135657678,15.6472865289166],[75.41312828885103,15.299473667601223],[75.41618666443617,15.085011982363284],[75.70061559385486,14.948911297500745],[75.95140239183694,15.138627403672768],[75.82447980505333,15.452071405174372],[76.03856609601362,15.76826491546108],[75.84741762194193,15.838377389481176],[75.45135798366536,15.886493793220456],[75.28926407765256,15.69127866947823]]]},"properties":{"district":"Gadag","state":"Karnataka"}},
{"type":"Feature","geometry":{"type":"Polygon","coordinates":[[[74.11790622854117,15.651410792094254],[73.93899125681007,15.742144582002613],[73.68514608324284,15.728397038077103],[73.76619303624925,15.494688791343451],[73.93440369343234,15.432824843678661],[74.25094556649508,15.491939282558349],[74.2784709467614,15.522183879194468],[74.11790622854117,15.651410792094254]]]},"properties":{"district":"North Goa","state":"Goa"}},
{"type":"Feature","geometry":{"type":"Polygon","coordinates":[[[76.8108059312633,15.546929458260385],[76.49273487040799,15.344840562555403],[75.95140239183694,15.138627403672768],[75.70061559385486,14.948911297500745],[75.75872472997266,14.734449612262804],[75.80154198816471,14.869175542732792],[76.12878817577547,14.869175542732792],[76.18383893630812,14.700080752449033],[76.51108512391887,14.55985580440884],[76.76034273410838,14.988779174884721],[77.15640237238493,15.14000215806532],[77.06312191703795,15.328343509844792],[77.02642141001618,15.837002635088623],[76.8108059312633,15.546929458260385]]]},"properties":{"district":"Ballari","state":"Karnataka"}},
{"type":"Feature","geometry":{"type":"Polygon","coordinates":[[[74.73875647232606,15.414953036575499],[75.08282372565512,15.075388701615427],[75.41618666443617,15.085011982363284],[75.41312828885103,15.299473667601223],[75.5538135657678,15.6472865289166],[75.28926407765256,15.69127866947823],[74.83050773988047,15.610168160317727],[74.73875647232606,15.414953036575499]]]},"properties":{"district":"Dharwad","state":"Karnataka"}},
{"type":"Feature","geometry":{"type":"Polygon","coordinates":[[[74.2784709467614,15.522183879194468],[74.25094556649508,15.491939282558349],[74.32281739274605,15.368211387228769],[74.29682120027229,15.041019841801655],[74.08579328489714,14.900794893761462],[74.26317906883567,14.719327313944746],[74.51549505461031,13.986583222715115],[74.58277931748356,13.926094029442876],[74.6668846460751,13.986583222715115],[74.66535545828253,14.184547855242446],[74.89014606379085,14.216167206271116],[74.90085037833886,14.52961120777272],[75.05071078201108,14.64921483992465],[75.08282372565512,15.075388701615427],[74.73875647232606,15.414953036575499],[74.61336307333502,15.358588106480912],[74.2784709467614,15.522183879194468]]]},"properties":{"district":"Uttara Kannada","state":"Karnataka"}},
{"type":"Feature","geometry":{"type":"Polygon","coordinates":[[[73.93440369343234,15.432824843678661],[73.88394049627742,15.35446384330326],[74.08579328489714,14.900794893761462],[74.29682120027229,15.041019841801655],[74.32281739274605,15.368211387228769],[74.25094556649508,15.491939282558349],[73.93440369343234,15.432824843678661]]]},"properties":{"district":"South Goa","state":"Goa"}},
{"type":"Feature","geometry":{"type":"Polygon","coordinates":[[[75.41618666443617,15.085011982363284],[75.08282372565512,15.075388701615427],[75.05071078201108,14.64921483992465],[75.1883376833427,14.623094506466181],[75.34890240156292,14.388011505339978],[75.53240493667177,14.278031153935906],[75.68991127930684,14.492492839173845],[75.75872472997266,14.734449612262804],[75.70061559385486,14.948911297500745],[75.41618666443617,15.085011982363284]]]},"properties":{"district":"Haveri","state":"Karnataka"}},
{"type":"Feature","geometry":{"type":"Polygon","coordinates":[[[77.15640237238493,15.14000215806532],[76.76034273410838,14.988779174884721],[76.86738587958853,14.969532613389008],[76.76493029748609,14.602473190577918],[77.00501278092014,14.235413767766829],[77.13805211887404,14.337145592815595],[77.36437191217495,14.275281645150805],[77.32155465398289,14.030575363276744],[77.02795059780875,14.062194714305416],[77.00348359312757,14.198295399167954],[76.94843283259492,14.095188819726637],[77.04171328794192,13.932967801405631],[77.43318536284076,13.843608765889822],[77.45612317972936,13.682762501961367],[77.9699302780341,13.959088134864098],[78.1259074328766,13.787243835795236],[78.46538712282793,13.994831749070421],[78.4210406768433,14.28353017150611],[78.28494296330426,14.291778697861416],[78.00051403388557,14.488368575996194],[78.13508255963204,14.694581734878827],[78.13355337183947,14.961284087033702],[78.01427672401873,15.112507070214301],[77.74819804811092,15.130378877317463],[77.66409271951937,15.23486021115133],[77.15640237238493,15.14000215806532]]]},"properties":{"district":"Anantapur","state":"Andhra Pradesh"}},
{"type":"Feature","geometry":{"type":"Polygon","coordinates":[[[80.26829953027223,13.56453362420199],[80.1306726289406,14.228539995804073],[80.19642770402126,14.585976137867307],[80.04045054917876,15.009400490772984],[79.26056477496621,15.107008052644098],[79.08929574219798,15.047893613764408],[79.24221452145534,14.592849909830061],[79.4348921833196,14.243662294122135],[79.44559649786763,13.891725169629105],[79.95634522058721,13.707508081027283],[80.03739217359362,13.538413290743524],[80.26829953027223,13.56453362420199]]]},"properties":{"district":"S.P.S. Nellore","state":"Andhra Pradesh"}},
{"type":"Feature","geometry":{"type":"Polygon","coordinates":[[[76.51108512391887,14.55985580440884],[76.45909273897136,14.451250207397319],[76.13643411473834,14.426504628331404],[76.02939096925819,13.898598941591858],[76.35357878128379,13.57965592252005],[76.62118664498416,13.73362841448575],[76.94843283259492,14.095188819726637],[77.00348359312757,14.198295399167954],[77.00501278092014,14.235413767766829],[76.76493029748609,14.602473190577918],[76.86738587958853,14.969532613389008],[76.76034273410838,14.988779174884721],[76.51108512391887,14.55985580440884]]]},"properties":{"district":"Chitradurga","state":"Karnataka"}},
{"type":"Feature","geometry":{"type":"Polygon","coordinates":[[[75.75872472997266,14.734449612262804],[75.68991127930684,14.492492839173845],[75.53240493667177,14.278031153935906],[75.60427676292272,14.056695696735211],[75.80612955154244,14.097938328511738],[75.8780013777934,13.810614660468602],[76.02939096925819,13.898598941591858],[76.13643411473834,14.426504628331404],[76.45909273897136,14.451250207397319],[76.51108512391887,14.55985580440884],[76.18383893630812,14.700080752449033],[76.12878817577547,14.869175542732792],[75.80154198816471,14.869175542732792],[75.75872472997266,14.734449612262804]]]},"properties":{"district":"Davanagere","state":"Karnataka"}},
{"type":"Feature","geometry":{"type":"Polygon","coordinates":[[[74.6668846460751,13.986583222715115],[74.90849631730173,13.857356309815332],[75.14093286177292,13.461427044760672],[75.41924504002131,13.706133326634733],[75.8780013777934,13.810614660468602],[75.80612955154244,14.097938328511738],[75.60427676292272,14.056695696735211],[75.53240493667177,14.278031153935906],[75.34890240156292,14.388011505339978],[75.1883376833427,14.623094506466181],[75.05071078201108,14.64921483992465],[74.90085037833886,14.52961120777272],[74.89014606379085,14.216167206271116],[74.66535545828253,14.184547855242446],[74.6668846460751,13.986583222715115]]]},"properties":{"district":"Shivamogga","state":"Karnataka"}},
{"type":"Feature","geometry":{"type":"Polygon","coordinates":[[[74.58277931748356,13.926094029442876],[74.77698616714041,13.07099679727622],[75.20515874906101,13.176852885502637],[75.14093286177292,13.461427044760672],[74.90849631730173,13.857356309815332],[74.6668846460751,13.986583222715115],[74.58277931748356,13.926094029442876]]]},"properties":{"district":"Udupi","state":"Karnataka"}},
{"type":"Feature","geometry":{"type":"Polygon","coordinates":[[[76.02939096925819,13.898598941591858],[75.8780013777934,13.810614660468602],[75.41924504002131,13.706133326634733],[75.14093286177292,13.461427044760672],[75.20515874906101,13.176852885502637],[75.51558387095345,13.065497779706014],[75.55840112914551,12.915649550917966],[75.72814097412119,13.183726657465392],[76.36428309583181,13.54666181709883],[76.35357878128379,13.57965592252005],[76.02939096925819,13.898598941591858]]]},"properties":{"district":"Chikkamagaluru","state":"Karnataka"}},
{"type":"Feature","geometry":{"type":"Polygon","coordinates":[[[77.45612317972936,13.682762501961367],[77.38578054127098,13.513667711677607],[77.9347589588049,13.245590605130182],[78.13355337183947,13.28820799129926],[78.19625007133499,13.568657887379644],[78.1259074328766,13.787243835795236],[77.9699302780341,13.959088134864098],[77.45612317972936,13.682762501961367]]]},"properties":{"district":"Chikkaballapura","state":"Karnataka"}},
{"type":"Feature","geometry":{"type":"Polygon","coordinates":[[[75.55840112914551,12.915649550917966],[75.66697346241824,12.697063602502375],[76.01868665471017,12.57058619838769],[76.34287446673578,12.655820970725847],[76.38569172492784,12.84553707689787],[76.63189095953219,13.003633832041224],[76.3703998470021,13.200223710176003],[76.36428309583181,13.54666181709883],[75.72814097412119,13.183726657465392],[75.55840112914551,12.915649550917966]]]},"properties":{"district":"Hassan","state":"Karnataka"}},
{"type":"Feature","geometry":{"type":"Polygon","coordinates":[[[78.23142139056418,12.760302304559715],[78.46691631062052,12.974763989797655],[78.58619295844126,13.275835201766302],[78.36446072851808,13.362444728497008],[78.19625007133499,13.568657887379644],[78.13355337183947,13.28820799129926],[77.9347589588049,13.245590605130182],[77.86594550813909,12.870282655963788],[78.23142139056418,12.760302304559715]]]},"properties":{"district":"Kolar","state":"Karnataka"}},
{"type":"Feature","geometry":{"type":"Polygon","coordinates":[[[77.86594550813909,12.870282655963788],[77.9347589588049,13.245590605130182],[77.38578054127098,13.513667711677607],[77.20380719395472,13.185101411857943],[77.33072978073832,12.974763989797655],[77.48059018441054,13.223594534849369],[77.72526023122232,13.193349938213249],[77.8307741889099,12.866158392786133],[77.86594550813909,12.870282655963788]]]},"properties":{"district":"Bengaluru Rural","state":"Karnataka"}},
{"type":"Feature","geometry":{"type":"Polygon","coordinates":[[[74.77698616714041,13.07099679727622],[74.86873743469482,12.758927550167165],[75.41618666443617,12.499098969975044],[75.67003183800338,12.551339636891978],[75.66697346241824,12.697063602502375],[75.55840112914551,12.915649550917966],[75.51558387095345,13.065497779706014],[75.20515874906101,13.176852885502637],[74.77698616714041,13.07099679727622]]]},"properties":{"district":"Dakshina Kannada","state":"Karnataka"}},
{"type":"Feature","geometry":{"type":"Polygon","coordinates":[[[77.8307741889099,12.866158392786133],[77.72526023122232,13.193349938213249],[77.48059018441054,13.223594534849369],[77.33072978073832,12.974763989797655],[77.60139602002386,12.668193760258806],[77.8307741889099,12.866158392786133]]]},"properties":{"district":"Bengaluru Urban","state":"Karnataka"}},
{"type":"Feature","geometry":{"type":"Polygon","coordinates":[[[74.86873743469482,12.758927550167165],[75.1653998664541,12.089422160994877],[75.4146574766436,12.290136302307308],[75.41618666443617,12.499098969975044],[74.86873743469482,12.758927550167165]]]},"properties":{"district":"Kasaragod","state":"Kerala"}},
{"type":"Feature","geometry":{"type":"Polygon","coordinates":[[[75.66697346241824,12.697063602502375],[75.67003183800338,12.551339636891978],[75.41618666443617,12.499098969975044],[75.4146574766436,12.290136302307308],[75.93611051391119,11.94094868659938],[76.11349629784974,11.979441809590806],[76.1333757391532,12.191153986043643],[75.90858513364488,12.398741899318829],[76.01868665471017,12.57058619838769],[75.66697346241824,12.697063602502375]]]},"properties":{"district":"Kodagu","state":"Karnataka"}},
{"type":"Feature","geometry":{"type":"Polygon","coordinates":[[[77.74666886031835,12.15541037183732],[77.4714150576551,12.243394652960578],[77.3261422173606,12.30800810941047],[77.10899755081515,12.240645144175476],[76.91479070115831,12.026183458937535],[76.57684019899953,11.923076879496218],[76.41321710519416,11.758106352390111],[76.41780466857188,11.671496825659403],[76.84750643828507,11.594510579676554],[76.90867394998801,11.795224720988985],[77.29250008592399,11.808972264914495],[77.67632622185997,11.951946721739787],[77.74666886031835,12.15541037183732]]]},"properties":{"district":"Chamarajanagara","state":"Karnataka"}},
{"type":"Feature","geometry":{"type":"Polygon","coordinates":[[[76.41780466857188,11.671496825659403],[76.41321710519416,11.758106352390111],[76.11349629784974,11.979441809590806],[75.93611051391119,11.94094868659938],[75.79389604920185,11.789725703418782],[75.90858513364488,11.600009597246757],[76.14255086590863,11.450161368458708],[76.23430213346305,11.52714761444156],[76.41780466857188,11.671496825659403]]]},"properties":{"district":"Wayanad","state":"Kerala"}},
{"type":"Feature","geometry":{"type":"Polygon","coordinates":[[[75.79389604920185,11.789725703418782],[75.5538135657678,11.701741422295523],[75.8260089928459,11.122969823031596],[76.08291254199827,11.307186911633416],[76.14255086590863,11.450161368458708],[75.90858513364488,11.600009597246757],[75.79389604920185,11.789725703418782]]]},"properties":{"district":"Kozhikode","state":"Kerala"}},
{"type":"Feature","geometry":{"type":"Polygon","coordinates":[[[76.0691498518651,10.729790066762039],[76.31993664984716,10.936003225644674],[76.44227167325306,11.201330823406998],[76.54778563094064,11.35942757855035],[76.23430213346305,11.52714761444156],[76.14255086590863,11.450161368458708],[76.08291254199827,11.307186911633416],[75.8260089928459,11.122969823031596],[75.95751914300723,10.685797926200411],[76.0691498518651,10.729790066762039]]]},"properties":{"district":"Malappuram","state":"Kerala"}},
{"type":"Feature","geometry":{"type":"Polygon","coordinates":[[[76.44227167325306,11.201330823406998],[76.31993664984716,10.936003225644674],[76.0691498518651,10.729790066762039],[76.46826786572682,10.751786137042853],[76.41321710519416,10.595064136292052],[76.62271583277675,10.37922769666156],[76.8337437481519,10.339359819277584],[76.90714476219543,10.782030733678972],[76.65635796421337,10.938752734429777],[76.7068211613683,11.239823946398422],[76.44227167325306,11.201330823406998]]]},"properties":{"district":"Palakkad","state":"Kerala"}},
{"type":"Feature","geometry":{"type":"Polygon","coordinates":[[[76.8337437481519,10.339359819277584],[76.62271583277675,10.37922769666156],[76.41321710519416,10.595064136292052],[76.46826786572682,10.751786137042853],[76.0691498518651,10.729790066762039],[75.95751914300723,10.685797926200411],[76.21442269215959,10.193635853667189],[76.41474629298673,10.293992924323405],[76.8918528842697,10.259624064509632],[76.8337437481519,10.339359819277584]]]},"properties":{"district":"Thrissur","state":"Kerala"}},
{"type":"Feature","geometry":{"type":"Polygon","coordinates":[[[77.05088841469735,10.262373573294735],[76.62883258394704,9.854071518707118],[76.88726532089198,9.716596079452028],[76.9728998372761,9.466390780007764],[77.20992394512501,9.448518972904601],[77.28179577137597,9.298670744116555],[77.33990490749376,9.419649130661034],[77.40260160698928,9.525505218887453],[77.16710668693295,9.61211474561816],[77.2680330812428,10.122148625254543],[77.28791252254626,10.232128976658615],[77.09064729730427,10.314614240211668],[77.05088841469735,10.262373573294735]]]},"properties":{"district":"Idukki","state":"Kerala"}},
{"type":"Feature","geometry":{"type":"Polygon","coordinates":[[[77.05088841469735,10.262373573294735],[76.8918528842697,10.259624064509632],[76.41474629298673,10.293992924323405],[76.21442269215959,10.193635853667189],[76.28017776724026,9.789458062257225],[76.37345822258725,9.836199711603955],[76.62883258394704,9.854071518707118],[77.05088841469735,10.262373573294735]]]},"properties":{"district":"Ernakulam","state":"Kerala"}},
{"type":"Feature","geometry":{"type":"Polygon","coordinates":[[[76.28017776724026,9.789458062257225],[76.31993664984716,9.482887832718376],[76.47897218027482,9.12270218187004],[76.63342014732476,9.139199234580651],[76.51414349950402,9.40040256916532],[76.39180847609813,9.547501289168267],[76.37345822258725,9.836199711603955],[76.28017776724026,9.789458062257225]]]},"properties":{"district":"Alappuzha","state":"Kerala"}},
{"type":"Feature","geometry":{"type":"Polygon","coordinates":[[[76.62883258394704,9.854071518707118],[76.37345822258725,9.836199711603955],[76.39180847609813,9.547501289168267],[76.51414349950402,9.40040256916532],[76.64259527408021,9.478763569540721],[76.9728998372761,9.466390780007764],[76.88726532089198,9.716596079452028],[76.62883258394704,9.854071518707118]]]},"properties":{"district":"Kottayam","state":"Kerala"}},
{"type":"Feature","geometry":{"type":"Polygon","coordinates":[[[77.28179577137597,9.298670744116555],[77.20992394512501,9.448518972904601],[76.9728998372761,9.466390780007764],[76.64259527408021,9.478763569540721],[76.51414349950402,9.40040256916532],[76.63342014732476,9.139199234580651],[76.93008257908404,9.173568094394422],[77.20380719395472,9.070461514953106],[77.28179577137597,9.298670744116555]]]},"properties":{"district":"Pathanamthitta","state":"Kerala"}},
{"type":"Feature","geometry":{"type":"Polygon","coordinates":[[[77.20380719395472,9.070461514953106],[76.93008257908404,9.173568094394422],[76.63342014732476,9.139199234580651],[76.47897218027482,9.12270218187004],[76.68235415668711,8.776264074947214],[76.81539349464101,8.858749338500267],[77.19921963057699,8.770765057377009],[77.25579957890221,8.87937065438853],[77.20380719395472,9.070461514953106]]]},"properties":{"district":"Kollam","state":"Kerala"}},
{"type":"Feature","geometry":{"type":"Polygon","coordinates":[[[77.09829323626714,8.292350528769298],[77.26956226903538,8.578299442419883],[77.19921963057699,8.770765057377009],[76.81539349464101,8.858749338500267],[76.68235415668711,8.776264074947214],[77.09829323626714,8.292350528769298]]]},"properties":{"district":"Thiruvananthapuram","state":"Kerala"}},
{"type":"Feature","geometry":{"type":"Polygon","coordinates":[[[81.55281727603405,16.347036514725005],[81.71491118204686,16.311292900518684],[81.85865483454877,16.598616568561823],[81.61551397552957,17.33136065979145],[81.50082489108655,17.4812088885795],[80.91055840315315,17.6379308893303],[81.30967641701486,17.409721660166852],[81.1735787034758,17.231003589135234],[80.94114215900461,17.218630799602277],[80.87691627171652,17.07015732520678],[80.99619291953726,16.82820055211782],[80.97325510264866,16.62611165641284],[81.18887058140153,16.621987393235187],[81.55281727603405,16.347036514725005]]]},"properties":{"district":"West Godavari","state":"Andhra Pradesh"}},
{"type":"Feature","geometry":{"type":"Polygon","coordinates":[[[81.12923225749117,19.256016809362706],[81.23627540297132,18.96731838692702],[81.18275383023123,18.54114452523624],[81.36931474092522,18.43253892822472],[81.56963834175237,18.740483912156122],[81.67362311164737,18.65249963103286],[81.50235407887912,19.203776142445776],[81.37543149209552,19.305507967494542],[81.34331854845146,19.319255511420046],[81.12923225749117,19.256016809362706]]]},"properties":{"district":"Dakshin Bastar Dantewada","state":"Chhattisgarh"}},
{"type":"Feature","geometry":{"type":"Polygon","coordinates":[[[82.02839467952444,19.507596863199524],[81.8632423979265,19.55158900376115],[81.53599621031574,19.223022703941485],[81.37543149209552,19.305507967494542],[81.50235407887912,19.203776142445776],[81.67362311164737,18.65249963103286],[81.89994290494826,18.66074815738817],[82.09109137901996,18.737734403371018],[82.2455393460699,18.919201983187737],[82.20578046346299,19.12129087889272],[82.18895939774467,19.42786110843157],[82.02839467952444,19.507596863199524]]]},"properties":{"district":"Bastar","state":"Chhattisgarh"}},
{"type":"Feature","geometry":{"type":"Polygon","coordinates":[[[81.37390230430294,19.7797982329246],[81.48553301316082,19.68768968862369],[81.34331854845146,19.319255511420046],[81.37543149209552,19.305507967494542],[81.53599621031574,19.223022703941485],[81.8632423979265,19.55158900376115],[82.02839467952444,19.507596863199524],[82.06509518654622,19.79079626806501],[81.8693591490968,19.902151373861628],[81.87547590026709,20.051999602649676],[81.81430838856414,20.16747897162395],[81.5849302196781,20.194974059474973],[81.29132616350397,20.021755006013557],[81.37390230430294,19.7797982329246]]]},"properties":{"district":"Kondagaon","state":"Chhattisgarh"}},
{"type":"Feature","geometry":{"type":"Polygon","coordinates":[[[81.98863579691754,21.08306539706285],[81.86630077351164,20.96208701051837],[82.10791244473828,20.291206866953534],[82.01769036497643,20.049250093864575],[82.44586294689704,19.910399900216934],[82.59419416277669,19.775673969746947],[82.71805837397514,19.988760900592336],[82.39845812532727,20.05612386582733],[82.43821700793417,20.434181323778827],[82.33881980141689,20.874102729395112],[81.98863579691754,21.08306539706285]]]},"properties":{"district":"Gariaband","state":"Chhattisgarh"}},
{"type":"Feature","geometry":{"type":"Polygon","coordinates":[[[82.1935469611224,21.378637591461292],[81.6950317407434,21.601347803054537],[81.55434646382663,21.331895942114564],[81.61245559994443,21.02257620379061],[81.86630077351164,20.96208701051837],[81.98863579691754,21.08306539706285],[82.1935469611224,21.378637591461292]]]},"properties":{"district":"Raipur","state":"Chhattisgarh"}},
{"type":"Feature","geometry":{"type":"Polygon","coordinates":[[[81.55434646382663,21.331895942114564],[81.35555205079206,21.5436081185674],[81.20416245932728,21.517487785108933],[81.15522844996491,21.076191625100094],[81.41977793808014,21.00607915108],[81.47177032302766,20.86997846621746],[81.61245559994443,21.02257620379061],[81.55434646382663,21.331895942114564]]]},"properties":{"district":"Durg","state":"Chhattisgarh"}},
{"type":"Feature","geometry":{"type":"Polygon","coordinates":[[[73.48482248241571,19.724808057222564],[72.79821716355015,19.304133213101988],[72.78445447341699,19.264265335718015],[72.98019051086641,19.15428498431394],[72.95572350618524,18.987939702815282],[73.5261105528152,19.129539405248025],[73.77995572638241,19.386618476655045],[73.61633263257704,19.585957863574922],[73.48482248241571,19.724808057222564]]]},"properties":{"district":"Thane","state":"Maharashtra"}},
{"type":"Feature","geometry":{"type":"Polygon","coordinates":[[[78.84156731980104,19.761926425821436],[78.43174499139133,19.814167092738373],[78.30635159240029,19.911774654609488],[78.30940996798543,19.48147652974105],[78.19319169574985,19.316506002634945],[78.38892773319927,19.176281054594753],[78.67488585041053,19.316506002634945],[78.8553300099342,19.27801287964352],[78.93637696294061,19.5502142493686],[78.84156731980104,19.761926425821436]]]},"properties":{"district":"Adilabad","state":"Telangana"}},
{"type":"Feature","geometry":{"type":"Polygon","coordinates":[[[78.52808382232345,17.373978045960527],[78.40727798671014,17.438591502410418],[78.45162443269479,17.323112133436144],[78.52808382232345,17.373978045960527]]]},"properties":{"district":"Hyderabad","state":"Telangana"}},
{"type":"Feature","geometry":{"type":"Polygon","coordinates":[[[79.3018528453657,18.81609540374642],[78.94708127748862,19.073174475153436],[78.53572976128633,18.948071825431306],[78.67029828703281,18.623629788789295],[78.95778559203664,18.576888139442566],[79.110704371294,18.66074815738817],[79.3018528453657,18.81609540374642]]]},"properties":{"district":"Jagtial","state":"Telangana"}},
{"type":"Feature","geometry":{"type":"Polygon","coordinates":[[[79.51440994853344,17.794652890081103],[79.22845183132218,17.991242768215884],[78.8675635122748,17.824897486717223],[79.37066629603152,17.48258364297205],[79.53887695321461,17.523826274748576],[79.57251908465123,17.621433836619687],[79.51440994853344,17.794652890081103]]]},"properties":{"district":"Jangaon","state":"Telangana"}},
{"type":"Feature","geometry":{"type":"Polygon","coordinates":[[[80.37228430016722,18.611256999256334],[80.21630714532472,18.389921542055642],[79.92270308915059,18.40641859476625],[79.84012694835161,18.132842470648626],[79.9915165398164,18.108096891582708],[80.2698287180648,17.943126364476598],[80.39216374147068,18.08197655812424],[80.7561104361032,18.169960839247498],[80.70564723894827,18.439412700187475],[80.37228430016722,18.611256999256334]]]},"properties":{"district":"Mulugu","state":"Telangana"}},
{"type":"Feature","geometry":{"type":"Polygon","coordinates":[[[77.51423231584715,15.927736424996983],[78.08309017468454,15.841126898266277],[78.24824245628248,15.971728565558612],[77.66103434393422,16.362158813043067],[77.59375008106099,16.342912251547354],[77.50046962571399,16.221933865002875],[77.51423231584715,15.927736424996983]]]},"properties":{"district":"Jogulamba Gadwal","state":"Telangana"}},
{"type":"Feature","geometry":{"type":"Polygon","coordinates":[[[77.55093282286893,18.292313980184527],[77.60139602002386,18.27581692747392],[77.89805845178313,18.0915998388721],[78.07085667234395,18.059980487843426],[78.31399753136316,18.179584119995354],[78.56784270493037,18.183708383173006],[78.56784270493037,18.22220150616443],[78.52961301011604,18.46553303364594],[78.26047595862308,18.453160244112983],[77.73902292135548,18.5562668235543],[77.59680845664613,18.549393051591544],[77.55093282286893,18.292313980184527]]]},"properties":{"district":"Kamareddy","state":"Telangana"}},
{"type":"Feature","geometry":{"type":"Polygon","coordinates":[[[78.95778559203664,18.576888139442566],[79.01895310373959,18.317059559250445],[79.3018528453657,18.13009296186352],[79.5633439578958,18.263444137940958],[79.56640233348094,18.424290401869413],[79.30644040874343,18.480655331964],[79.110704371294,18.66074815738817],[78.95778559203664,18.576888139442566]]]},"properties":{"district":"Karimnagar","state":"Telangana"}},
{"type":"Feature","geometry":{"type":"Polygon","coordinates":[[[80.87691627171652,17.07015732520678],[80.94114215900461,17.218630799602277],[80.50073607474341,17.367104273997775],[80.36922592458208,17.567818415310207],[80.20254445519156,17.558195134562347],[80.10926399984457,17.35885574764247],[79.80342644132985,17.323112133436144],[80.05574242710449,16.971175008943113],[80.56954952540923,16.76771135884558],[80.50532363812113,17.06878257081423],[80.87691627171652,17.07015732520678]]]},"properties":{"district":"Khammam","state":"Telangana"}},
{"type":"Feature","geometry":{"type":"Polygon","coordinates":[[[79.806484816915,19.579084091612167],[79.47159269034137,19.500723091236765],[79.25291883600335,19.592831635537678],[78.93637696294061,19.5502142493686],[78.8553300099342,19.27801287964352],[78.95319802865892,19.249143037399953],[79.26668152613651,19.03330659776946],[79.35078685472806,19.210649914408528],[79.92881984032088,19.158409247491594],[79.97775384968324,19.398991266188],[79.806484816915,19.579084091612167]]]},"properties":{"district":"Komaram Bheem","state":"Telangana"}},
{"type":"Feature","geometry":{"type":"Polygon","coordinates":[[[79.53887695321461,17.523826274748576],[79.80342644132985,17.323112133436144],[80.10926399984457,17.35885574764247],[80.20254445519156,17.558195134562347],[80.2698287180648,17.943126364476598],[79.9915165398164,18.108096891582708],[79.89364852109169,17.730039433631212],[79.57251908465123,17.621433836619687],[79.53887695321461,17.523826274748576]]]},"properties":{"district":"Mahabubabad","state":"Telangana"}},
{"type":"Feature","geometry":{"type":"Polygon","coordinates":[[[77.75125642369606,16.403401444819593],[78.12131986949888,16.593117550991618],[78.34916885059235,16.780084148378542],[78.27576783654881,16.923058605203835],[77.998984846093,16.97942353529842],[77.76043155045151,17.002794359971787],[77.75125642369606,16.403401444819593]]]},"properties":{"district":"Mahabubnagar","state":"Telangana"}},
{"type":"Feature","geometry":{"type":"Polygon","coordinates":[[[79.92881984032088,19.158409247491594],[79.35078685472806,19.210649914408528],[79.26668152613651,19.03330659776946],[78.95319802865892,19.249143037399953],[78.94708127748862,19.073174475153436],[79.3018528453657,18.81609540374642],[79.4303046199419,18.84771475477509],[79.67956223013138,18.673120946921127],[79.80954319250014,18.703365543557247],[79.91352796239515,18.825718684494277],[79.92881984032088,19.158409247491594]]]},"properties":{"district":"Mancherial","state":"Telangana"}},
{"type":"Feature","geometry":{"type":"Polygon","coordinates":[[[77.89805845178313,18.0915998388721],[77.93628814659748,17.889510943167117],[78.44856605710963,17.703919100172744],[78.49902925426456,17.68604729306958],[78.56784270493037,18.183708383173006],[78.31399753136316,18.179584119995354],[78.07085667234395,18.059980487843426],[77.89805845178313,18.0915998388721]]]},"properties":{"district":"Medak","state":"Telangana"}},
{"type":"Feature","geometry":{"type":"Polygon","coordinates":[[[78.52808382232345,17.373978045960527],[78.73758254990605,17.386350835493488],[78.72381985977287,17.668175485966422],[78.49902925426456,17.68604729306958],[78.44856605710963,17.703919100172744],[78.34763966279978,17.522451520356025],[78.40727798671014,17.438591502410418],[78.52808382232345,17.373978045960527]]]},"properties":{"district":"Medchal Malkajgiri","state":"Telangana"}},
{"type":"Feature","geometry":{"type":"Polygon","coordinates":[[[79.21010157781129,16.356659795472865],[78.8553300099342,16.55050016482254],[78.75440361562435,16.74983955174242],[78.34916885059235,16.780084148378542],[78.12131986949888,16.593117550991618],[78.31399753136316,16.38003062014623],[78.19625007133499,16.208186321077367],[78.25588839524536,16.008846934157486],[78.60148483636699,16.084458425747783],[78.74064092549119,16.008846934157486],[78.92261427280745,16.12295154873921],[79.21468914118901,16.226058128180526],[79.21010157781129,16.356659795472865]]]},"properties":{"district":"Nagarkurnool","state":"Telangana"}},
{"type":"Feature","geometry":{"type":"Polygon","coordinates":[[[79.67956223013138,16.693474621647834],[79.59239852595469,17.08390486913229],[79.45018406124535,17.34510820371696],[78.98225259671781,17.279119992874516],[78.84156731980104,17.07153207959933],[78.75440361562435,16.74983955174242],[78.8553300099342,16.55050016482254],[79.21010157781129,16.356659795472865],[79.25750639938107,16.5656224631406],[79.67956223013138,16.693474621647834]]]},"properties":{"district":"Nalgonda","state":"Telangana"}},
{"type":"Feature","geometry":{"type":"Polygon","coordinates":[[[77.94852164893805,18.84359049159744],[78.24059651731962,19.01680954505885],[78.53572976128633,18.948071825431306],[78.94708127748862,19.073174475153436],[78.95319802865892,19.249143037399953],[78.8553300099342,19.27801287964352],[78.67488585041053,19.316506002634945],[78.38892773319927,19.176281054594753],[78.19319169574985,19.316506002634945],[77.86288713255394,19.304133213101988],[77.79713205747328,19.073174475153436],[77.94852164893805,18.84359049159744]]]},"properties":{"district":"Nirmal","state":"Telangana"}},
{"type":"Feature","geometry":{"type":"Polygon","coordinates":[[[77.73902292135548,18.5562668235543],[78.26047595862308,18.453160244112983],[78.52961301011604,18.46553303364594],[78.67029828703281,18.623629788789295],[78.53572976128633,18.948071825431306],[78.24059651731962,19.01680954505885],[77.94852164893805,18.84359049159744],[77.73902292135548,18.5562668235543]]]},"properties":{"district":"Nizamabad","state":"Telangana"}},
{"type":"Feature","geometry":{"type":"Polygon","coordinates":[[[79.110704371294,18.66074815738817],[79.30644040874343,18.480655331964],[79.56640233348094,18.424290401869413],[79.79119293898925,18.57276387626491],[79.80954319250014,18.703365543557247],[79.67956223013138,18.673120946921127],[79.4303046199419,18.84771475477509],[79.3018528453657,18.81609540374642],[79.110704371294,18.66074815738817]]]},"properties":{"district":"Peddapalli","state":"Telangana"}},
{"type":"Feature","geometry":{"type":"Polygon","coordinates":[[[78.67029828703281,18.623629788789295],[78.52961301011604,18.46553303364594],[78.56784270493037,18.22220150616443],[79.01895310373959,18.317059559250445],[78.95778559203664,18.576888139442566],[78.67029828703281,18.623629788789295]]]},"properties":{"district":"Rajanna Sircilla","state":"Telangana"}},
{"type":"Feature","geometry":{"type":"Polygon","coordinates":[[[78.40727798671014,17.438591502410418],[78.34763966279978,17.522451520356025],[78.06321073338108,17.44958953755083],[77.998984846093,16.97942353529842],[78.27576783654881,16.923058605203835],[78.34916885059235,16.780084148378542],[78.75440361562435,16.74983955174242],[78.84156731980104,17.07153207959933],[78.73758254990605,17.386350835493488],[78.52808382232345,17.373978045960527],[78.45162443269479,17.323112133436144],[78.40727798671014,17.438591502410418]]]},"properties":{"district":"Ranga Reddy","state":"Telangana"}},
{"type":"Feature","geometry":{"type":"Polygon","coordinates":[[[77.44388967738877,17.584315468020815],[77.6855013486154,17.51145348521562],[77.82312824994703,17.632431871760097],[78.06321073338108,17.44958953755083],[78.34763966279978,17.522451520356025],[78.44856605710963,17.703919100172744],[77.93628814659748,17.889510943167117],[77.89805845178313,18.0915998388721],[77.60139602002386,18.27581692747392],[77.65644678055651,17.969246697935066],[77.44388967738877,17.584315468020815]]]},"properties":{"district":"Sangareddy","state":"Telangana"}},
{"type":"Feature","geometry":{"type":"Polygon","coordinates":[[[79.22845183132218,17.991242768215884],[79.3018528453657,18.13009296186352],[79.01895310373959,18.317059559250445],[78.56784270493037,18.22220150616443],[78.56784270493037,18.183708383173006],[78.49902925426456,17.68604729306958],[78.72381985977287,17.668175485966422],[78.8675635122748,17.824897486717223],[79.22845183132218,17.991242768215884]]]},"properties":{"district":"Siddipet","state":"Telangana"}},
{"type":"Feature","geometry":{"type":"Polygon","coordinates":[[[80.05574242710449,16.971175008943113],[79.80342644132985,17.323112133436144],[79.53887695321461,17.523826274748576],[79.37066629603152,17.48258364297205],[79.45018406124535,17.34510820371696],[79.59239852595469,17.08390486913229],[79.67956223013138,16.693474621647834],[79.94869928162434,16.635734937160695],[80.07256349282281,16.817202516977414],[80.05574242710449,16.971175008943113]]]},"properties":{"district":"Suryapet","state":"Telangana"}},
{"type":"Feature","geometry":{"type":"Polygon","coordinates":[[[77.46682749427738,16.954677956232505],[77.76043155045151,17.002794359971787],[77.998984846093,16.97942353529842],[78.06321073338108,17.44958953755083],[77.82312824994703,17.632431871760097],[77.6855013486154,17.51145348521562],[77.51270312805458,17.430342976055115],[77.37966379010068,17.22275506277993],[77.46682749427738,16.954677956232505]]]},"properties":{"district":"Vikarabad","state":"Telangana"}},
{"type":"Feature","geometry":{"type":"Polygon","coordinates":[[[78.25588839524536,16.008846934157486],[78.19625007133499,16.208186321077367],[78.31399753136316,16.38003062014623],[78.12131986949888,16.593117550991618],[77.75125642369606,16.403401444819593],[77.66103434393422,16.362158813043067],[78.24824245628248,15.971728565558612],[78.25588839524536,16.008846934157486]]]},"properties":{"district":"Wanaparthy","state":"Telangana"}},
{"type":"Feature","geometry":{"type":"Polygon","coordinates":[[[79.57251908465123,17.621433836619687],[79.89364852109169,17.730039433631212],[79.9915165398164,18.108096891582708],[79.84012694835161,18.132842470648626],[79.57863583582153,18.242822822052695],[79.67191629116851,18.026986382422205],[79.51440994853344,17.794652890081103],[79.57251908465123,17.621433836619687]]]},"properties":{"district":"Warangal Rural","state":"Telangana"}},
{"type":"Feature","geometry":{"type":"Polygon","coordinates":[[[79.51440994853344,17.794652890081103],[79.67191629116851,18.026986382422205],[79.57863583582153,18.242822822052695],[79.5633439578958,18.263444137940958],[79.3018528453657,18.13009296186352],[79.22845183132218,17.991242768215884],[79.51440994853344,17.794652890081103]]]},"properties":{"district":"Warangal Urban","state":"Telangana"}},
{"type":"Feature","geometry":{"type":"Polygon","coordinates":[[[78.8675635122748,17.824897486717223],[78.72381985977287,17.668175485966422],[78.73758254990605,17.386350835493488],[78.84156731980104,17.07153207959933],[78.98225259671781,17.279119992874516],[79.45018406124535,17.34510820371696],[79.37066629603152,17.48258364297205],[78.8675635122748,17.824897486717223]]]},"properties":{"district":"Yadadri Bhuvanagiri","state":"Telangana"}},
{"type":"Feature","geometry":{"type":"Polygon","coordinates":[[[88.08244915032336,22.26122991147897],[88.18337554463321,22.18699317428122],[88.20784254931439,22.026146910352765],[88.14514584981887,21.95465968194012],[88.26748087322477,21.72782520716922],[88.4448666571633,21.917541313341246],[89.06877527653333,21.949160664369916],[89.05501258640017,22.12787873540153],[88.8042257884181,22.328592876713962],[88.62378162889442,22.58017293055078],[88.41428290131182,22.556802105877413],[88.23842630516586,22.544429316344456],[88.08244915032336,22.26122991147897]]]},"properties":{"district":"South 24 Parganas","state":"West Bengal"}},
{"type":"Feature","geometry":{"type":"Polygon","coordinates":[[[71.392893582175,21.980780015398587],[71.03047607533506,21.87354917277962],[70.79345196748615,21.66596125950443],[70.92343292985491,21.462497609406896],[70.8546194791891,21.166925415008457],[71.13446084523007,21.06794309874479],[71.20633267148104,20.79574172901971],[71.6773225115937,20.99645587033214],[71.52593292012891,21.18617197650417],[71.62533012664619,21.327771678936912],[71.47852809855914,21.48174417090261],[71.590158807417,21.687957329785245],[71.392893582175,21.980780015398587]]]},"properties":{"district":"Amreli","state":"Gujarat"}},
{"type":"Feature","geometry":{"type":"Polygon","coordinates":[[[85.39413701097895,21.183422467719065],[85.33449868706859,21.48174417090261],[85.19075503456666,21.660462241934226],[85.14487940078945,21.594474031091785],[85.1540545275449,21.462497609406896],[84.87727153708907,21.164175906223353],[84.74423219913517,21.169674923793558],[84.2793591101928,20.922219133134398],[84.26712560785221,20.880976501357868],[84.36040606319919,20.765497132383594],[84.76717001602378,20.603276114062588],[84.84821696903018,20.527664622472287],[85.12652914727857,20.615648903595545],[85.25498092185475,20.79574172901971],[85.23051391717358,21.072067361922443],[85.39413701097895,21.183422467719065]]]},"properties":{"district":"Angul","state":"Odisha"}},
{"type":"Feature","geometry":{"type":"MultiPolygon","coordinates":[[[[73.84876917704823,20.999205379117246],[73.80748110664874,21.008828659865102],[73.84876917704823,20.997830624724692],[73.84876917704823,20.999205379117246]]],[[[73.94204963239521,20.83973386958134],[73.88852805965513,20.9332171682748],[73.56434024762953,21.010203414257653],[73.49552679696372,20.819112553693078],[73.47411816786769,20.720130237429416],[73.74478440715322,20.564782991071162],[73.94204963239521,20.83973386958134]]]]},"properties":{"district":"Dang","state":"Gujarat"}},
{"type":"Feature","geometry":{"type":"Polygon","coordinates":[[[81.81430838856414,20.16747897162395],[81.87547590026709,20.051999602649676],[82.01769036497643,20.049250093864575],[82.10791244473828,20.291206866953534],[81.86630077351164,20.96208701051837],[81.61245559994443,21.02257620379061],[81.47177032302766,20.86997846621746],[81.41060281132471,20.553784955930755],[81.69197336515825,20.48092297312556],[81.81430838856414,20.16747897162395]]]},"properties":{"district":"Dhamtari","state":"Chhattisgarh"}},
{"type":"Feature","geometry":{"type":"Polygon","coordinates":[[[86.62207480841556,20.79574172901971],[86.27953674287907,20.581280043781774],[86.2489529870276,20.36544360415128],[86.7765227754655,20.33519900751516],[86.80557734352439,20.735252535747474],[86.62207480841556,20.79574172901971]]]},"properties":{"district":"Kendrapara","state":"Odisha"}},
{"type":"Feature","geometry":{"type":"Polygon","coordinates":[[[72.96184025735553,20.208721603400477],[73.21109786754502,20.120737322277222],[73.04288721036193,20.325575726767305],[72.96184025735553,20.208721603400477]]]},"properties":{"district":"Dadra and Nagar Haveli","state":"Dadra and Nagar Haveli and Daman and Diu"}},
{"type":"Feature","geometry":{"type":"Polygon","coordinates":[[[73.21109786754502,20.120737322277222],[72.96184025735553,20.208721603400477],[72.77527934666155,20.13173535741763],[72.65447351104824,19.836163163019187],[72.79821716355015,19.304133213101988],[73.48482248241571,19.724808057222564],[73.40683390499444,20.019005497228456],[73.24932756235937,20.122112076669772],[73.21109786754502,20.120737322277222]]]},"properties":{"district":"Palghar","state":"Maharashtra"}},
{"type":"Feature","geometry":{"type":"Polygon","coordinates":[[[84.23348347641559,19.573585074041965],[84.40169413359868,19.574959828434515],[84.3542893120289,19.008561018703546],[84.42310276269471,18.949446579823856],[84.70141494094311,19.118541370107618],[85.17240478105577,19.467728985815548],[85.1831090956038,19.67256739030563],[84.93996823658459,19.898027110683977],[84.70447331652827,20.278834077420576],[84.5867258565001,20.17435274358671],[84.18454946705323,19.8609087420851],[84.23348347641559,19.573585074041965]]]},"properties":{"district":"Ganjam","state":"Odisha"}},
{"type":"Feature","geometry":{"type":"Polygon","coordinates":[[[83.93987942024145,19.635449021706755],[84.03315987558844,19.132288914033126],[83.79307739215439,19.018184299451402],[83.8909454108791,18.81609540374642],[84.3191179927997,18.7886003158954],[84.42310276269471,18.949446579823856],[84.3542893120289,19.008561018703546],[84.40169413359868,19.574959828434515],[84.23348347641559,19.573585074041965],[83.93987942024145,19.635449021706755]]]},"properties":{"district":"Gajapati","state":"Odisha"}},
{"type":"Feature","geometry":{"type":"Polygon","coordinates":[[[78.75899117900207,15.183994298626947],[78.63053940442589,14.925540472827379],[78.28953052668197,15.071264438437774],[78.13355337183947,14.961284087033702],[78.13508255963204,14.694581734878827],[78.00051403388557,14.488368575996194],[78.28494296330426,14.291778697861416],[78.4210406768433,14.28353017150611],[78.46538712282793,13.994831749070421],[78.64277290676648,13.868354344955739],[79.14893406610834,13.865604836170636],[79.30644040874343,13.724005133737894],[79.44559649786763,13.891725169629105],[79.4348921833196,14.243662294122135],[79.24221452145534,14.592849909830061],[79.08929574219798,15.047893613764408],[79.08317899102768,15.17299626348654],[78.75899117900207,15.183994298626947]]]},"properties":{"district":"Y.S.R. Kadapa","state":"Andhra Pradesh"}},
{"type":"Feature","geometry":{"type":"MultiPolygon","coordinates":[[[[76.94843283259492,14.095188819726637],[76.62118664498416,13.73362841448575],[76.35357878128379,13.57965592252005],[76.36428309583181,13.54666181709883],[76.3703998470021,13.200223710176003],[76.63189095953219,13.003633832041224],[76.85362318945536,12.978888252975308],[77.07688460717111,12.749304269419309],[77.20380719395472,13.185101411857943],[77.38578054127098,13.513667711677607],[77.45612317972936,13.682762501961367],[77.43318536284076,13.843608765889822],[77.04171328794192,13.932967801405631],[76.94843283259492,14.095188819726637]]],[[[77.00501278092014,14.235413767766829],[77.00348359312757,14.198295399167954],[77.02795059780875,14.062194714305416],[77.32155465398289,14.030575363276744],[77.36437191217495,14.275281645150805],[77.13805211887404,14.337145592815595],[77.00501278092014,14.235413767766829]]]]},"properties":{"district":"Tumakuru","state":"Karnataka"}},
{"type":"Feature","geometry":{"type":"Polygon","coordinates":[[[79.28350259185483,13.123237464193153],[79.53428938983689,13.275835201766302],[79.94564090603919,13.363819482889559],[80.03739217359362,13.538413290743524],[79.95634522058721,13.707508081027283],[79.44559649786763,13.891725169629105],[79.30644040874343,13.724005133737894],[79.14893406610834,13.865604836170636],[78.64277290676648,13.868354344955739],[78.46538712282793,13.994831749070421],[78.1259074328766,13.787243835795236],[78.19625007133499,13.568657887379644],[78.36446072851808,13.362444728497008],[78.58619295844126,13.275835201766302],[78.46691631062052,12.974763989797655],[78.23142139056418,12.760302304559715],[78.41186555008787,12.626951128482279],[78.60301402415956,12.84416232250532],[78.62136427767045,12.991261042508267],[78.89203051695598,13.095742376342134],[79.1626967562415,13.020130884751834],[79.22845183132218,13.157606324006924],[79.28350259185483,13.123237464193153]]]},"properties":{"district":"Chittoor","state":"Andhra Pradesh"}},
{"type":"Feature","geometry":{"type":"Polygon","coordinates":[[[77.60139602002386,12.668193760258806],[77.33072978073832,12.974763989797655],[77.20380719395472,13.185101411857943],[77.07688460717111,12.749304269419309],[77.12581861653346,12.482601917264434],[77.3261422173606,12.30800810941047],[77.4714150576551,12.243394652960578],[77.61515871015702,12.367122548290158],[77.60139602002386,12.668193760258806]]]},"properties":{"district":"Ramanagara","state":"Karnataka"}},
{"type":"Feature","geometry":{"type":"Polygon","coordinates":[[[76.34287446673578,12.655820970725847],[76.4514468000085,12.483976671656984],[76.73128816604947,12.342376969224242],[76.93772851804691,12.400116653711379],[77.10899755081515,12.240645144175476],[77.3261422173606,12.30800810941047],[77.12581861653346,12.482601917264434],[77.07688460717111,12.749304269419309],[76.85362318945536,12.978888252975308],[76.63189095953219,13.003633832041224],[76.38569172492784,12.84553707689787],[76.34287446673578,12.655820970725847]]]},"properties":{"district":"Mandya","state":"Karnataka"}},
{"type":"Feature","geometry":{"type":"Polygon","coordinates":[[[76.01868665471017,12.57058619838769],[75.90858513364488,12.398741899318829],[76.1333757391532,12.191153986043643],[76.11349629784974,11.979441809590806],[76.41321710519416,11.758106352390111],[76.57684019899953,11.923076879496218],[76.91479070115831,12.026183458937535],[77.10899755081515,12.240645144175476],[76.93772851804691,12.400116653711379],[76.73128816604947,12.342376969224242],[76.4514468000085,12.483976671656984],[76.34287446673578,12.655820970725847],[76.01868665471017,12.57058619838769]]]},"properties":{"district":"Mysuru","state":"Karnataka"}},
{"type":"Feature","geometry":{"type":"Polygon","coordinates":[[[75.1653998664541,12.089422160994877],[75.5538135657678,11.701741422295523],[75.79389604920185,11.789725703418782],[75.93611051391119,11.94094868659938],[75.4146574766436,12.290136302307308],[75.1653998664541,12.089422160994877]],[[75.55534275356037,11.722362738183786],[75.53699250004948,11.719613229398686],[75.5415800634272,11.738859790894399],[75.55534275356037,11.722362738183786]]]},"properties":{"district":"Kannur","state":"Kerala"}},
{"type":"Feature","geometry":{"type":"Polygon","coordinates":[[[79.68567898130168,11.880459493327141],[79.80801400470757,11.844715879120816],[79.84012694835161,11.956070984917439],[79.68567898130168,11.880459493327141]]]},"properties":{"district":"Puducherry","state":"Puducherry"}},
{"type":"Feature","geometry":{"type":"Polygon","coordinates":[[[81.41060281132471,20.553784955930755],[81.47177032302766,20.86997846621746],[81.41977793808014,21.00607915108],[81.15522844996491,21.076191625100094],[80.9533756613452,21.0033296422949],[80.92126271770115,20.781994185094206],[80.99160535615954,20.458926902844745],[81.14911169879463,20.37644163929169],[81.41060281132471,20.553784955930755]]]},"properties":{"district":"Balod","state":"Chhattisgarh"}},
{"type":"Feature","geometry":{"type":"Polygon","coordinates":[[[81.08488581150652,17.797402398866204],[80.97937185381895,18.165836576069843],[80.7561104361032,18.169960839247498],[80.39216374147068,18.08197655812424],[80.2698287180648,17.943126364476598],[80.20254445519156,17.558195134562347],[80.36922592458208,17.567818415310207],[80.50073607474341,17.367104273997775],[80.94114215900461,17.218630799602277],[81.1735787034758,17.231003589135234],[81.30967641701486,17.409721660166852],[80.91055840315315,17.6379308893303],[81.08488581150652,17.797402398866204]]]},"properties":{"district":"Bhadradri Kothagudem","state":"Telangana"}},
{"type":"Feature","geometry":{"type":"Polygon","coordinates":[[[73.56281105983696,22.329967631106513],[73.4205965951276,22.428949947370178],[73.35025395666922,22.791885107003615],[73.2187438065079,22.62828933429006],[72.9465483794298,22.29284926250764],[72.86703061421596,22.21448826213224],[72.90526030903031,22.06738954212929],[73.20803949195988,21.824058014647782],[73.30437832289202,21.887296716705123],[73.53069811619291,22.050892489418683],[73.56281105983696,22.329967631106513]]]},"properties":{"district":"Vadodara","state":"Gujarat"}},
{"type":"Feature","geometry":{"type":"Polygon","coordinates":[[[87.52276641824142,22.927985791866156],[87.06401008046933,22.850999545883305],[87.07624358280992,22.725896896161174],[87.08236033398022,22.471567333539255],[87.2046953573861,22.303847297648048],[87.13741109451287,22.12650398100898],[87.24292505220045,21.964282962687975],[87.44171946523501,21.767693084553198],[87.4600697187459,22.008275103249602],[87.70168138997252,22.12650398100898],[87.64663062943987,22.435823719332934],[87.89282986404423,22.51968373727854],[87.85307098143731,22.595295228868835],[87.52276641824142,22.927985791866156]]]},"properties":{"district":"Paschim Medinipur","state":"West Bengal"}},
{"type":"Feature","geometry":{"type":"Polygon","coordinates":[[[79.96399115955008,22.852374300275855],[79.62909903297646,22.94998186214697],[79.32784903783946,22.615916544757102],[79.28809015523254,22.327218122321412],[79.39972086409041,21.9972770681092],[79.23456858249247,21.718201926421365],[79.50982238515572,21.595848785484336],[79.67344547896109,21.69620585614055],[80.10008887308913,22.335466648676718],[79.96399115955008,22.852374300275855]]]},"properties":{"district":"Seoni","state":"Madhya Pradesh"}},
{"type":"Feature","geometry":{"type":"Polygon","coordinates":[[[74.74181484791121,22.559551614662514],[74.37939734107127,22.63516310625281],[74.05826790463081,22.549928333914657],[74.18977805479214,22.32034435035866],[74.14696079660007,21.950535418762467],[74.43291891381133,22.03027117353042],[74.50173236447715,22.045393471848477],[74.74181484791121,22.559551614662514]]]},"properties":{"district":"Alirajpur","state":"Madhya Pradesh"}},
{"type":"Feature","geometry":{"type":"Polygon","coordinates":[[[79.32784903783946,22.615916544757102],[79.24068533366275,22.802883142144022],[78.91802670942972,22.672281474851687],[78.69017772833627,22.70527558027291],[78.52196707115317,22.665407702888935],[78.5601967659675,22.419326666622325],[78.26965108537851,22.401454859519163],[78.2772970243414,22.09076036680266],[78.5143211321903,21.93678787483696],[78.34305209942205,21.58897501352158],[78.4332741791839,21.49686646922067],[78.89967645591885,21.50099073239832],[79.23456858249247,21.718201926421365],[79.39972086409041,21.9972770681092],[79.28809015523254,22.327218122321412],[79.32784903783946,22.615916544757102]]]},"properties":{"district":"Chhindwara","state":"Madhya Pradesh"}},
{"type":"Feature","geometry":{"type":"Polygon","coordinates":[[[77.3903681046487,22.222736788487545],[77.22062825967302,22.56917489541037],[77.13040617991118,22.555427351484862],[76.78175136320439,22.343715175032024],[76.88726532089198,21.983529524183687],[77.22062825967302,21.906543278200836],[77.50505718909172,22.03027117353042],[77.3903681046487,22.222736788487545]]]},"properties":{"district":"Harda","state":"Madhya Pradesh"}},
{"type":"Feature","geometry":{"type":"Polygon","coordinates":[[[76.07679579082797,21.57247796081097],[76.10126279550914,21.854302611283906],[76.22512700670761,22.071513805306946],[76.21136431657445,22.327218122321412],[76.08291254199827,22.5375555443817],[75.994219650029,22.41382764905212],[75.56145950473066,22.376709280453245],[75.49111686627228,22.15399906886],[75.31678945791889,22.133377752971736],[75.2755013875194,21.73882324230963],[75.50182118082029,21.613720592587498],[75.60886432630045,21.389635626601702],[75.98657371106613,21.36901431071344],[76.07679579082797,21.57247796081097]]]},"properties":{"district":"Khargone","state":"Madhya Pradesh"}},
{"type":"Feature","geometry":{"type":"Polygon","coordinates":[[[87.44171946523501,21.767693084553198],[87.48453672342708,21.61509534698005],[87.78884509414922,21.698955364925652],[87.95552656353975,21.830931786610538],[88.18643392021836,22.104507910728167],[87.99834382173181,22.24473285876836],[87.89282986404423,22.51968373727854],[87.64663062943987,22.435823719332934],[87.70168138997252,22.12650398100898],[87.4600697187459,22.008275103249602],[87.44171946523501,21.767693084553198]]]},"properties":{"district":"Purba Medinipur","state":"West Bengal"}},
{"type":"Feature","geometry":{"type":"Polygon","coordinates":[[[86.72758876610314,22.21586301652479],[86.06697963971135,22.556802105877413],[85.96299486981634,22.485314877464766],[86.00887050359354,22.115505945868577],[85.89723979473567,21.983529524183687],[85.68315350377537,22.05776626138144],[85.81160527835155,21.810310470722275],[86.02569156931185,21.694831101748],[86.00887050359354,21.533984837819546],[86.36058369588548,21.303026099870994],[86.64807100088932,21.580726487166274],[87.00590094435154,21.601347803054537],[87.10071058749111,21.86392589203176],[87.02883876124014,22.038519699885725],[86.72758876610314,22.21586301652479]]]},"properties":{"district":"Mayurbhanj","state":"Odisha"}},
{"type":"Feature","geometry":{"type":"Polygon","coordinates":[[[72.86703061421596,22.21448826213224],[72.56730980687153,22.181494156711018],[72.54284280219036,21.733324224739427],[72.73552046405463,21.474870398939856],[73.45270953877166,21.52848582024934],[73.50011436034144,21.68108355782249],[73.30437832289202,21.887296716705123],[73.20803949195988,21.824058014647782],[72.90526030903031,22.06738954212929],[72.86703061421596,22.21448826213224]]]},"properties":{"district":"Bharuch","state":"Gujarat"}},
{"type":"Feature","geometry":{"type":"Polygon","coordinates":[[[85.19075503456666,21.660462241934226],[85.37731594526065,21.93541312044441],[85.23815985613645,22.009649857642156],[85.02866112855386,22.12237971783133],[85.06994919895335,22.490813895034968],[84.42921951386501,22.351963701387326],[84.19678296939382,22.3780840348458],[84.01175124649241,22.527932263633843],[84.01022205869984,22.37121026288304],[83.80225251890982,22.29422401690019],[83.5377030307946,22.045393471848477],[83.59122460353467,21.825432769040333],[84.27018398343735,22.01514887521236],[84.47662433543479,22.18974268306632],[84.52555834479715,21.81443473389993],[84.6616560583362,21.760819312590442],[85.14487940078945,21.594474031091785],[85.19075503456666,21.660462241934226]]]},"properties":{"district":"Sundargarh","state":"Odisha"}},
{"type":"Feature","geometry":{"type":"Polygon","coordinates":[[[81.4748286986128,22.489439140642418],[81.19345814477926,22.490813895034968],[81.04512692889962,22.240608595590707],[80.90750002756799,22.110006928298368],[80.84633251586504,21.835056049788193],[81.17204951568323,21.704454382495854],[81.50082489108655,22.00415084007195],[81.5558756516192,22.343715175032024],[81.4748286986128,22.489439140642418]]]},"properties":{"district":"Kabeerdham","state":"Chhattisgarh"}},
{"type":"Feature","geometry":{"type":"Polygon","coordinates":[[[76.78175136320439,21.55873041688546],[77.06159272924538,21.712702908851163],[77.22062825967302,21.906543278200836],[76.88726532089198,21.983529524183687],[76.78175136320439,22.343715175032024],[76.49732243378571,22.411078140267016],[76.21136431657445,22.327218122321412],[76.22512700670761,22.071513805306946],[76.10126279550914,21.854302611283906],[76.07679579082797,21.57247796081097],[76.78175136320439,21.55873041688546]]]},"properties":{"district":"Khandwa","state":"Madhya Pradesh"}},
{"type":"Feature","geometry":{"type":"Polygon","coordinates":[[[69.81477178023904,21.82130850586268],[69.55939741887926,21.94091213801461],[69.39577432507387,21.888671471097677],[69.98145324962957,21.227414608280696],[69.99062837638502,21.579351732773723],[70.14813471902009,21.664586505111878],[70.07320451718398,21.73882324230963],[69.81477178023904,21.82130850586268]]]},"properties":{"district":"Porbandar","state":"Gujarat"}},
{"type":"Feature","geometry":{"type":"Polygon","coordinates":[[[80.66130079296364,21.333270696507114],[80.71482236570372,21.661836996326777],[80.84633251586504,21.835056049788193],[80.90750002756799,22.110006928298368],[81.04512692889962,22.240608595590707],[80.8662119571685,22.37945878923835],[80.58025383995724,22.226861051665196],[80.10008887308913,22.335466648676718],[79.67344547896109,21.69620585614055],[79.50982238515572,21.595848785484336],[79.53887695321461,21.540858609782298],[79.73920055404176,21.602722557447088],[79.91811552577286,21.52436155707169],[80.26829953027223,21.61784485576515],[80.42274749732216,21.440501539126082],[80.66130079296364,21.333270696507114]]]},"properties":{"district":"Balaghat","state":"Madhya Pradesh"}},
{"type":"Feature","geometry":{"type":"Polygon","coordinates":[[[73.30437832289202,21.887296716705123],[73.50011436034144,21.68108355782249],[73.45270953877166,21.52848582024934],[73.698908773376,21.399258907349555],[73.98180851500213,21.521612048286585],[73.83500648691506,21.520237293894034],[73.93899125681007,21.87354917277962],[73.53069811619291,22.050892489418683],[73.30437832289202,21.887296716705123]]]},"properties":{"district":"Narmada","state":"Gujarat"}},
{"type":"Feature","geometry":{"type":"Polygon","coordinates":[[[75.60886432630045,21.389635626601702],[75.50182118082029,21.613720592587498],[75.2755013875194,21.73882324230963],[75.31678945791889,22.133377752971736],[74.50173236447715,22.045393471848477],[74.43291891381133,22.03027117353042],[74.5047907400623,21.72645045277667],[74.77545697934782,21.61509534698005],[75.05223996980365,21.566978943240766],[75.21127550023131,21.411631696882516],[75.60886432630045,21.389635626601702]]]},"properties":{"district":"Barwani","state":"Madhya Pradesh"}},
{"type":"Feature","geometry":{"type":"Polygon","coordinates":[[[82.93673222831316,22.12237971783133],[82.66912436461278,22.081137086054802],[82.45809644923763,22.21448826213224],[82.30517766998027,21.90791803259339],[82.44586294689704,21.74432225987983],[82.94896573065375,21.723700943991567],[83.26397841592392,21.715452417636264],[83.18751902629523,21.9271645940891],[82.93673222831316,22.12237971783133]]]},"properties":{"district":"Janjgir Champa","state":"Chhattisgarh"}},
{"type":"Feature","geometry":{"type":"Polygon","coordinates":[[[73.84876917704823,20.999205379117246],[74.11943541633374,21.213667064355185],[74.33810927067178,21.228789362673247],[74.50173236447715,21.415755960060167],[74.68829327517113,21.410256942489966],[74.77545697934782,21.61509534698005],[74.5047907400623,21.72645045277667],[74.43291891381133,22.03027117353042],[74.14696079660007,21.950535418762467],[73.93899125681007,21.87354917277962],[73.83500648691506,21.520237293894034],[73.98180851500213,21.521612048286585],[74.04603440229022,21.446000556696287],[73.8151270456116,21.17379918697121],[73.80748110664874,21.008828659865102],[73.84876917704823,20.999205379117246]]]},"properties":{"district":"Nandurbar","state":"Maharashtra"}},
{"type":"Feature","geometry":{"type":"Polygon","coordinates":[[[86.36670044705576,21.23703788902855],[86.36058369588548,21.303026099870994],[86.00887050359354,21.533984837819546],[86.02569156931185,21.694831101748],[85.81160527835155,21.810310470722275],[85.68315350377537,22.05776626138144],[85.3971953865641,22.163622349607856],[85.23815985613645,22.009649857642156],[85.37731594526065,21.93541312044441],[85.19075503456666,21.660462241934226],[85.33449868706859,21.48174417090261],[85.39413701097895,21.183422467719065],[85.71220807183427,21.138055572764884],[86.02722075710443,21.138055572764884],[86.28565349404937,21.015702431827854],[86.36670044705576,21.23703788902855]]]},"properties":{"district":"Kendujhar","state":"Odisha"}},
{"type":"Feature","geometry":{"type":"Polygon","coordinates":[[[86.85909891626447,21.213667064355185],[87.14811540906088,21.50923925875363],[87.48453672342708,21.61509534698005],[87.44171946523501,21.767693084553198],[87.24292505220045,21.964282962687975],[87.10071058749111,21.86392589203176],[87.00590094435154,21.601347803054537],[86.64807100088932,21.580726487166274],[86.36058369588548,21.303026099870994],[86.36670044705576,21.23703788902855],[86.51503166293541,21.135306063979783],[86.85909891626447,21.213667064355185]]]},"properties":{"district":"Balasore","state":"Odisha"}},
{"type":"Feature","geometry":{"type":"Polygon","coordinates":[[[83.59122460353467,21.825432769040333],[83.48723983363966,21.643965189223614],[83.69673856122225,21.698955364925652],[83.79919414332468,21.56285468006311],[83.98116749064094,21.780065874086155],[84.23807103979331,21.80618620754462],[84.27018398343735,22.01514887521236],[83.59122460353467,21.825432769040333]]]},"properties":{"district":"Jharsuguda","state":"Odisha"}},
{"type":"Feature","geometry":{"type":"Polygon","coordinates":[[[81.6950317407434,21.601347803054537],[81.69809011632854,21.748446523057485],[81.93664341197002,21.81443473389993],[81.7531408768612,21.960158699510323],[81.50082489108655,22.00415084007195],[81.17204951568323,21.704454382495854],[81.20416245932728,21.517487785108933],[81.35555205079206,21.5436081185674],[81.55434646382663,21.331895942114564],[81.6950317407434,21.601347803054537]]]},"properties":{"district":"Bametara","state":"Chhattisgarh"}},
{"type":"Feature","geometry":{"type":"Polygon","coordinates":[[[80.56190358644636,20.823236816870732],[80.62612947373445,20.33244949873006],[80.54508252072804,20.10011600638896],[80.99160535615954,20.458926902844745],[80.92126271770115,20.781994185094206],[80.9533756613452,21.0033296422949],[81.15522844996491,21.076191625100094],[81.20416245932728,21.517487785108933],[81.17204951568323,21.704454382495854],[80.84633251586504,21.835056049788193],[80.71482236570372,21.661836996326777],[80.66130079296364,21.333270696507114],[80.46403556772165,21.17517394136376],[80.56190358644636,20.823236816870732]]]},"properties":{"district":"Rajnandgaon","state":"Chhattisgarh"}},
{"type":"Feature","geometry":{"type":"Polygon","coordinates":[[[76.66247471538367,21.281030029590177],[76.78328055099698,21.193045748466922],[77.16710668693295,21.242536906598755],[77.1288769921186,20.86310469425471],[77.5295241937729,20.849357150329197],[77.6105711467793,20.718755483036862],[77.65033002938621,20.564782991071162],[77.77878180396239,20.540037412005248],[78.27423864875624,20.692635149578393],[78.1427284985949,20.953838484163064],[78.07850261130682,21.355266766787928],[78.25130083186764,21.330521187722013],[78.4332741791839,21.49686646922067],[78.34305209942205,21.58897501352158],[78.02956860194446,21.42125497763037],[77.48823612337341,21.37451332828364],[77.5753998275501,21.52711106585679],[77.47906099661796,21.7704425933383],[77.06159272924538,21.712702908851163],[76.78175136320439,21.55873041688546],[76.66247471538367,21.281030029590177]]]},"properties":{"district":"Amravati","state":"Maharashtra"}},
{"type":"Feature","geometry":{"type":"Polygon","coordinates":[[[72.73552046405463,21.474870398939856],[72.62083137961162,21.09956244977346],[72.75081234198038,21.062444081174586],[73.02453695685105,21.01982669500551],[73.31661182523261,20.879601746965317],[73.19886436520444,21.077566379492644],[73.45423872656423,21.384136609031497],[73.698908773376,21.399258907349555],[73.45270953877166,21.52848582024934],[72.73552046405463,21.474870398939856]]]},"properties":{"district":"Surat","state":"Gujarat"}},
{"type":"Feature","geometry":{"type":"Polygon","coordinates":[[[75.21127550023131,21.411631696882516],[75.05223996980365,21.566978943240766],[74.77545697934782,21.61509534698005],[74.68829327517113,21.410256942489966],[74.50173236447715,21.415755960060167],[74.33810927067178,21.228789362673247],[74.11943541633374,21.213667064355185],[73.84876917704823,20.999205379117246],[73.84876917704823,20.997830624724692],[73.88852805965513,20.9332171682748],[73.94204963239521,20.83973386958134],[74.53843287149891,20.83698436079624],[74.8121574863696,20.632145956306154],[74.98648489472299,20.738002044532575],[74.89473362716856,21.149053607905294],[75.21127550023131,21.411631696882516]]]},"properties":{"district":"Dhule","state":"Maharashtra"}},
{"type":"Feature","geometry":{"type":"Polygon","coordinates":[[[73.80748110664874,21.008828659865102],[73.8151270456116,21.17379918697121],[74.04603440229022,21.446000556696287],[73.98180851500213,21.521612048286585],[73.698908773376,21.399258907349555],[73.45423872656423,21.384136609031497],[73.19886436520444,21.077566379492644],[73.31661182523261,20.879601746965317],[73.49552679696372,20.819112553693078],[73.56434024762953,21.010203414257653],[73.88852805965513,20.9332171682748],[73.84876917704823,20.997830624724692],[73.80748110664874,21.008828659865102]]]},"properties":{"district":"Tapi","state":"Gujarat"}},
{"type":"Feature","geometry":{"type":"Polygon","coordinates":[[[82.63854060876132,21.088564414633055],[82.70123730825684,20.72837876378472],[82.9810786742978,20.845232887151546],[83.4046636928407,20.889225027713174],[83.4566560777882,21.05831981799693],[83.89400378646425,21.17517394136376],[83.79919414332468,21.56285468006311],[83.69673856122225,21.698955364925652],[83.48723983363966,21.643965189223614],[83.26856597930164,21.37726283706874],[83.19210658967296,21.139430327157434],[82.96578679637207,21.17517394136376],[82.63854060876132,21.088564414633055]]]},"properties":{"district":"Bargarh","state":"Odisha"}},
{"type":"Feature","geometry":{"type":"Polygon","coordinates":[[[79.53887695321461,21.540858609782298],[79.50982238515572,21.595848785484336],[79.23456858249247,21.718201926421365],[78.89967645591885,21.50099073239832],[78.4332741791839,21.49686646922067],[78.25130083186764,21.330521187722013],[78.44550768152449,21.23703788902855],[78.94249371411091,20.768246641168695],[79.22080589235931,20.582654798174325],[79.51899751191115,20.714631219859207],[79.65509522545021,20.964836519303475],[79.4761802537191,21.428128749593128],[79.53887695321461,21.540858609782298]]]},"properties":{"district":"Nagpur","state":"Maharashtra"}},
{"type":"Feature","geometry":{"type":"Polygon","coordinates":[[[82.93367385272802,21.49686646922067],[82.94896573065375,21.723700943991567],[82.44586294689704,21.74432225987983],[82.20119290008526,21.760819312590442],[82.03756980627989,21.88317245352747],[81.93664341197002,21.81443473389993],[81.69809011632854,21.748446523057485],[81.6950317407434,21.601347803054537],[82.1935469611224,21.378637591461292],[82.38928299857182,21.261783468094468],[82.69664974487911,21.330521187722013],[82.93367385272802,21.49686646922067]]]},"properties":{"district":"Baloda Bazar","state":"Chhattisgarh"}},
{"type":"Feature","geometry":{"type":"Polygon","coordinates":[[[81.50082489108655,22.00415084007195],[81.7531408768612,21.960158699510323],[81.93664341197002,21.81443473389993],[82.03756980627989,21.88317245352747],[81.76537437920179,22.241983349983258],[81.97640229457694,22.360212227742636],[81.72867387218002,22.669531966066586],[81.4748286986128,22.489439140642418],[81.5558756516192,22.343715175032024],[81.50082489108655,22.00415084007195]]]},"properties":{"district":"Mungeli","state":"Chhattisgarh"}},
{"type":"Feature","geometry":{"type":"Polygon","coordinates":[[[71.590158807417,21.687957329785245],[71.7354316477115,22.011024612034706],[72.06114864752968,22.101758401943066],[71.8623542344951,22.37121026288304],[71.43724002815965,22.26122991147897],[71.392893582175,21.980780015398587],[71.590158807417,21.687957329785245]]]},"properties":{"district":"Botad","state":"Gujarat"}},
{"type":"Feature","geometry":{"type":"Polygon","coordinates":[[[73.53069811619291,22.050892489418683],[73.93899125681007,21.87354917277962],[74.14696079660007,21.950535418762467],[74.18977805479214,22.32034435035866],[74.05826790463081,22.549928333914657],[73.80289354327101,22.548553579522107],[73.73102171702006,22.287350244937436],[73.56281105983696,22.329967631106513],[73.53069811619291,22.050892489418683]]]},"properties":{"district":"Chhota Udaipur","state":"Gujarat"}},
{"type":"Feature","geometry":{"type":"Polygon","coordinates":[[[70.8546194791891,21.166925415008457],[70.59312836665902,21.281030029590177],[70.40045070479474,21.05282080042673],[70.2398859865745,20.99233160715449],[70.82709409892277,20.689885640793293],[70.92037455426977,20.74212630771023],[70.99989231948359,20.74212630771023],[71.20633267148104,20.79574172901971],[71.13446084523007,21.06794309874479],[70.8546194791891,21.166925415008457]]]},"properties":{"district":"Gir Somnath","state":"Gujarat"}},
{"type":"Feature","geometry":{"type":"Polygon","coordinates":[[[87.07624358280992,22.725896896161174],[86.89427023549366,22.651660158963423],[86.60984130607497,22.79875887896637],[86.55937810892004,22.713524106628213],[86.76581846091747,22.576048667373126],[86.84533622613131,22.400080105126612],[86.72758876610314,22.21586301652479],[87.02883876124014,22.038519699885725],[87.10071058749111,21.86392589203176],[87.24292505220045,21.964282962687975],[87.13741109451287,22.12650398100898],[87.2046953573861,22.303847297648048],[87.08236033398022,22.471567333539255],[87.07624358280992,22.725896896161174]]]},"properties":{"district":"Jhargram","state":"West Bengal"}},
{"type":"Feature","geometry":{"type":"Polygon","coordinates":[[[70.14813471902009,21.664586505111878],[70.79345196748615,21.66596125950443],[71.03047607533506,21.87354917277962],[71.392893582175,21.980780015398587],[71.43724002815965,22.26122991147897],[70.9815420659727,22.41520240344467],[70.69405476096887,22.437198473725484],[70.58089486431842,22.603543755224145],[70.46620577987541,22.470192579146705],[70.57936567652585,22.239233841198157],[70.54878192067437,22.046768226241028],[70.33010806633635,22.050892489418683],[70.07320451718398,21.73882324230963],[70.14813471902009,21.664586505111878]]]},"properties":{"district":"Rajkot","state":"Gujarat"}},
{"type":"Feature","geometry":{"type":"Polygon","coordinates":[[[71.6773225115937,20.99645587033214],[72.11314103247717,21.198544766037124],[72.3088770699266,21.6247186277279],[72.19418798548358,21.749821277450035],[72.2446511826385,21.994527559324098],[72.06114864752968,22.101758401943066],[71.7354316477115,22.011024612034706],[71.590158807417,21.687957329785245],[71.47852809855914,21.48174417090261],[71.62533012664619,21.327771678936912],[71.52593292012891,21.18617197650417],[71.6773225115937,20.99645587033214]]]},"properties":{"district":"Bhavnagar","state":"Gujarat"}},
{"type":"Feature","geometry":{"type":"Polygon","coordinates":[[[78.26965108537851,22.401454859519163],[78.03262697752962,22.329967631106513],[77.54787444728377,22.351963701387326],[77.3903681046487,22.222736788487545],[77.50505718909172,22.03027117353042],[77.22062825967302,21.906543278200836],[77.06159272924538,21.712702908851163],[77.47906099661796,21.7704425933383],[77.5753998275501,21.52711106585679],[77.48823612337341,21.37451332828364],[78.02956860194446,21.42125497763037],[78.34305209942205,21.58897501352158],[78.5143211321903,21.93678787483696],[78.2772970243414,22.09076036680266],[78.26965108537851,22.401454859519163]]]},"properties":{"district":"Betul","state":"Madhya Pradesh"}},
{"type":"Feature","geometry":{"type":"Polygon","coordinates":[[[70.79345196748615,21.66596125950443],[70.14813471902009,21.664586505111878],[69.99062837638502,21.579351732773723],[69.98145324962957,21.227414608280696],[70.2398859865745,20.99233160715449],[70.40045070479474,21.05282080042673],[70.59312836665902,21.281030029590177],[70.8546194791891,21.166925415008457],[70.92343292985491,21.462497609406896],[70.79345196748615,21.66596125950443]]]},"properties":{"district":"Junagadh","state":"Gujarat"}},
{"type":"Feature","geometry":{"type":"Polygon","coordinates":[[[85.14487940078945,21.594474031091785],[84.6616560583362,21.760819312590442],[84.40934007256155,21.476245153332407],[84.71059006769855,21.318148398189052],[84.74423219913517,21.169674923793558],[84.87727153708907,21.164175906223353],[85.1540545275449,21.462497609406896],[85.14487940078945,21.594474031091785]]]},"properties":{"district":"Deogarh","state":"Odisha"}},
{"type":"Feature","geometry":{"type":"Polygon","coordinates":[[[70.07320451718398,21.73882324230963],[70.33010806633635,22.050892489418683],[70.54878192067437,22.046768226241028],[70.57936567652585,22.239233841198157],[70.46620577987541,22.470192579146705],[70.58089486431842,22.603543755224145],[70.64512075160651,22.863372335416262],[70.49678953572688,22.933484809436358],[70.39892151700217,22.90461496719279],[70.12519690213149,22.552677842699758],[69.75360426853611,22.41795191222977],[69.73219563944008,22.3079715608257],[69.91569817454891,21.9271645940891],[69.81477178023904,21.82130850586268],[70.07320451718398,21.73882324230963]]]},"properties":{"district":"Jamnagar","state":"Gujarat"}},
{"type":"Feature","geometry":{"type":"Polygon","coordinates":[[[69.81477178023904,21.82130850586268],[69.91569817454891,21.9271645940891],[69.73219563944008,22.3079715608257],[69.75360426853611,22.41795191222977],[69.34072356454124,22.31209582400335],[69.00583143796761,22.43994798251059],[68.9660725553607,22.23373482362795],[69.21685935334277,21.957409190725222],[69.39577432507387,21.888671471097677],[69.55939741887926,21.94091213801461],[69.81477178023904,21.82130850586268]]]},"properties":{"district":"Devbhumi Dwarka","state":"Gujarat"}},
{"type":"Feature","geometry":{"type":"Polygon","coordinates":[[[74.93449250977548,20.27058555106527],[74.71428946764489,20.134484866202733],[74.66994302166025,19.946143514423255],[74.88402931262056,19.65607033759502],[75.47582498834655,19.42648635403902],[75.6058059507153,19.38524372226249],[75.65473996007765,19.907650391431833],[75.59204326058213,20.006632707695495],[75.76484148114295,20.452053130881986],[75.9758693965181,20.531788885649938],[76.00645315236959,20.647268254624215],[75.22656737815704,20.494670517051066],[74.93449250977548,20.27058555106527]]]},"properties":{"district":"Aurangabad","state":"Maharashtra"}},
{"type":"Feature","geometry":{"type":"Polygon","coordinates":[[[75.60427676292272,17.305240326332985],[75.66544427462567,16.97942353529842],[75.34125646260006,16.956052710625055],[75.38407372079212,16.76358709566793],[75.63333133098162,16.44326932220357],[76.23888969684077,16.165568934908286],[76.33217015218776,16.19443877715186],[76.46215111455652,16.711346428750993],[76.44074248546049,16.997295342401582],[76.07526660303539,17.33685967736165],[75.93152295053348,17.323112133436144],[75.63333133098162,17.477084625401844],[75.60427676292272,17.305240326332985]]]},"properties":{"district":"Vijayapura","state":"Karnataka"}},
{"type":"Feature","geometry":{"type":"Polygon","coordinates":[[[80.2759454692351,18.71986259626786],[80.37228430016722,18.611256999256334],[80.70564723894827,18.439412700187475],[80.7561104361032,18.169960839247498],[80.97937185381895,18.165836576069843],[81.022189112011,18.46553303364594],[81.18275383023123,18.54114452523624],[81.23627540297132,18.96731838692702],[81.12923225749117,19.256016809362706],[80.85244926703534,19.364622406374227],[80.48238582123253,19.33712731852321],[80.27135790585737,18.942572807861104],[80.2759454692351,18.71986259626786]]]},"properties":{"district":"Bijapur","state":"Chhattisgarh"}},
{"type":"Feature","geometry":{"type":"Polygon","coordinates":[[[73.5261105528152,19.129539405248025],[72.95572350618524,18.987939702815282],[72.8364468583645,18.864211807485702],[72.89455599448229,18.46278352486084],[73.04441639815451,17.981619487468024],[73.2875572571737,18.070978522983832],[73.5719861865924,17.875763399241606],[73.65762070297652,18.029735891207306],[73.6530331395988,18.172710348032602],[73.4205965951276,18.303312015324934],[73.36860421018011,18.795474087858157],[73.5261105528152,19.129539405248025]]]},"properties":{"district":"Raigad","state":"Maharashtra"}},
{"type":"Feature","geometry":{"type":"Polygon","coordinates":[[[83.26856597930164,21.37726283706874],[83.48723983363966,21.643965189223614],[83.59122460353467,21.825432769040333],[83.5377030307946,22.045393471848477],[83.80225251890982,22.29422401690019],[83.40007612946297,22.55405259709231],[83.40925125621841,22.640662123823017],[83.11105963666657,22.670906720459136],[83.11411801225171,22.422076175407426],[82.93673222831316,22.12237971783133],[83.18751902629523,21.9271645940891],[83.26397841592392,21.715452417636264],[82.94896573065375,21.723700943991567],[82.93367385272802,21.49686646922067],[83.26856597930164,21.37726283706874]]]},"properties":{"district":"Raigarh","state":"Chhattisgarh"}},
{"type":"Feature","geometry":{"type":"Polygon","coordinates":[[[82.45809644923763,22.21448826213224],[82.20425127567042,22.31209582400335],[82.13849620058974,22.455070280828647],[82.13390863721203,22.853749054668405],[82.216484778011,22.944482844576765],[82.12320432266401,23.10395435411267],[81.95040610210319,22.98297596756819],[81.73173224776517,22.67640573802934],[81.72867387218002,22.669531966066586],[81.97640229457694,22.360212227742636],[81.76537437920179,22.241983349983258],[82.03756980627989,21.88317245352747],[82.20119290008526,21.760819312590442],[82.44586294689704,21.74432225987983],[82.30517766998027,21.90791803259339],[82.45809644923763,22.21448826213224]]]},"properties":{"district":"Bilaspur","state":"Chhattisgarh"}},
{"type":"Feature","geometry":{"type":"Polygon","coordinates":[[[79.72390867611603,10.92912945368192],[79.84930207510706,10.827397628633154],[79.85083126289963,10.985494383776505],[79.7483756807972,10.996492418916914],[79.72390867611603,10.92912945368192]]]},"properties":{"district":"Karaikal","state":"Puducherry"}},
{"type":"Feature","geometry":{"type":"Polygon","coordinates":[[[75.55534275356037,11.722362738183786],[75.5415800634272,11.738859790894399],[75.53699250004948,11.719613229398686],[75.55534275356037,11.722362738183786]]]},"properties":{"district":"Mahe","state":"Puducherry"}},
{"type":"Feature","geometry":{"type":"Polygon","coordinates":[[[82.18590102215953,16.737466762209465],[82.19966371229269,16.720969709498853],[82.23942259489961,16.7168454463212],[82.26694797516593,16.694849376040384],[82.27000635075107,16.722344463891403],[82.18590102215953,16.737466762209465]]]},"properties":{"district":"Yanam","state":"Puducherry"}},
{"type":"Feature","geometry":{"type":"Polygon","coordinates":[[[84.2793591101928,20.922219133134398],[84.74423219913517,21.169674923793558],[84.71059006769855,21.318148398189052],[84.40934007256155,21.476245153332407],[84.6616560583362,21.760819312590442],[84.52555834479715,21.81443473389993],[84.47662433543479,22.18974268306632],[84.27018398343735,22.01514887521236],[84.23807103979331,21.80618620754462],[83.98116749064094,21.780065874086155],[83.79919414332468,21.56285468006311],[83.89400378646425,21.17517394136376],[84.2793591101928,20.922219133134398]]]},"properties":{"district":"Sambalpur","state":"Odisha"}},
{"type":"Feature","geometry":{"type":"Polygon","coordinates":[[[73.40683390499444,20.62389742995085],[73.47411816786769,20.720130237429416],[73.49552679696372,20.819112553693078],[73.31661182523261,20.879601746965317],[73.02453695685105,21.01982669500551],[72.75081234198038,21.062444081174586],[72.85479711187537,20.750374834065532],[73.0734709662134,20.600526605277487],[73.40683390499444,20.62389742995085]]]},"properties":{"district":"Navsari","state":"Gujarat"}},
{"type":"Feature","geometry":{"type":"Polygon","coordinates":[[[73.05359152490995,8.273103967273585],[73.01842020568075,8.275853476058687],[73.04288721036193,8.263480686525728],[73.05359152490995,8.273103967273585]]]},"properties":{"district":"Lakshadweep","state":"Lakshadweep"}},
{"type":"Feature","geometry":{"type":"Polygon","coordinates":[[[72.88691005551942,20.461676411629846],[72.8364468583645,20.45342788527454],[72.82880091940163,20.368193112936382],[72.88691005551942,20.461676411629846]]]},"properties":{"district":"Daman","state":"Dadra and Nagar Haveli and Daman and Diu"}},
{"type":"Feature","geometry":{"type":"Polygon","coordinates":[[[70.92037455426977,20.74212630771023],[70.97695450259499,20.702258430326253],[70.99989231948359,20.74212630771023],[70.92037455426977,20.74212630771023]]]},"properties":{"district":"Diu","state":"Dadra and Nagar Haveli and Daman and Diu"}},
{"type":"Feature","geometry":{"type":"Polygon","coordinates":[[[79.91352796239515,18.825718684494277],[79.80954319250014,18.703365543557247],[79.79119293898925,18.57276387626491],[79.56640233348094,18.424290401869413],[79.5633439578958,18.263444137940958],[79.57863583582153,18.242822822052695],[79.84012694835161,18.132842470648626],[79.92270308915059,18.40641859476625],[80.21630714532472,18.389921542055642],[80.37228430016722,18.611256999256334],[80.2759454692351,18.71986259626786],[80.11843912660001,18.679994718883883],[79.91352796239515,18.825718684494277]]]},"properties":{"district":"Jayashankar Bhupalapally","state":"Telangana"}},
{"type":"Feature","geometry":{"type":"Polygon","coordinates":[[[77.4591815553145,16.88456548221241],[77.41636429712244,16.51750605940132],[77.28791252254626,16.4089004623898],[77.59375008106099,16.342912251547354],[77.66103434393422,16.362158813043067],[77.75125642369606,16.403401444819593],[77.76043155045151,17.002794359971787],[77.46682749427738,16.954677956232505],[77.4591815553145,16.88456548221241]]]},"properties":{"district":"Narayanpet","state":"Telangana"}},
{"type":"Feature","geometry":{"type":"Polygon","coordinates":[[[81.89994290494826,18.66074815738817],[81.67362311164737,18.65249963103286],[81.56963834175237,18.740483912156122],[81.36931474092522,18.43253892822472],[81.18275383023123,18.54114452523624],[81.022189112011,18.46553303364594],[80.97937185381895,18.165836576069843],[81.08488581150652,17.797402398866204],[81.39684012119154,17.818023714754467],[81.52987945914545,18.240073313267594],[81.91064721949628,18.570014367479807],[81.89994290494826,18.66074815738817]]]},"properties":{"district":"Sukma","state":"Chhattisgarh"}},
{"type":"Feature","geometry":{"type":"Polygon","coordinates":[[[94.4010531092375,28.33901908094649],[94.00193509537579,28.578226345250346],[93.96217621276887,28.712952275720333],[93.33979678119141,28.640090292915136],[93.22357850895582,28.34176858973159],[93.45601505342701,28.271656115711494],[93.83984118936299,28.237287255897723],[93.96217621276887,27.978833430098152],[94.31847696843852,27.77262027121552],[94.59525995889435,27.870227833086634],[94.48515843782906,28.02145081626723],[94.4010531092375,28.33901908094649]]]},"properties":{"district":"Upper Subansiri","state":"Arunachal Pradesh"}},
{"type":"Feature","geometry":{"type":"Polygon","coordinates":[[[96.86151626748844,27.631020568782777],[97.25298834238728,27.900472429722754],[97.37073580241545,28.21804069440201],[96.99455560544234,28.31014923870292],[96.66272185445386,28.459997467490968],[96.31406703774708,28.383011221508117],[96.30489191099164,28.36926367758261],[96.28807084527332,28.061318693651206],[96.6321380986024,27.811113394206945],[96.69942236147563,27.659890411026346],[96.86151626748844,27.631020568782777]]]},"properties":{"district":"Anjaw","state":"Arunachal Pradesh"}},
{"type":"Feature","geometry":{"type":"Polygon","coordinates":[[[95.7742637469686,27.732752393831543],[95.96999978441802,27.95958686860244],[95.51888938560882,27.883975377012142],[95.51430182223109,27.879851113834487],[95.26963177541931,27.68051172691461],[95.22069776605696,27.444053971395853],[95.48371806637961,27.24196507569087],[95.63357847005183,27.230967040550464],[95.85683988776758,27.27083491793444],[95.87366095348588,27.54441104205207],[95.7742637469686,27.732752393831543]]]},"properties":{"district":"Tinsukia","state":"Assam"}},
{"type":"Feature","geometry":{"type":"Polygon","coordinates":[[[95.51430182223109,27.879851113834487],[95.13659243746541,27.815237657384596],[94.46222062094044,27.555409077192476],[94.21296301075094,27.60627498971686],[94.26648458349102,27.519665462986154],[94.39034879468949,27.350570672702393],[94.62584371474583,27.336823128776885],[94.99590716054863,27.658515656633796],[95.26963177541931,27.68051172691461],[95.51430182223109,27.879851113834487]]]},"properties":{"district":"Dhemaji","state":"Assam"}},
{"type":"Feature","geometry":{"type":"Polygon","coordinates":[[[96.69942236147563,27.659890411026346],[96.31100866216194,27.570531375510537],[95.87366095348588,27.54441104205207],[95.85683988776758,27.27083491793444],[95.63357847005183,27.230967040550464],[95.68404166720676,26.90377549512335],[96.02199216936552,27.18010112802608],[96.60614190612864,27.365692971020454],[96.85998707969586,27.189724408773937],[97.16429545041801,27.141608005034655],[96.86151626748844,27.631020568782777],[96.69942236147563,27.659890411026346]]]},"properties":{"district":"Changlang","state":"Arunachal Pradesh"}},
{"type":"Feature","geometry":{"type":"Polygon","coordinates":[[[95.26963177541931,27.68051172691461],[94.99590716054863,27.658515656633796],[94.62584371474583,27.336823128776885],[94.56314701525031,27.18147588241863],[94.59373077110178,27.14573226821231],[94.8353424423284,27.092116846902826],[94.98520284600062,27.169103092885674],[95.3690289819366,27.109988654005985],[95.37667492089946,27.096241110080477],[95.48371806637961,27.24196507569087],[95.22069776605696,27.444053971395853],[95.26963177541931,27.68051172691461]]]},"properties":{"district":"Dibrugarh","state":"Assam"}},
{"type":"Feature","geometry":{"type":"Polygon","coordinates":[[[92.0139909650301,27.489420866350034],[92.39322953758835,27.672263200559303],[92.4605138004616,27.782243551963376],[92.46815973942446,27.815237657384596],[92.25713182404931,27.861979306731328],[91.8809516270762,27.721754358691136],[91.63016482909413,27.80149011345909],[91.6546318337753,27.48254709438728],[92.0139909650301,27.489420866350034]]]},"properties":{"district":"Tawang","state":"Arunachal Pradesh"}},
{"type":"Feature","geometry":{"type":"Polygon","coordinates":[[[93.94229677146542,27.511416936630848],[93.6655137810096,27.336823128776885],[93.5431787576037,27.62139728803492],[93.51412418954482,27.65026713027849],[93.22969526012612,27.603525480931758],[93.33062165443597,27.354694935880048],[93.39790591730922,26.957390916432836],[93.69762672465365,26.99450928503171],[94.21907976192124,27.504543164668092],[93.94229677146542,27.511416936630848]]]},"properties":{"district":"Papum Pare","state":"Arunachal Pradesh"}},
{"type":"Feature","geometry":{"type":"Polygon","coordinates":[[[94.26648458349102,27.519665462986154],[94.21907976192124,27.504543164668092],[93.69762672465365,26.99450928503171],[93.7694985509046,26.844661056243663],[93.96370540056145,26.924396811011615],[94.56314701525031,27.18147588241863],[94.62584371474583,27.336823128776885],[94.39034879468949,27.350570672702393],[94.26648458349102,27.519665462986154]]]},"properties":{"district":"Lakhimpur","state":"Assam"}},
{"type":"Feature","geometry":{"type":"Polygon","coordinates":[[[95.48371806637961,27.24196507569087],[95.37667492089946,27.096241110080477],[95.4959515687202,26.817165968392644],[95.68404166720676,26.90377549512335],[95.63357847005183,27.230967040550464],[95.48371806637961,27.24196507569087]]]},"properties":{"district":"Tirap","state":"Arunachal Pradesh"}},
{"type":"Feature","geometry":{"type":"Polygon","coordinates":[[[94.59373077110178,27.14573226821231],[94.39646554585978,26.950517144470084],[94.58608483213891,26.725057424091734],[94.73594523581112,26.749803003157652],[94.79099599634377,26.79654465250438],[94.92403533429767,26.94914239007753],[94.8353424423284,27.092116846902826],[94.59373077110178,27.14573226821231]]]},"properties":{"district":"Sivasagar","state":"Assam"}},
{"type":"Feature","geometry":{"type":"Polygon","coordinates":[[[94.39646554585978,26.950517144470084],[94.00040590758321,26.866657126524476],[94.1640290013886,26.35112422931789],[94.3138894050608,26.461104580721962],[94.58608483213891,26.725057424091734],[94.39646554585978,26.950517144470084]]]},"properties":{"district":"Jorhat","state":"Assam"}},
{"type":"Feature","geometry":{"type":"Polygon","coordinates":[[[94.79099599634377,26.79654465250438],[94.91333101974966,26.37999407156146],[95.12282974733225,26.34837472053279],[95.0616622356293,26.450106545581555],[95.23446045619012,26.682440037922657],[95.19623076137577,27.034377162415687],[94.92403533429767,26.94914239007753],[94.79099599634377,26.79654465250438]]]},"properties":{"district":"Mon","state":"Nagaland"}},
{"type":"Feature","geometry":{"type":"Polygon","coordinates":[[[93.06148460294303,26.921647302226514],[92.65624983791102,27.00825682895722],[92.35958740615173,26.925771565404165],[92.35958740615173,26.58345772165899],[92.34123715264084,26.50234721249849],[92.41922573006211,26.514720002031446],[92.95138308187772,26.620576090257867],[93.14406074374199,26.594455756799398],[93.06148460294303,26.921647302226514]]]},"properties":{"district":"Sonitpur","state":"Assam"}},
{"type":"Feature","geometry":{"type":"Polygon","coordinates":[[[93.7694985509046,26.844661056243663],[93.3061546497548,26.69756233624072],[93.29697952299935,26.575209195303685],[93.70068510023879,26.60682854633236],[93.89336276210307,26.371745545206153],[93.7756153020749,25.96894250818874],[93.954530273806,25.96894250818874],[94.1640290013886,26.35112422931789],[94.00040590758321,26.866657126524476],[93.96370540056145,26.924396811011615],[93.7694985509046,26.844661056243663]]]},"properties":{"district":"Golaghat","state":"Assam"}},
{"type":"Feature","geometry":{"type":"Polygon","coordinates":[[[94.73594523581112,26.749803003157652],[94.70994904333736,26.445982282403904],[94.91333101974966,26.37999407156146],[94.79099599634377,26.79654465250438],[94.73594523581112,26.749803003157652]]]},"properties":{"district":"Longleng","state":"Nagaland"}},
{"type":"Feature","geometry":{"type":"Polygon","coordinates":[[[94.58608483213891,26.725057424091734],[94.3138894050608,26.461104580721962],[94.3719985411786,26.19577698295964],[94.58302645655377,26.219147807633004],[94.70994904333736,26.445982282403904],[94.73594523581112,26.749803003157652],[94.58608483213891,26.725057424091734]]]},"properties":{"district":"Mokokchung","state":"Nagaland"}},
{"type":"Feature","geometry":{"type":"Polygon","coordinates":[[[92.35958740615173,26.925771565404165],[92.11338817154738,26.892777459982945],[91.89318512941679,26.91889779344141],[91.70356584313765,26.813041705214992],[91.77849604497376,26.513345247638895],[92.0721001011479,26.64669642371633],[92.35958740615173,26.58345772165899],[92.35958740615173,26.925771565404165]]]},"properties":{"district":"Udalguri","state":"Assam"}},
{"type":"Feature","geometry":{"type":"Polygon","coordinates":[[[90.87474605956277,26.562836405770728],[90.95120544919143,26.777298091008667],[90.71723971692768,26.769049564653365],[90.33647195657684,26.862532863346825],[90.39916865607236,26.44185801922625],[90.84722067929644,26.528467545956957],[90.87474605956277,26.562836405770728]]]},"properties":{"district":"Chirang","state":"Assam"}},
{"type":"Feature","geometry":{"type":"Polygon","coordinates":[[[91.70356584313765,26.813041705214992],[90.95120544919143,26.777298091008667],[90.87474605956277,26.562836405770728],[91.24939706874329,26.522968528386752],[91.57817244414662,26.528467545956957],[91.78002523276633,26.478976387825124],[91.77849604497376,26.513345247638895],[91.70356584313765,26.813041705214992]]]},"properties":{"district":"Baksa","state":"Assam"}},
{"type":"Feature","geometry":{"type":"Polygon","coordinates":[[[92.41922573006211,26.514720002031446],[92.39475872538092,26.113291719406586],[92.75258866884315,26.054177280526897],[92.80152267820552,26.20127600052984],[93.01255059358067,26.507846230068694],[93.29697952299935,26.575209195303685],[93.3061546497548,26.69756233624072],[93.14406074374199,26.594455756799398],[92.95138308187772,26.620576090257867],[92.41922573006211,26.514720002031446]]]},"properties":{"district":"Nagaon","state":"Assam"}},
{"type":"Feature","geometry":{"type":"Polygon","coordinates":[[[90.33647195657684,26.862532863346825],[89.85171942633102,26.69756233624072],[89.83489836061271,26.414362931375234],[89.84254429957558,26.38274358034656],[89.88230318218248,26.1352877896874],[90.42516484854612,26.363497018850847],[90.39916865607236,26.44185801922625],[90.33647195657684,26.862532863346825]]]},"properties":{"district":"Kokrajhar","state":"Assam"}},
{"type":"Feature","geometry":{"type":"Polygon","coordinates":[[[92.35958740615173,26.58345772165899],[92.0721001011479,26.64669642371633],[91.77849604497376,26.513345247638895],[91.78002523276633,26.478976387825124],[91.7479122891223,26.209524526885147],[91.98034883359348,26.27413798333504],[92.34123715264084,26.50234721249849],[92.35958740615173,26.58345772165899]]]},"properties":{"district":"Darrang","state":"Assam"}},
{"type":"Feature","geometry":{"type":"Polygon","coordinates":[[[94.91333101974966,26.37999407156146],[94.70994904333736,26.445982282403904],[94.58302645655377,26.219147807633004],[94.66866097293789,26.019808420713122],[94.84604675687642,26.04180449099394],[95.01425741405951,25.89058150781334],[95.12282974733225,26.34837472053279],[94.91333101974966,26.37999407156146]]]},"properties":{"district":"Tuensang","state":"Nagaland"}},
{"type":"Feature","geometry":{"type":"Polygon","coordinates":[[[90.84722067929644,26.528467545956957],[90.6698348953579,26.202650754922395],[90.94355951022857,26.094045157910873],[91.22340087626955,26.179279930249027],[91.24939706874329,26.522968528386752],[90.87474605956277,26.562836405770728],[90.84722067929644,26.528467545956957]]]},"properties":{"district":"Barpeta","state":"Assam"}},
{"type":"Feature","geometry":{"type":"Polygon","coordinates":[[[91.24939706874329,26.522968528386752],[91.22340087626955,26.179279930249027],[91.52465087140655,26.33600193099983],[91.57817244414662,26.528467545956957],[91.24939706874329,26.522968528386752]]]},"properties":{"district":"Nalbari","state":"Assam"}},
{"type":"Feature","geometry":{"type":"Polygon","coordinates":[[[92.34123715264084,26.50234721249849],[91.98034883359348,26.27413798333504],[92.17302649545775,26.07617335080771],[92.27395288976761,26.065175315667304],[92.39475872538092,26.113291719406586],[92.41922573006211,26.514720002031446],[92.34123715264084,26.50234721249849]]]},"properties":{"district":"Morigaon","state":"Assam"}},
{"type":"Feature","geometry":{"type":"Polygon","coordinates":[[[91.57817244414662,26.528467545956957],[91.52465087140655,26.33600193099983],[91.22340087626955,26.179279930249027],[90.94355951022857,26.094045157910873],[91.02613565102754,25.886457244635686],[91.00778539751667,25.824593296970896],[91.33503158512741,25.841090349681508],[91.5797016319392,26.033555964638634],[91.72344528444111,26.034930719031184],[91.7479122891223,26.209524526885147],[91.78002523276633,26.478976387825124],[91.57817244414662,26.528467545956957]]]},"properties":{"district":"Kamrup","state":"Assam"}},
{"type":"Feature","geometry":{"type":"Polygon","coordinates":[[[90.39916865607236,26.44185801922625],[90.42516484854612,26.363497018850847],[90.38999352931692,26.204025509314945],[90.6698348953579,26.202650754922395],[90.84722067929644,26.528467545956957],[90.39916865607236,26.44185801922625]]]},"properties":{"district":"Bongaigaon","state":"Assam"}},
{"type":"Feature","geometry":{"type":"Polygon","coordinates":[[[89.84254429957558,26.38274358034656],[89.72938440292513,26.17103140389372],[89.84254429957558,25.882332981458035],[90.17896561394177,26.04867826295669],[90.38999352931692,26.204025509314945],[90.42516484854612,26.363497018850847],[89.88230318218248,26.1352877896874],[89.84254429957558,26.38274358034656]]]},"properties":{"district":"Dhubri","state":"Assam"}},
{"type":"Feature","geometry":{"type":"Polygon","coordinates":[[[91.7479122891223,26.209524526885147],[91.72344528444111,26.034930719031184],[92.17302649545775,26.07617335080771],[91.98034883359348,26.27413798333504],[91.7479122891223,26.209524526885147]]]},"properties":{"district":"Kamrup Metropolitan","state":"Assam"}},
{"type":"Feature","geometry":{"type":"Polygon","coordinates":[[[94.66866097293789,26.019808420713122],[94.71300741892252,25.758605086128455],[94.88274726389818,25.586760787059593],[95.01425741405951,25.89058150781334],[94.84604675687642,26.04180449099394],[94.66866097293789,26.019808420713122]]]},"properties":{"district":"Kiphire","state":"Nagaland"}},
{"type":"Feature","geometry":{"type":"Polygon","coordinates":[[[90.6698348953579,26.202650754922395],[90.38999352931692,26.204025509314945],[90.17896561394177,26.04867826295669],[90.12238566561655,25.959319227440886],[90.43433997530157,25.990938578469557],[91.02613565102754,25.886457244635686],[90.94355951022857,26.094045157910873],[90.6698348953579,26.202650754922395]]]},"properties":{"district":"Goalpara","state":"Assam"}},
{"type":"Feature","geometry":{"type":"Polygon","coordinates":[[[92.17302649545775,26.07617335080771],[91.72344528444111,26.034930719031184],[91.5797016319392,26.033555964638634],[91.33503158512741,25.841090349681508],[91.7876711717292,25.790224437157125],[91.82895924212869,25.673370313790297],[92.13173842505827,25.640376208369076],[92.15161786636173,25.671995559397747],[92.16385136870231,25.970317262581293],[92.27395288976761,26.065175315667304],[92.17302649545775,26.07617335080771]]]},"properties":{"district":"Ribhoi","state":"Meghalaya"}},
{"type":"Feature","geometry":{"type":"Polygon","coordinates":[[[93.06454297852817,25.775102138839063],[92.82140211950896,25.740733279025292],[92.66083740128873,25.57163848874153],[92.56908613373432,25.465782400515113],[92.79234755145006,25.282940066305844],[92.54003156567542,25.09872297770402],[93.01407978137324,25.06160460910515],[93.24651632584442,24.97224557358934],[93.46977774356017,25.30631089097921],[93.3290924666434,25.54276864649796],[93.14253155594942,25.71873720874448],[93.06454297852817,25.775102138839063]]]},"properties":{"district":"Dima Hasao","state":"Assam"}},
{"type":"Feature","geometry":{"type":"Polygon","coordinates":[[[94.17320412814404,24.631306484236717],[94.37505691676375,24.49383104498163],[94.62890209033097,24.75640913395885],[94.743591174774,25.03685903003923],[94.65336909501215,25.115220030414633],[94.16708737697374,24.92687867863516],[94.17320412814404,24.631306484236717]]]},"properties":{"district":"Kamjong","state":"Manipur"}},
{"type":"Feature","geometry":{"type":"Polygon","coordinates":[[[91.00778539751667,25.824593296970896],[90.942030322436,25.7544808229508],[90.76158616291232,25.552391927245818],[90.83957474033357,25.30768564537176],[91.1683501157369,25.465782400515113],[91.54605950050258,25.482279453225722],[91.82895924212869,25.673370313790297],[91.7876711717292,25.790224437157125],[91.33503158512741,25.841090349681508],[91.00778539751667,25.824593296970896]]]},"properties":{"district":"West Khasi Hills","state":"Meghalaya"}},
{"type":"Feature","geometry":{"type":"Polygon","coordinates":[[[93.46977774356017,25.30631089097921],[93.60587545709922,25.199080048360237],[93.8046698701338,25.46303289173001],[93.93618002029513,25.559265699208574],[93.92853408133226,25.670620805005196],[93.51259500175223,25.674745068182848],[93.3290924666434,25.54276864649796],[93.46977774356017,25.30631089097921]]]},"properties":{"district":"Peren","state":"Nagaland"}},
{"type":"Feature","geometry":{"type":"Polygon","coordinates":[[[93.8046698701338,25.46303289173001],[93.92088814236939,25.395669926495017],[93.99734753199806,25.192206276397485],[94.21449219854352,25.175709223686873],[94.4882168134142,25.60463259416275],[94.19002519386234,25.548267664068167],[93.93618002029513,25.559265699208574],[93.8046698701338,25.46303289173001]]]},"properties":{"district":"Senapati","state":"Manipur"}},
{"type":"Feature","geometry":{"type":"Polygon","coordinates":[[[92.56908613373432,25.465782400515113],[92.17455568325033,25.35442729471849],[92.1990226879315,25.12484331116249],[92.4253424812324,25.02998525807648],[92.54003156567542,25.09872297770402],[92.79234755145006,25.282940066305844],[92.56908613373432,25.465782400515113]]]},"properties":{"district":"East Jaintia Hills","state":"Meghalaya"}},
{"type":"Feature","geometry":{"type":"Polygon","coordinates":[[[91.82895924212869,25.673370313790297],[91.54605950050258,25.482279453225722],[91.54758868829515,25.287064329483496],[91.35491102643087,25.23344890817401],[91.6026394488278,25.174334469294323],[92.01704934061524,25.18945676761238],[92.11185898375481,25.30631089097921],[92.13173842505827,25.640376208369076],[91.82895924212869,25.673370313790297]]]},"properties":{"district":"East Khasi Hills","state":"Meghalaya"}},
{"type":"Feature","geometry":{"type":"Polygon","coordinates":[[[93.24651632584442,24.97224557358934],[93.17464449959347,24.797651765735377],[93.21440338220037,24.69729469507916],[93.40708104406465,24.825146853586393],[93.75726504856401,24.792152748165172],[93.77255692648976,25.15371315340606],[93.92088814236939,25.395669926495017],[93.8046698701338,25.46303289173001],[93.60587545709922,25.199080048360237],[93.46977774356017,25.30631089097921],[93.24651632584442,24.97224557358934]]]},"properties":{"district":"Tamenglong","state":"Manipur"}},
{"type":"Feature","geometry":{"type":"Polygon","coordinates":[[[90.76158616291232,25.552391927245818],[90.64383870288415,25.41629124238328],[90.31965089085854,25.464407646122563],[90.23401637447442,25.203204311537892],[90.96955570270232,25.172959714901772],[90.83957474033357,25.30768564537176],[90.76158616291232,25.552391927245818]]]},"properties":{"district":"South Garo Hills","state":"Meghalaya"}},
{"type":"Feature","geometry":{"type":"Polygon","coordinates":[[[92.89633232134507,24.39072446554031],[93.00949221799551,24.412720535821126],[93.08748079541677,24.572192045357028],[93.17464449959347,24.797651765735377],[93.24651632584442,24.97224557358934],[93.01407978137324,25.06160460910515],[92.54003156567542,25.09872297770402],[92.4253424812324,25.02998525807648],[92.51556456099425,24.88013702928843],[92.57979044828234,24.871888502933125],[92.7617637955986,24.51307760647734],[92.89633232134507,24.39072446554031]]]},"properties":{"district":"Cachar","state":"Assam"}},
{"type":"Feature","geometry":{"type":"Polygon","coordinates":[[[93.9147713911991,24.91038162592455],[93.7694985509046,24.734413063678033],[93.86889575742188,24.52682515040285],[93.91324220340653,24.55432023825387],[93.94229677146542,24.719290765359975],[93.9147713911991,24.91038162592455]]]},"properties":{"district":"Imphal West","state":"Manipur"}},
{"type":"Feature","geometry":{"type":"Polygon","coordinates":[[[92.51556456099425,24.88013702928843],[92.29536151886364,24.737162572463138],[92.21431456585725,24.508953343299687],[92.29536151886364,24.245000499929915],[92.42228410564725,24.250499517500117],[92.57979044828234,24.871888502933125],[92.51556456099425,24.88013702928843]]]},"properties":{"district":"Karimganj","state":"Assam"}},
{"type":"Feature","geometry":{"type":"Polygon","coordinates":[[[92.7617637955986,24.51307760647734],[92.57979044828234,24.871888502933125],[92.42228410564725,24.250499517500117],[92.53238562671255,24.17763753469492],[92.7617637955986,24.51307760647734]]]},"properties":{"district":"Hailakandi","state":"Assam"}},
{"type":"Feature","geometry":{"type":"Polygon","coordinates":[[[93.86889575742188,24.52682515040285],[93.86583738183674,24.293116903669198],[93.86277900625159,24.20788213133104],[94.03863560239756,24.448464150027448],[94.02334372447181,24.519951378440094],[93.91324220340653,24.55432023825387],[93.86889575742188,24.52682515040285]]]},"properties":{"district":"Kakching","state":"Manipur"}},
{"type":"Feature","geometry":{"type":"Polygon","coordinates":[[[93.7694985509046,24.734413063678033],[93.73738560726056,24.62443271227396],[93.73432723167541,24.61755894031121],[93.69762672465365,24.425093325354084],[93.86583738183674,24.293116903669198],[93.86889575742188,24.52682515040285],[93.7694985509046,24.734413063678033]]]},"properties":{"district":"Bishnupur","state":"Manipur"}},
{"type":"Feature","geometry":{"type":"Polygon","coordinates":[[[93.86277900625159,24.20788213133104],[93.7404439828457,24.005793235626058],[94.15638306242572,23.847696480482707],[94.25272189335786,24.11439883263758],[94.03863560239756,24.448464150027448],[93.86277900625159,24.20788213133104]]]},"properties":{"district":"Chandel","state":"Manipur"}},
{"type":"Feature","geometry":{"type":"Polygon","coordinates":[[[93.86277900625159,24.20788213133104],[93.86583738183674,24.293116903669198],[93.69762672465365,24.425093325354084],[93.73432723167541,24.61755894031121],[93.38873079055378,24.568067782179376],[93.47895287031562,24.249124763107567],[93.37802647600576,24.08827849917911],[93.50494906278936,23.942554533568718],[93.7404439828457,24.005793235626058],[93.86277900625159,24.20788213133104]]]},"properties":{"district":"Churachandpur","state":"Manipur"}},
{"type":"Feature","geometry":{"type":"Polygon","coordinates":[[[92.29536151886364,24.245000499929915],[92.21431456585725,24.508953343299687],[92.07057091335533,24.3769769216148],[92.20361025130923,24.181761797872575],[92.08433360348849,23.98929618291545],[92.1760848710429,23.707471532442515],[92.26477776301218,23.726718093938228],[92.32441608692254,23.913684691325148],[92.29536151886364,24.245000499929915]]]},"properties":{"district":"North Tripura","state":"Tripura"}},
{"type":"Feature","geometry":{"type":"Polygon","coordinates":[[[92.08433360348849,23.98929618291545],[91.92376888526826,24.108899815067375],[91.75555822808516,24.1418939204886],[91.76779173042576,23.688224970946802],[91.80449223744752,23.51500591748539],[91.97423208242319,23.480637057671615],[92.1760848710429,23.707471532442515],[92.08433360348849,23.98929618291545]]]},"properties":{"district":"Dhalai","state":"Tripura"}},
{"type":"Feature","geometry":{"type":"Polygon","coordinates":[[[91.42066610151154,23.374780969445197],[91.39772828462293,23.585118391505485],[91.56899731739118,23.75971219935945],[91.56440975401345,23.787207287210467],[91.22645925185469,23.73221711150843],[91.16070417677403,23.594741672253342],[91.31973970720168,23.277173407574082],[91.42066610151154,23.374780969445197]]]},"properties":{"district":"Sipahijala","state":"Tripura"}},
{"type":"Feature","geometry":{"type":"Polygon","coordinates":[[[91.76779173042576,23.688224970946802],[91.56899731739118,23.75971219935945],[91.39772828462293,23.585118391505485],[91.42066610151154,23.374780969445197],[91.60722701220553,23.403650811688767],[91.7586166036703,23.266175372433676],[91.80449223744752,23.51500591748539],[91.76779173042576,23.688224970946802]]]},"properties":{"district":"Gomati","state":"Tripura"}},
{"type":"Feature","geometry":{"type":"Polygon","coordinates":[[[94.1640290013886,26.35112422931789],[93.954530273806,25.96894250818874],[94.00193509537579,25.990938578469557],[94.27565971024646,26.004686122395064],[94.3719985411786,26.19577698295964],[94.3138894050608,26.461104580721962],[94.1640290013886,26.35112422931789]]]},"properties":{"district":"Wokha","state":"Nagaland"}},
{"type":"Feature","geometry":{"type":"Polygon","coordinates":[[[94.3719985411786,26.19577698295964],[94.27565971024646,26.004686122395064],[94.27260133466132,25.794348700334776],[94.45610386977015,25.853463139214465],[94.71300741892252,25.758605086128455],[94.66866097293789,26.019808420713122],[94.58302645655377,26.219147807633004],[94.3719985411786,26.19577698295964]]]},"properties":{"district":"Zunheboto","state":"Nagaland"}},
{"type":"Feature","geometry":{"type":"Polygon","coordinates":[[[94.71300741892252,25.758605086128455],[94.45610386977015,25.853463139214465],[94.27260133466132,25.794348700334776],[94.19002519386234,25.548267664068167],[94.4882168134142,25.60463259416275],[94.67477772410817,25.44516108462685],[94.88274726389818,25.586760787059593],[94.71300741892252,25.758605086128455]]]},"properties":{"district":"Phek","state":"Nagaland"}},
{"type":"Feature","geometry":{"type":"Polygon","coordinates":[[[90.12238566561655,25.959319227440886],[89.8991242479008,25.726985735099785],[90.01993008351411,25.607382102947856],[90.15144023367544,25.375048610606754],[89.97405444973691,25.299437119016453],[90.23401637447442,25.203204311537892],[90.31965089085854,25.464407646122563],[90.40069784386495,25.758605086128455],[90.43433997530157,25.990938578469557],[90.12238566561655,25.959319227440886]]]},"properties":{"district":"West Garo Hills","state":"Meghalaya"}},
{"type":"Feature","geometry":{"type":"Polygon","coordinates":[[[90.942030322436,25.7544808229508],[90.83192880137071,25.819094279400694],[90.40069784386495,25.758605086128455],[90.31965089085854,25.464407646122563],[90.64383870288415,25.41629124238328],[90.76158616291232,25.552391927245818],[90.942030322436,25.7544808229508]]]},"properties":{"district":"East Garo Hills","state":"Meghalaya"}},
{"type":"Feature","geometry":{"type":"Polygon","coordinates":[[[93.93618002029513,25.559265699208574],[94.19002519386234,25.548267664068167],[94.27260133466132,25.794348700334776],[94.27565971024646,26.004686122395064],[94.00193509537579,25.990938578469557],[93.92853408133226,25.670620805005196],[93.93618002029513,25.559265699208574]]]},"properties":{"district":"Kohima","state":"Nagaland"}},
{"type":"Feature","geometry":{"type":"Polygon","coordinates":[[[93.7756153020749,25.96894250818874],[93.51259500175223,25.674745068182848],[93.92853408133226,25.670620805005196],[94.00193509537579,25.990938578469557],[93.954530273806,25.96894250818874],[93.7756153020749,25.96894250818874]]]},"properties":{"district":"Dimapur","state":"Nagaland"}},
{"type":"Feature","geometry":{"type":"Polygon","coordinates":[[[95.51888938560882,27.883975377012142],[95.56323583159345,28.255159063000885],[95.38279167206976,28.31152399309547],[95.22834370501982,28.15617674673722],[95.0677789867996,28.022825570659784],[95.13659243746541,27.815237657384596],[95.51430182223109,27.879851113834487],[95.51888938560882,27.883975377012142]]]},"properties":{"district":"East Siang","state":"Arunachal Pradesh"}},
{"type":"Feature","geometry":{"type":"Polygon","coordinates":[[[96.30489191099164,28.36926367758261],[95.96999978441802,27.95958686860244],[95.7742637469686,27.732752393831543],[96.2085530800595,27.877101605049386],[96.31100866216194,27.570531375510537],[96.69942236147563,27.659890411026346],[96.6321380986024,27.811113394206945],[96.28807084527332,28.061318693651206],[96.30489191099164,28.36926367758261]]]},"properties":{"district":"Lohit","state":"Arunachal Pradesh"}},
{"type":"Feature","geometry":{"type":"Polygon","coordinates":[[[93.22357850895582,28.34176858973159],[92.80152267820552,28.201543641691398],[92.73423841533227,27.97608392131305],[92.97890846214405,27.823486183739902],[93.23887038688156,27.80149011345909],[93.22969526012612,27.603525480931758],[93.51412418954482,27.65026713027849],[93.61810895943981,27.954087851032238],[93.45601505342701,28.271656115711494],[93.22357850895582,28.34176858973159]]]},"properties":{"district":"Kurung Kumey","state":"Arunachal Pradesh"}},
{"type":"Feature","geometry":{"type":"Polygon","coordinates":[[[93.94229677146542,27.511416936630848],[93.89030438651791,27.8207366749548],[93.5431787576037,27.62139728803492],[93.6655137810096,27.336823128776885],[93.94229677146542,27.511416936630848]]]},"properties":{"district":"Lower Subansiri","state":"Arunachal Pradesh"}},
{"type":"Feature","geometry":{"type":"Polygon","coordinates":[[[92.4605138004616,27.782243551963376],[92.66083740128873,27.48254709438728],[92.80305186599809,27.448178234573508],[92.80916861716838,27.17735161924098],[93.33062165443597,27.354694935880048],[93.22969526012612,27.603525480931758],[93.23887038688156,27.80149011345909],[92.97890846214405,27.823486183739902],[92.73423841533227,27.97608392131305],[92.46815973942446,27.815237657384596],[92.4605138004616,27.782243551963376]]]},"properties":{"district":"East Kameng","state":"Arunachal Pradesh"}},
{"type":"Feature","geometry":{"type":"Polygon","coordinates":[[[92.0139909650301,27.489420866350034],[92.03387040633356,27.064621759051807],[92.11338817154738,26.892777459982945],[92.35958740615173,26.925771565404165],[92.65624983791102,27.00825682895722],[92.80916861716838,27.17735161924098],[92.80305186599809,27.448178234573508],[92.66083740128873,27.48254709438728],[92.4605138004616,27.782243551963376],[92.39322953758835,27.672263200559303],[92.0139909650301,27.489420866350034]]]},"properties":{"district":"West Kameng","state":"Arunachal Pradesh"}},
{"type":"Feature","geometry":{"type":"Polygon","coordinates":[[[92.13173842505827,25.640376208369076],[92.11185898375481,25.30631089097921],[92.01704934061524,25.18945676761238],[92.1990226879315,25.12484331116249],[92.17455568325033,25.35442729471849],[92.56908613373432,25.465782400515113],[92.66083740128873,25.57163848874153],[92.44369273474328,25.72011196313703],[92.15161786636173,25.671995559397747],[92.13173842505827,25.640376208369076]]]},"properties":{"district":"West Jaintia Hills","state":"Meghalaya"}},
{"type":"Feature","geometry":{"type":"Polygon","coordinates":[[[90.83957474033357,25.30768564537176],[90.96955570270232,25.172959714901772],[91.35491102643087,25.23344890817401],[91.54758868829515,25.287064329483496],[91.54605950050258,25.482279453225722],[91.1683501157369,25.465782400515113],[90.83957474033357,25.30768564537176]]]},"properties":{"district":"South West Khasi Hills","state":"Meghalaya"}},
{"type":"Feature","geometry":{"type":"Polygon","coordinates":[[[91.02613565102754,25.886457244635686],[90.43433997530157,25.990938578469557],[90.40069784386495,25.758605086128455],[90.83192880137071,25.819094279400694],[90.942030322436,25.7544808229508],[91.00778539751667,25.824593296970896],[91.02613565102754,25.886457244635686]]]},"properties":{"district":"North Garo Hills","state":"Meghalaya"}},
{"type":"Feature","geometry":{"type":"Polygon","coordinates":[[[90.01993008351411,25.607382102947856],[89.87159886763448,25.47678043565552],[89.97405444973691,25.299437119016453],[90.15144023367544,25.375048610606754],[90.01993008351411,25.607382102947856]]]},"properties":{"district":"South West Garo Hills","state":"Meghalaya"}},
{"type":"Feature","geometry":{"type":"Polygon","coordinates":[[[91.75555822808516,24.1418939204886],[91.4696001108739,24.062158165720646],[91.56440975401345,23.787207287210467],[91.56899731739118,23.75971219935945],[91.76779173042576,23.688224970946802],[91.75555822808516,24.1418939204886]]]},"properties":{"district":"Khowai","state":"Tripura"}},
{"type":"Feature","geometry":{"type":"Polygon","coordinates":[[[91.56440975401345,23.787207287210467],[91.4696001108739,24.062158165720646],[91.29986026589822,23.997544709270752],[91.22645925185469,23.73221711150843],[91.56440975401345,23.787207287210467]]]},"properties":{"district":"West Tripura","state":"Tripura"}},
{"type":"Feature","geometry":{"type":"Polygon","coordinates":[[[91.31973970720168,23.277173407574082],[91.45430823294816,23.260676354863474],[91.54300112491742,22.999473020278803],[91.80602142524009,23.062711722336143],[91.7586166036703,23.266175372433676],[91.60722701220553,23.403650811688767],[91.42066610151154,23.374780969445197],[91.31973970720168,23.277173407574082]]]},"properties":{"district":"South Tripura","state":"Tripura"}},
{"type":"Feature","geometry":{"type":"Polygon","coordinates":[[[92.07057091335533,24.3769769216148],[91.92376888526826,24.108899815067375],[92.08433360348849,23.98929618291545],[92.20361025130923,24.181761797872575],[92.07057091335533,24.3769769216148]]]},"properties":{"district":"Unokoti","state":"Tripura"}},
{"type":"Feature","geometry":{"type":"Polygon","coordinates":[[[94.8353424423284,27.092116846902826],[94.92403533429767,26.94914239007753],[95.19623076137577,27.034377162415687],[95.3690289819366,27.109988654005985],[94.98520284600062,27.169103092885674],[94.8353424423284,27.092116846902826]]]},"properties":{"district":"Charaideo","state":"Assam"}},
{"type":"Feature","geometry":{"type":"Polygon","coordinates":[[[94.56314701525031,27.18147588241863],[93.96370540056145,26.924396811011615],[94.00040590758321,26.866657126524476],[94.39646554585978,26.950517144470084],[94.59373077110178,27.14573226821231],[94.56314701525031,27.18147588241863]]]},"properties":{"district":"Majuli","state":"Assam"}},
{"type":"Feature","geometry":{"type":"Polygon","coordinates":[[[93.39790591730922,26.957390916432836],[93.06148460294303,26.921647302226514],[93.14406074374199,26.594455756799398],[93.3061546497548,26.69756233624072],[93.7694985509046,26.844661056243663],[93.69762672465365,26.99450928503171],[93.39790591730922,26.957390916432836]]]},"properties":{"district":"Biswanath","state":"Assam"}},
{"type":"Feature","geometry":{"type":"Polygon","coordinates":[[[92.75258866884315,26.054177280526897],[93.06454297852817,25.775102138839063],[93.14253155594942,25.71873720874448],[93.24039957467413,25.84658936725171],[93.1088894245128,26.07754810520026],[92.80152267820552,26.20127600052984],[92.75258866884315,26.054177280526897]]]},"properties":{"district":"Hojai","state":"Assam"}},
{"type":"Feature","geometry":{"type":"Polygon","coordinates":[[[89.84254429957558,25.882332981458035],[89.87159886763448,25.47678043565552],[90.01993008351411,25.607382102947856],[89.8991242479008,25.726985735099785],[90.12238566561655,25.959319227440886],[90.17896561394177,26.04867826295669],[89.84254429957558,25.882332981458035]]]},"properties":{"district":"South Salmara Mankachar","state":"Assam"}},
{"type":"Feature","geometry":{"type":"Polygon","coordinates":[[[93.29697952299935,26.575209195303685],[93.01255059358067,26.507846230068694],[92.80152267820552,26.20127600052984],[93.1088894245128,26.07754810520026],[93.24039957467413,25.84658936725171],[93.14253155594942,25.71873720874448],[93.3290924666434,25.54276864649796],[93.51259500175223,25.674745068182848],[93.7756153020749,25.96894250818874],[93.89336276210307,26.371745545206153],[93.70068510023879,26.60682854633236],[93.29697952299935,26.575209195303685]]]},"properties":{"district":"Karbi Anglong","state":"Assam"}},
{"type":"Feature","geometry":{"type":"Polygon","coordinates":[[[92.39475872538092,26.113291719406586],[92.27395288976761,26.065175315667304],[92.16385136870231,25.970317262581293],[92.15161786636173,25.671995559397747],[92.44369273474328,25.72011196313703],[92.66083740128873,25.57163848874153],[92.82140211950896,25.740733279025292],[93.06454297852817,25.775102138839063],[92.75258866884315,26.054177280526897],[92.39475872538092,26.113291719406586]]]},"properties":{"district":"West Karbi Anglong","state":"Assam"}},
{"type":"Feature","geometry":{"type":"Polygon","coordinates":[[[93.45601505342701,28.271656115711494],[93.61810895943981,27.954087851032238],[93.51412418954482,27.65026713027849],[93.5431787576037,27.62139728803492],[93.89030438651791,27.8207366749548],[93.96217621276887,27.978833430098152],[93.83984118936299,28.237287255897723],[93.45601505342701,28.271656115711494]]]},"properties":{"district":"Kra Daadi","state":"Arunachal Pradesh"}},
{"type":"Feature","geometry":{"type":"Polygon","coordinates":[[[95.87366095348588,27.54441104205207],[96.31100866216194,27.570531375510537],[96.2085530800595,27.877101605049386],[95.7742637469686,27.732752393831543],[95.87366095348588,27.54441104205207]]]},"properties":{"district":"Namsai","state":"Arunachal Pradesh"}},
{"type":"Feature","geometry":{"type":"Polygon","coordinates":[[[95.3690289819366,27.109988654005985],[95.19623076137577,27.034377162415687],[95.23446045619012,26.682440037922657],[95.4959515687202,26.817165968392644],[95.37667492089946,27.096241110080477],[95.3690289819366,27.109988654005985]]]},"properties":{"district":"Longding","state":"Arunachal Pradesh"}},
{"type":"Feature","geometry":{"type":"Polygon","coordinates":[[[93.94229677146542,24.719290765359975],[94.07992367279704,24.689046168723856],[93.9147713911991,24.91038162592455],[93.94229677146542,24.719290765359975]]]},"properties":{"district":"Imphal East","state":"Manipur"}},
{"type":"Feature","geometry":{"type":"Polygon","coordinates":[[[93.17464449959347,24.797651765735377],[93.08748079541677,24.572192045357028],[93.17770287517861,24.536448431150706],[93.21440338220037,24.69729469507916],[93.17464449959347,24.797651765735377]]]},"properties":{"district":"Jiribam","state":"Manipur"}},
{"type":"Feature","geometry":{"type":"Polygon","coordinates":[[[94.16708737697374,24.92687867863516],[94.21449219854352,25.175709223686873],[93.99734753199806,25.192206276397485],[93.92088814236939,25.395669926495017],[93.77255692648976,25.15371315340606],[93.75726504856401,24.792152748165172],[93.73738560726056,24.62443271227396],[93.7694985509046,24.734413063678033],[93.9147713911991,24.91038162592455],[94.07992367279704,24.689046168723856],[94.11968255540395,24.625807466666515],[94.17320412814404,24.631306484236717],[94.16708737697374,24.92687867863516]]]},"properties":{"district":"Kangpokpi","state":"Manipur"}},
{"type":"Feature","geometry":{"type":"Polygon","coordinates":[[[93.91324220340653,24.55432023825387],[94.02334372447181,24.519951378440094],[94.11968255540395,24.625807466666515],[94.07992367279704,24.689046168723856],[93.94229677146542,24.719290765359975],[93.91324220340653,24.55432023825387]]]},"properties":{"district":"Thoubal","state":"Manipur"}},
{"type":"Feature","geometry":{"type":"Polygon","coordinates":[[[94.17320412814404,24.631306484236717],[94.11968255540395,24.625807466666515],[94.02334372447181,24.519951378440094],[94.03863560239756,24.448464150027448],[94.25272189335786,24.11439883263758],[94.37505691676375,24.49383104498163],[94.17320412814404,24.631306484236717]]]},"properties":{"district":"Tengnoupal","state":"Manipur"}},
{"type":"Feature","geometry":{"type":"Polygon","coordinates":[[[94.65336909501215,25.115220030414633],[94.67477772410817,25.44516108462685],[94.4882168134142,25.60463259416275],[94.21449219854352,25.175709223686873],[94.16708737697374,24.92687867863516],[94.65336909501215,25.115220030414633]]]},"properties":{"district":"Ukhrul","state":"Manipur"}},
{"type":"Feature","geometry":{"type":"Polygon","coordinates":[[[93.21440338220037,24.69729469507916],[93.17770287517861,24.536448431150706],[93.38873079055378,24.568067782179376],[93.73432723167541,24.61755894031121],[93.73738560726056,24.62443271227396],[93.75726504856401,24.792152748165172],[93.40708104406465,24.825146853586393],[93.21440338220037,24.69729469507916]]]},"properties":{"district":"Noney","state":"Manipur"}},
{"type":"Feature","geometry":{"type":"Polygon","coordinates":[[[93.2067574432375,24.047035867402585],[93.25263307701472,24.02091553394412],[93.37802647600576,24.08827849917911],[93.47895287031562,24.249124763107567],[93.38873079055378,24.568067782179376],[93.17770287517861,24.536448431150706],[93.08748079541677,24.572192045357028],[93.00949221799551,24.412720535821126],[92.97585008655889,24.11577358703013],[93.2067574432375,24.047035867402585]]]},"properties":{"district":"Pherzawl","state":"Manipur"}},
{"type":"Feature","geometry":{"type":"Polygon","coordinates":[[[95.38279167206976,28.31152399309547],[95.39502517441035,28.530109941511064],[95.26963177541931,29.049767101895302],[94.87357213714274,29.18311827797274],[94.6793652874859,29.327467489190585],[94.1869668182772,29.038769066754895],[94.39493635806721,28.931538224135927],[94.82005056440266,28.56860306450249],[95.0846000525179,28.52598567833341],[95.10600868161393,28.263407589356188],[95.22834370501982,28.15617674673722],[95.38279167206976,28.31152399309547]]]},"properties":{"district":"Upper Siang","state":"Arunachal Pradesh"}},
{"type":"Feature","geometry":{"type":"Polygon","coordinates":[[[94.31847696843852,27.77262027121552],[94.21296301075094,27.60627498971686],[94.46222062094044,27.555409077192476],[95.13659243746541,27.815237657384596],[95.0677789867996,28.022825570659784],[94.9286228976754,28.05169541290335],[94.8934515784462,28.015951798697028],[94.90109751740907,27.823486183739902],[94.59525995889435,27.870227833086634],[94.31847696843852,27.77262027121552]]]},"properties":{"district":"Lower Siang","state":"Arunachal Pradesh"}},
{"type":"Feature","geometry":{"type":"Polygon","coordinates":[[[95.39502517441035,28.530109941511064],[95.83237288308639,28.274405624496598],[95.94859115532199,28.481993537771782],[96.32630054008767,28.51086338001535],[96.58473327703261,28.717076538897985],[96.51897820195194,28.96728183834225],[96.15044394394171,29.049767101895302],[96.2437243992887,29.23260943610457],[96.08927643223876,29.45944391087547],[95.26963177541931,29.049767101895302],[95.39502517441035,28.530109941511064]]]},"properties":{"district":"Upper Dibang Valley","state":"Arunachal Pradesh"}},
{"type":"Feature","geometry":{"type":"Polygon","coordinates":[[[96.31406703774708,28.383011221508117],[96.32630054008767,28.51086338001535],[95.94859115532199,28.481993537771782],[95.83237288308639,28.274405624496598],[95.39502517441035,28.530109941511064],[95.38279167206976,28.31152399309547],[95.56323583159345,28.255159063000885],[95.51888938560882,27.883975377012142],[95.96999978441802,27.95958686860244],[96.30489191099164,28.36926367758261],[96.31406703774708,28.383011221508117]]]},"properties":{"district":"Lower Dibang Valley","state":"Arunachal Pradesh"}},
{"type":"Feature","geometry":{"type":"Polygon","coordinates":[[[95.22834370501982,28.15617674673722],[95.10600868161393,28.263407589356188],[95.0846000525179,28.52598567833341],[94.82005056440266,28.56860306450249],[94.39493635806721,28.931538224135927],[94.55855945187258,28.49436632730474],[94.48515843782906,28.395384011041074],[94.9286228976754,28.05169541290335],[95.0677789867996,28.022825570659784],[95.22834370501982,28.15617674673722]]]},"properties":{"district":"Siang","state":"Arunachal Pradesh"}},
{"type":"Feature","geometry":{"type":"Polygon","coordinates":[[[94.4010531092375,28.33901908094649],[94.48515843782906,28.395384011041074],[94.55855945187258,28.49436632730474],[94.39493635806721,28.931538224135927],[94.1869668182772,29.038769066754895],[93.96217621276887,28.712952275720333],[94.00193509537579,28.578226345250346],[94.4010531092375,28.33901908094649]]]},"properties":{"district":"Shi Yomi","state":"Arunachal Pradesh"}},
{"type":"Feature","geometry":{"type":"Polygon","coordinates":[[[93.33062165443597,27.354694935880048],[92.80916861716838,27.17735161924098],[92.65624983791102,27.00825682895722],[93.06148460294303,26.921647302226514],[93.39790591730922,26.957390916432836],[93.33062165443597,27.354694935880048]]]},"properties":{"district":"Pakke Kessang","state":"Arunachal Pradesh"}},
{"type":"Feature","geometry":{"type":"Polygon","coordinates":[[[94.48515843782906,28.02145081626723],[94.8934515784462,28.015951798697028],[94.9286228976754,28.05169541290335],[94.48515843782906,28.395384011041074],[94.4010531092375,28.33901908094649],[94.48515843782906,28.02145081626723]]]},"properties":{"district":"West Siang","state":"Arunachal Pradesh"}},
{"type":"Feature","geometry":{"type":"Polygon","coordinates":[[[94.59525995889435,27.870227833086634],[94.90109751740907,27.823486183739902],[94.8934515784462,28.015951798697028],[94.48515843782906,28.02145081626723],[94.59525995889435,27.870227833086634]]]},"properties":{"district":"Lepa Rada","state":"Arunachal Pradesh"}},
{"type":"Feature","geometry":{"type":"Polygon","coordinates":[[[93.96217621276887,27.978833430098152],[93.89030438651791,27.8207366749548],[93.94229677146542,27.511416936630848],[94.21907976192124,27.504543164668092],[94.26648458349102,27.519665462986154],[94.21296301075094,27.60627498971686],[94.31847696843852,27.77262027121552],[93.96217621276887,27.978833430098152]]]},"properties":{"district":"Kamle","state":"Arunachal Pradesh"}},
{"type":"Feature","geometry":{"type":"Polygon","coordinates":[[[92.87339450445647,12.331378934083835],[92.97432089876632,12.543091110536674],[92.9116241992708,13.054499744565607],[93.0339592226767,13.081994832416626],[93.04313434943214,13.528790009995667],[92.84128156081242,13.391314570740576],[92.79387673924263,12.862034129608482],[92.69906709610308,12.328629425298733],[92.87339450445647,12.331378934083835]]]},"properties":{"district":"North and Middle Andaman","state":"Andaman and Nicobar Islands"}},
{"type":"Feature","geometry":{"type":"Polygon","coordinates":[[[92.7556470444283,12.177406442118134],[92.6226077064744,12.101794950527836],[92.55073588022344,11.719613229398686],[92.75105948105058,11.609632877994613],[92.7556470444283,12.177406442118134]]]},"properties":{"district":"South Andaman","state":"Andaman and Nicobar Islands"}},
{"type":"Feature","geometry":{"type":"Polygon","coordinates":[[[93.83678281377783,7.240663418467861],[93.64563433970613,7.126558803886136],[93.80008230675607,6.766373153037801],[93.9147713911991,6.94921548724707],[93.83678281377783,7.240663418467861]]]},"properties":{"district":"Nicobars","state":"Andaman and Nicobar Islands"}},
{"type":"Feature","geometry":{"type":"Polygon","coordinates":[[[78.07238586013652,29.082761207316523],[78.12131986949888,28.87792280282644],[78.21001276146815,28.626342748989625],[78.3048224046077,28.438001397210154],[78.40727798671014,28.78168999534788],[78.62289346546302,28.806435574413793],[78.53267138570118,29.064889400213364],[78.07238586013652,29.082761207316523]]]},"properties":{"district":"Amroha","state":"Uttar Pradesh"}},
{"type":"Feature","geometry":{"type":"Polygon","coordinates":[[[75.47429580055396,28.926039206565722],[75.21892143919418,28.865550013293483],[74.80298235961415,28.928788715350823],[74.74946078687408,28.853177223760525],[74.16072348673323,28.776190977777674],[74.02768414877933,28.376137449545364],[74.29376282468714,28.145178711596813],[74.2264785618139,27.816612411777147],[73.8671194305591,27.779494043178275],[73.87476536952197,27.537537270089317],[74.19589480596242,27.49904414709789],[74.34116764625692,27.68188648130716],[74.71734784323003,27.677762218129505],[74.73569809674092,27.890849148974898],[74.8870876882057,28.18917085215844],[75.02471458953733,28.20291839608395],[75.24797600725307,28.46412173066862],[75.50029199302772,28.336269572161388],[75.67003183800338,28.519111906370657],[75.47429580055396,28.926039206565722]]]},"properties":{"district":"Churu","state":"Rajasthan"}},
{"type":"Feature","geometry":{"type":"Polygon","coordinates":[[[78.12131986949888,28.87792280282644],[77.69008891199312,28.744571626749003],[77.56622470079466,28.652463082448094],[77.68397216082283,28.557605029362083],[77.96228433907123,28.715701784505434],[78.21001276146815,28.626342748989625],[78.12131986949888,28.87792280282644]]]},"properties":{"district":"Hapur","state":"Uttar Pradesh"}},
{"type":"Feature","geometry":{"type":"Polygon","coordinates":[[[77.34143409528635,28.609845696279017],[77.2221574474656,28.83118115347971],[77.21604069629531,28.853177223760525],[76.94231608142462,28.798187048058487],[76.88420694530683,28.502614853660045],[77.17475262589582,28.40500729178893],[77.34755084645664,28.520486660763208],[77.34143409528635,28.609845696279017]]]},"properties":{"district":"Delhi","state":"Delhi"}},
{"type":"Feature","geometry":{"type":"Polygon","coordinates":[[[76.88420694530683,28.809185083198894],[76.4223922319496,28.701954240579926],[76.29241126958084,28.468245993846274],[76.66859146655395,28.378886958330465],[76.88420694530683,28.502614853660045],[76.94231608142462,28.798187048058487],[76.88420694530683,28.809185083198894]]]},"properties":{"district":"Jhajjar","state":"Haryana"}},
{"type":"Feature","geometry":{"type":"Polygon","coordinates":[[[79.68262060571654,28.854551978153076],[79.42265868097903,28.897169364322153],[79.20551401443356,28.57135257328759],[78.9715482821698,28.421504344499542],[79.10152924453857,28.22079020318711],[79.4241878687716,28.174048553840382],[79.50370563398542,28.015951798697028],[79.70250004702,28.256533817393436],[79.78201781223382,28.503989608052596],[79.62145309401359,28.642839801700237],[79.68262060571654,28.854551978153076]]]},"properties":{"district":"Bareilly","state":"Uttar Pradesh"}},
{"type":"Feature","geometry":{"type":"Polygon","coordinates":[[[79.70250004702,28.256533817393436],[80.35852161003407,28.329395800198633],[80.44721450200333,28.517737151978107],[80.31417516404943,28.62909225777473],[80.06491755385994,28.836680171049913],[79.68262060571654,28.854551978153076],[79.62145309401359,28.642839801700237],[79.78201781223382,28.503989608052596],[79.70250004702,28.256533817393436]]]},"properties":{"district":"Pilibhit","state":"Uttar Pradesh"}},
{"type":"Feature","geometry":{"type":"Polygon","coordinates":[[[78.21001276146815,28.626342748989625],[77.96228433907123,28.715701784505434],[77.68397216082283,28.557605029362083],[77.63350896366791,28.427003362069748],[77.73290617018519,28.1286816588862],[78.17942900561668,28.076440991969267],[78.47914981296111,28.11218460617559],[78.3048224046077,28.438001397210154],[78.21001276146815,28.626342748989625]]]},"properties":{"district":"Bulandshahr","state":"Uttar Pradesh"}},
{"type":"Feature","geometry":{"type":"Polygon","coordinates":[[[77.56622470079466,28.652463082448094],[77.34143409528635,28.609845696279017],[77.34755084645664,28.520486660763208],[77.50046962571399,28.205667904869053],[77.47600262103282,28.084689518324573],[77.73290617018519,28.1286816588862],[77.63350896366791,28.427003362069748],[77.68397216082283,28.557605029362083],[77.56622470079466,28.652463082448094]]]},"properties":{"district":"Gautam Buddha Nagar","state":"Uttar Pradesh"}},
{"type":"Feature","geometry":{"type":"Polygon","coordinates":[[[80.35852161003407,28.329395800198633],[80.25453684013907,28.090188535894775],[80.02974623463074,27.901847184115304],[80.06032999048222,27.760247481682562],[80.31111678846429,27.68051172691461],[80.64142135166018,27.83860848205796],[81.1796954546461,27.784993060748477],[81.28215103674853,27.68188648130716],[81.30508885363713,27.907346201685506],[81.0405393655219,28.285403659637005],[81.05277286786249,28.40500729178893],[80.55272845969091,28.69095620543952],[80.31417516404943,28.62909225777473],[80.44721450200333,28.517737151978107],[80.35852161003407,28.329395800198633]]]},"properties":{"district":"Lakhimpur Kheri","state":"Uttar Pradesh"}},
{"type":"Feature","geometry":{"type":"Polygon","coordinates":[[[75.02471458953733,28.20291839608395],[75.28467651427484,27.719004849906035],[75.6868529037217,27.67913697252206],[75.93305213832605,27.92796751757377],[76.05538716173194,28.22079020318711],[75.89329325571913,28.389884993470872],[75.67003183800338,28.519111906370657],[75.50029199302772,28.336269572161388],[75.24797600725307,28.46412173066862],[75.02471458953733,28.20291839608395]]]},"properties":{"district":"Jhunjhunu","state":"Rajasthan"}},
{"type":"Feature","geometry":{"type":"Polygon","coordinates":[[[76.66859146655395,28.378886958330465],[76.85821075283309,28.229038729542417],[77.19157369161412,28.208417413654153],[77.22368663525818,28.266157098141292],[77.17475262589582,28.40500729178893],[76.88420694530683,28.502614853660045],[76.66859146655395,28.378886958330465]]]},"properties":{"district":"Gurugram","state":"Haryana"}},
{"type":"Feature","geometry":{"type":"Polygon","coordinates":[[[77.34755084645664,28.520486660763208],[77.17475262589582,28.40500729178893],[77.22368663525818,28.266157098141292],[77.50046962571399,28.205667904869053],[77.34755084645664,28.520486660763208]]]},"properties":{"district":"Faridabad","state":"Haryana"}},
{"type":"Feature","geometry":{"type":"Polygon","coordinates":[[[75.93305213832605,27.92796751757377],[76.07679579082797,27.841357990843065],[76.22512700670761,27.83310946448776],[76.15937193162694,27.998079991593865],[76.3122907108843,28.178172817018034],[76.28476533061797,28.42975287085485],[75.90552675805972,28.43250237963995],[75.89329325571913,28.389884993470872],[76.05538716173194,28.22079020318711],[75.93305213832605,27.92796751757377]]]},"properties":{"district":"Mahendragarh","state":"Haryana"}},
{"type":"Feature","geometry":{"type":"Polygon","coordinates":[[[76.29241126958084,28.468245993846274],[76.28476533061797,28.42975287085485],[76.3122907108843,28.178172817018034],[76.54319806756291,28.03382360580019],[76.85362318945536,28.22079020318711],[76.85821075283309,28.229038729542417],[76.66859146655395,28.378886958330465],[76.29241126958084,28.468245993846274]]]},"properties":{"district":"Rewari","state":"Haryana"}},
{"type":"Feature","geometry":{"type":"Polygon","coordinates":[[[78.9715482821698,28.421504344499542],[78.93943533852575,28.459997467490968],[78.87215107565252,28.468245993846274],[78.65194803352192,28.318397765058226],[78.57854701947839,28.06269344804376],[78.60760158753729,28.01870130748213],[79.09694168116084,27.830359955702658],[79.18410538533753,27.71350583233583],[79.35078685472806,27.658515656633796],[79.50370563398542,28.015951798697028],[79.4241878687716,28.174048553840382],[79.10152924453857,28.22079020318711],[78.9715482821698,28.421504344499542]]]},"properties":{"district":"Budaun","state":"Uttar Pradesh"}},
{"type":"Feature","geometry":{"type":"Polygon","coordinates":[[[71.88070448800599,27.91421997364826],[71.20480348368845,27.83585897327286],[70.75828064825696,27.721754358691136],[70.67723369525056,27.921093745611017],[70.37139613673584,28.011827535519377],[70.13284284109436,27.80561437663674],[70.02579969561421,27.56228284915523],[69.58692279914558,27.184225391203736],[69.5104634095169,26.742929231194896],[69.88664360649001,26.57933345848134],[70.17413091149385,26.55183837063032],[70.14048878005723,26.155909105575663],[70.65429587836196,26.19577698295964],[70.94025399557322,26.07892285959281],[71.21244942265132,26.4432327736188],[71.5733377416987,26.506471475676143],[71.89293799034658,26.297508808008406],[72.06420702311482,26.35112422931789],[72.03821083064108,26.681065283530106],[72.10243671792917,26.88727844241274],[71.80883266175503,27.441304462610752],[72.04891514518908,27.615898270464715],[72.24312199484594,27.48392184877983],[72.13913722495093,27.879851113834487],[71.88070448800599,27.91421997364826]]]},"properties":{"district":"Jaisalmer","state":"Rajasthan"}},
{"type":"Feature","geometry":{"type":"Polygon","coordinates":[[[81.28215103674853,27.68188648130716],[81.41213199911728,27.33407361999178],[81.51458758121971,27.08386832054752],[81.98098985795467,27.434430690647996],[81.68126905061024,27.571906129903088],[81.74243656231317,27.952713096639688],[81.05277286786249,28.40500729178893],[81.0405393655219,28.285403659637005],[81.30508885363713,27.907346201685506],[81.28215103674853,27.68188648130716]]]},"properties":{"district":"Bahraich","state":"Uttar Pradesh"}},
{"type":"Feature","geometry":{"type":"Polygon","coordinates":[[[76.85821075283309,28.229038729542417],[76.85362318945536,28.22079020318711],[76.96984146169095,28.138304939634057],[76.97748740065381,27.65439139345614],[77.04477166352706,27.8207366749548],[77.28332495916854,27.798740604673984],[77.34449247087149,27.849606517198367],[77.1579315601775,27.948588833462033],[77.19157369161412,28.208417413654153],[76.85821075283309,28.229038729542417]]]},"properties":{"district":"Nuh","state":"Haryana"}},
{"type":"Feature","geometry":{"type":"Polygon","coordinates":[[[79.50370563398542,28.015951798697028],[79.35078685472806,27.658515656633796],[79.59086933816212,27.598026463361556],[79.7361421784566,27.445428725788407],[79.68567898130168,27.637894340745532],[80.06032999048222,27.760247481682562],[80.02974623463074,27.901847184115304],[80.25453684013907,28.090188535894775],[80.35852161003407,28.329395800198633],[79.70250004702,28.256533817393436],[79.50370563398542,28.015951798697028]]]},"properties":{"district":"Shahjahanpur","state":"Uttar Pradesh"}},
{"type":"Feature","geometry":{"type":"Polygon","coordinates":[[[74.71734784323003,27.677762218129505],[74.89932119054629,27.33132411120668],[75.31526027012632,27.14435751381976],[75.91776026040031,27.45092774335861],[76.07679579082797,27.841357990843065],[75.93305213832605,27.92796751757377],[75.6868529037217,27.67913697252206],[75.28467651427484,27.719004849906035],[75.02471458953733,28.20291839608395],[74.8870876882057,28.18917085215844],[74.73569809674092,27.890849148974898],[74.71734784323003,27.677762218129505]]]},"properties":{"district":"Sikar","state":"Rajasthan"}},
{"type":"Feature","geometry":{"type":"Polygon","coordinates":[[[77.50046962571399,28.205667904869053],[77.22368663525818,28.266157098141292],[77.19157369161412,28.208417413654153],[77.1579315601775,27.948588833462033],[77.34449247087149,27.849606517198367],[77.5295241937729,27.92659276318122],[77.47600262103282,28.084689518324573],[77.50046962571399,28.205667904869053]]]},"properties":{"district":"Palwal","state":"Haryana"}},
{"type":"Feature","geometry":{"type":"Polygon","coordinates":[[[76.22512700670761,27.83310946448776],[76.2373605090482,27.474298568031973],[76.11655467343488,27.23371654933557],[76.28017776724026,27.064621759051807],[76.9560787715578,27.14298275942721],[77.14569805783692,27.320326076066273],[76.97748740065381,27.65439139345614],[76.96984146169095,28.138304939634057],[76.85362318945536,28.22079020318711],[76.54319806756291,28.03382360580019],[76.3122907108843,28.178172817018034],[76.15937193162694,27.998079991593865],[76.22512700670761,27.83310946448776]]]},"properties":{"district":"Alwar","state":"Rajasthan"}},
{"type":"Feature","geometry":{"type":"Polygon","coordinates":[[[88.48309635197764,27.37531625176831],[88.79352147387009,27.416558883544837],[88.84398467102501,27.992580974023664],[88.6191940655167,28.09843706225008],[88.20478417372925,27.94171506149928],[88.11456209396741,27.61864777924982],[88.28124356335792,27.5127916910234],[88.48309635197764,27.37531625176831]]]},"properties":{"district":"North Sikkim","state":"Sikkim"}},
{"type":"Feature","geometry":{"type":"Polygon","coordinates":[[[77.73290617018519,28.1286816588862],[77.47600262103282,28.084689518324573],[77.5295241937729,27.92659276318122],[77.76501911382923,27.903221938507855],[77.89958763957571,27.578779901865843],[78.13508255963204,27.77262027121552],[78.24059651731962,27.665389428596548],[78.47456224958339,27.80836388542184],[78.60760158753729,28.01870130748213],[78.57854701947839,28.06269344804376],[78.47914981296111,28.11218460617559],[78.17942900561668,28.076440991969267],[77.73290617018519,28.1286816588862]]]},"properties":{"district":"Aligarh","state":"Uttar Pradesh"}},
{"type":"Feature","geometry":{"type":"Polygon","coordinates":[[[78.60760158753729,28.01870130748213],[78.47456224958339,27.80836388542184],[78.51126275660515,27.74100092018685],[78.88591376578569,27.58702842822115],[79.21621832898158,27.578779901865843],[79.18410538533753,27.71350583233583],[79.09694168116084,27.830359955702658],[78.60760158753729,28.01870130748213]]]},"properties":{"district":"Kasganj","state":"Uttar Pradesh"}},
{"type":"Feature","geometry":{"type":"Polygon","coordinates":[[[77.28332495916854,27.798740604673984],[77.33990490749376,27.52653923494891],[77.64574246600849,27.24196507569087],[77.98216378037468,27.325825093636478],[77.89958763957571,27.578779901865843],[77.76501911382923,27.903221938507855],[77.5295241937729,27.92659276318122],[77.34449247087149,27.849606517198367],[77.28332495916854,27.798740604673984]]]},"properties":{"district":"Mathura","state":"Uttar Pradesh"}},
{"type":"Feature","geometry":{"type":"Polygon","coordinates":[[[76.07679579082797,27.841357990843065],[75.91776026040031,27.45092774335861],[75.31526027012632,27.14435751381976],[75.16081230307638,26.93264533736692],[74.9742513923824,26.891402705590394],[74.96354707783438,26.683814792315207],[75.16692905424667,26.463854089507063],[75.70826153281773,26.445982282403904],[76.15325518045665,26.5215937739942],[76.1440800537012,26.694812827455614],[76.28017776724026,27.064621759051807],[76.11655467343488,27.23371654933557],[76.2373605090482,27.474298568031973],[76.22512700670761,27.83310946448776],[76.07679579082797,27.841357990843065]]]},"properties":{"district":"Jaipur","state":"Rajasthan"}},
{"type":"Feature","geometry":{"type":"Polygon","coordinates":[[[81.98098985795467,27.434430690647996],[82.07427031330165,27.401436585226776],[82.02227792835416,27.580154656258394],[82.20730965125556,27.844107499628166],[81.88465102702253,27.856480289161123],[81.74243656231317,27.952713096639688],[81.68126905061024,27.571906129903088],[81.98098985795467,27.434430690647996]]]},"properties":{"district":"Shrawasti","state":"Uttar Pradesh"}},
{"type":"Feature","geometry":{"type":"Polygon","coordinates":[[[72.06420702311482,26.35112422931789],[72.2675889995271,26.19715173735219],[72.45873747359882,26.300258316793506],[72.68964483027743,26.186153702211783],[72.62083137961162,25.974441525758944],[72.83491767057193,25.864461174354872],[73.19274761403415,26.069299578844955],[73.62703694712505,26.144911070435256],[73.81053948223388,26.11054221062148],[73.87017780614426,26.42948522969329],[73.72031740247203,26.539465581097364],[73.59339481568843,26.863907617739375],[73.20345192858215,26.868031880917027],[73.12087578778319,26.940893863722227],[73.13310929012377,27.307953286533316],[72.55354711673837,27.62002253364237],[72.24312199484594,27.48392184877983],[72.04891514518908,27.615898270464715],[71.80883266175503,27.441304462610752],[72.10243671792917,26.88727844241274],[72.03821083064108,26.681065283530106],[72.06420702311482,26.35112422931789]]]},"properties":{"district":"Jodhpur","state":"Rajasthan"}},
{"type":"Feature","geometry":{"type":"Polygon","coordinates":[[[80.31111678846429,27.68051172691461],[80.32487947859745,27.522414971771255],[80.51755714046172,27.26808540914934],[80.82645307456158,27.101740127650682],[80.93043784445659,27.158105057745267],[81.41213199911728,27.33407361999178],[81.28215103674853,27.68188648130716],[81.1796954546461,27.784993060748477],[80.64142135166018,27.83860848205796],[80.31111678846429,27.68051172691461]]]},"properties":{"district":"Sitapur","state":"Uttar Pradesh"}},
{"type":"Feature","geometry":{"type":"Polygon","coordinates":[[[76.97748740065381,27.65439139345614],[77.14569805783692,27.320326076066273],[76.9560787715578,27.14298275942721],[77.09676404847457,26.862532863346825],[77.34755084645664,26.711309880166226],[77.45459399193679,26.742929231194896],[77.66103434393422,26.971138460358347],[77.64574246600849,27.24196507569087],[77.33990490749376,27.52653923494891],[77.28332495916854,27.798740604673984],[77.04477166352706,27.8207366749548],[76.97748740065381,27.65439139345614]]]},"properties":{"district":"Bharatpur","state":"Rajasthan"}},
{"type":"Feature","geometry":{"type":"Polygon","coordinates":[[[77.89958763957571,27.578779901865843],[77.98216378037468,27.325825093636478],[78.19777925912756,27.40693560279698],[78.51126275660515,27.74100092018685],[78.47456224958339,27.80836388542184],[78.24059651731962,27.665389428596548],[78.13508255963204,27.77262027121552],[77.89958763957571,27.578779901865843]]]},"properties":{"district":"Hathras","state":"Uttar Pradesh"}},
{"type":"Feature","geometry":{"type":"Polygon","coordinates":[[[73.87476536952197,27.537537270089317],[73.54446080632607,27.494919883920236],[73.3578998956321,27.259836882794033],[73.13310929012377,27.307953286533316],[73.12087578778319,26.940893863722227],[73.20345192858215,26.868031880917027],[73.59339481568843,26.863907617739375],[73.72031740247203,26.539465581097364],[73.87017780614426,26.42948522969329],[74.290704449102,26.448731791189005],[74.66994302166025,26.59583051119195],[74.8519163689765,26.97938698671365],[74.9742513923824,26.891402705590394],[75.16081230307638,26.93264533736692],[75.31526027012632,27.14435751381976],[74.89932119054629,27.33132411120668],[74.71734784323003,27.677762218129505],[74.34116764625692,27.68188648130716],[74.19589480596242,27.49904414709789],[73.87476536952197,27.537537270089317]]]},"properties":{"district":"Nagaur","state":"Rajasthan"}},
{"type":"Feature","geometry":{"type":"Polygon","coordinates":[[[78.51126275660515,27.74100092018685],[78.19777925912756,27.40693560279698],[78.28953052668197,27.386314286908718],[78.71770310860259,27.343696900739637],[78.93790615073318,27.431681181862896],[79.25444802379593,27.32857460242158],[79.21621832898158,27.578779901865843],[78.88591376578569,27.58702842822115],[78.51126275660515,27.74100092018685]]]},"properties":{"district":"Etah","state":"Uttar Pradesh"}},
{"type":"Feature","geometry":{"type":"Polygon","coordinates":[[[80.06032999048222,27.760247481682562],[79.68567898130168,27.637894340745532],[79.7361421784566,27.445428725788407],[79.72237948832344,27.221343759802608],[79.92881984032088,27.14298275942721],[80.01292516891243,26.956016162040285],[80.0435089247639,26.924396811011615],[80.30805841287913,27.02612863606038],[80.54967008410577,27.013755846527424],[80.82645307456158,27.101740127650682],[80.51755714046172,27.26808540914934],[80.32487947859745,27.522414971771255],[80.31111678846429,27.68051172691461],[80.06032999048222,27.760247481682562]]]},"properties":{"district":"Hardoi","state":"Uttar Pradesh"}},
{"type":"Feature","geometry":{"type":"Polygon","coordinates":[[[79.18410538533753,27.71350583233583],[79.21621832898158,27.578779901865843],[79.25444802379593,27.32857460242158],[79.39360411292012,27.196598180736693],[79.72237948832344,27.221343759802608],[79.7361421784566,27.445428725788407],[79.59086933816212,27.598026463361556],[79.35078685472806,27.658515656633796],[79.18410538533753,27.71350583233583]]]},"properties":{"district":"Farrukhabad","state":"Uttar Pradesh"}},
{"type":"Feature","geometry":{"type":"Polygon","coordinates":[[[88.11456209396741,27.61864777924982],[88.03810270433873,27.219969005410057],[88.28124356335792,27.131984724286802],[88.28124356335792,27.5127916910234],[88.11456209396741,27.61864777924982]]]},"properties":{"district":"West Sikkim","state":"Sikkim"}},
{"type":"Feature","geometry":{"type":"Polygon","coordinates":[[[88.28124356335792,27.5127916910234],[88.28124356335792,27.131984724286802],[88.42498721585984,27.071495531014563],[88.53203036133999,27.17597686484843],[88.48309635197764,27.37531625176831],[88.28124356335792,27.5127916910234]]]},"properties":{"district":"South Sikkim","state":"Sikkim"}},
{"type":"Feature","geometry":{"type":"Polygon","coordinates":[[[88.48309635197764,27.37531625176831],[88.53203036133999,27.17597686484843],[88.72164964761913,27.138858496249554],[88.79352147387009,27.416558883544837],[88.48309635197764,27.37531625176831]]]},"properties":{"district":"East Sikkim","state":"Sikkim"}},
{"type":"Feature","geometry":{"type":"Polygon","coordinates":[[[78.28953052668197,27.386314286908718],[78.19472088354242,27.191099163166488],[78.67182747482538,26.880404670449987],[78.73911173769862,26.920272547833964],[78.809454376157,26.957390916432836],[78.71770310860259,27.343696900739637],[78.28953052668197,27.386314286908718]]]},"properties":{"district":"Firozabad","state":"Uttar Pradesh"}},
{"type":"Feature","geometry":{"type":"Polygon","coordinates":[[[84.50262052790853,26.602704283154704],[84.72741113341687,26.742929231194896],[84.75799488926833,27.002757811387017],[84.6203679879367,27.339572637561986],[84.2793591101928,27.39456281326402],[84.09738576287654,27.516915954201053],[83.8618908428202,27.335448374384335],[83.9077664765974,27.274959181112095],[84.06068525585476,26.88727844241274],[84.418515199317,26.631574125398274],[84.50262052790853,26.602704283154704]]]},"properties":{"district":"West Champaran","state":"Bihar"}},
{"type":"Feature","geometry":{"type":"Polygon","coordinates":[[[83.14776014368833,27.11411291718364],[83.29150379619024,27.335448374384335],[83.18904821408782,27.45367725214371],[82.7318210641083,27.486671357564934],[82.49326776846682,27.3588191990577],[82.45656726144506,27.15123128578251],[82.55902284354748,27.08249356615497],[82.90461928466912,27.004132565779567],[83.120234763422,27.10036537325813],[83.14776014368833,27.11411291718364]]]},"properties":{"district":"Siddharthnagar","state":"Uttar Pradesh"}},
{"type":"Feature","geometry":{"type":"Polygon","coordinates":[[[78.71770310860259,27.343696900739637],[78.809454376157,26.957390916432836],[79.32479066225432,26.96014042521794],[79.39360411292012,27.196598180736693],[79.25444802379593,27.32857460242158],[78.93790615073318,27.431681181862896],[78.71770310860259,27.343696900739637]]]},"properties":{"district":"Mainpuri","state":"Uttar Pradesh"}},
{"type":"Feature","geometry":{"type":"Polygon","coordinates":[[[83.8618908428202,27.335448374384335],[83.61416242042327,27.46879955046177],[83.39548856608525,27.479797585602178],[83.29150379619024,27.335448374384335],[83.14776014368833,27.11411291718364],[83.38937181491495,27.08249356615497],[83.54534896975747,26.88865319680529],[83.72426394148857,26.951891898862634],[83.9077664765974,27.274959181112095],[83.8618908428202,27.335448374384335]]]},"properties":{"district":"Maharajganj","state":"Uttar Pradesh"}},
{"type":"Feature","geometry":{"type":"Polygon","coordinates":[[[77.64574246600849,27.24196507569087],[77.66103434393422,26.971138460358347],[77.45459399193679,26.742929231194896],[77.76043155045151,26.93264533736692],[78.22224626380874,26.832288266710705],[78.54490488804177,26.76355054708316],[78.78039980809811,26.769049564653365],[78.73911173769862,26.920272547833964],[78.67182747482538,26.880404670449987],[78.19472088354242,27.191099163166488],[78.28953052668197,27.386314286908718],[78.19777925912756,27.40693560279698],[77.98216378037468,27.325825093636478],[77.64574246600849,27.24196507569087]]]},"properties":{"district":"Agra","state":"Uttar Pradesh"}},
{"type":"Feature","geometry":{"type":"Polygon","coordinates":[[[81.51458758121971,27.08386832054752],[81.74855331348347,26.868031880917027],[81.97640229457694,26.781422354186322],[82.22871828035159,26.811666950822442],[82.31588198452829,26.9780122323211],[82.55902284354748,27.08249356615497],[82.45656726144506,27.15123128578251],[82.07427031330165,27.401436585226776],[81.98098985795467,27.434430690647996],[81.51458758121971,27.08386832054752]]]},"properties":{"district":"Gonda","state":"Uttar Pradesh"}},
{"type":"Feature","geometry":{"type":"Polygon","coordinates":[[[81.41213199911728,27.33407361999178],[80.93043784445659,27.158105057745267],[81.21639596166786,26.70718561698857],[81.1613452011352,26.587581984836646],[81.34484773624405,26.543589844275015],[81.55893402720434,26.64119740614613],[81.74855331348347,26.868031880917027],[81.51458758121971,27.08386832054752],[81.41213199911728,27.33407361999178]]]},"properties":{"district":"Barabanki","state":"Uttar Pradesh"}},
{"type":"Feature","geometry":{"type":"Polygon","coordinates":[[[88.03810270433873,27.219969005410057],[87.99222707056151,27.108613899613434],[88.18643392021836,26.771799073438466],[88.10997453058968,26.54771410745267],[88.23995549295844,26.45835507193686],[88.33323594830543,26.496848194928287],[88.40052021117867,26.64394691493123],[88.47850878859992,26.880404670449987],[88.42498721585984,27.071495531014563],[88.28124356335792,27.131984724286802],[88.03810270433873,27.219969005410057]]]},"properties":{"district":"Darjeeling","state":"West Bengal"}},
{"type":"Feature","geometry":{"type":"Polygon","coordinates":[[[76.28017776724026,27.064621759051807],[76.1440800537012,26.694812827455614],[76.15325518045665,26.5215937739942],[76.17466380955268,26.48585015978788],[76.4116879174016,26.415737685767784],[76.47438461689711,26.716808897736428],[76.90102801102515,26.971138460358347],[77.09676404847457,26.862532863346825],[76.9560787715578,27.14298275942721],[76.28017776724026,27.064621759051807]]]},"properties":{"district":"Dausa","state":"Rajasthan"}},
{"type":"Feature","geometry":{"type":"Polygon","coordinates":[[[83.9077664765974,27.274959181112095],[83.72426394148857,26.951891898862634],[83.54534896975747,26.88865319680529],[83.62792511055643,26.661818722034393],[83.84048221372417,26.75942628390551],[84.05151012909933,26.55183837063032],[84.418515199317,26.631574125398274],[84.06068525585476,26.88727844241274],[83.9077664765974,27.274959181112095]]]},"properties":{"district":"Kushinagar","state":"Uttar Pradesh"}},
{"type":"Feature","geometry":{"type":"Polygon","coordinates":[[[79.72237948832344,27.221343759802608],[79.39360411292012,27.196598180736693],[79.32479066225432,26.96014042521794],[79.34619929135035,26.92989582858182],[79.75602161976006,26.79379514371928],[79.89670689667683,26.817165968392644],[80.01292516891243,26.956016162040285],[79.92881984032088,27.14298275942721],[79.72237948832344,27.221343759802608]]]},"properties":{"district":"Kannauj","state":"Uttar Pradesh"}},
{"type":"Feature","geometry":{"type":"Polygon","coordinates":[[[80.82645307456158,27.101740127650682],[80.54967008410577,27.013755846527424],[80.9992512951224,26.53259180913461],[81.1613452011352,26.587581984836646],[81.21639596166786,26.70718561698857],[80.93043784445659,27.158105057745267],[80.82645307456158,27.101740127650682]]]},"properties":{"district":"Lucknow","state":"Uttar Pradesh"}},
{"type":"Feature","geometry":{"type":"Polygon","coordinates":[[[88.40052021117867,26.64394691493123],[88.75987934243346,26.329128159037076],[88.96173213105318,26.538090826704813],[89.11923847368826,26.524343282779302],[89.09018390562936,26.84053679306601],[88.86845167570618,26.96563944278814],[88.47850878859992,26.880404670449987],[88.40052021117867,26.64394691493123]]]},"properties":{"district":"Jalpaiguri","state":"West Bengal"}},
{"type":"Feature","geometry":{"type":"Polygon","coordinates":[[[82.55902284354748,27.08249356615497],[82.31588198452829,26.9780122323211],[82.22871828035159,26.811666950822442],[82.47338832716336,26.652195441286537],[82.818984768285,26.568335423340933],[82.90461928466912,27.004132565779567],[82.55902284354748,27.08249356615497]]]},"properties":{"district":"Basti","state":"Uttar Pradesh"}},
{"type":"Feature","geometry":{"type":"Polygon","coordinates":[[[83.120234763422,27.10036537325813],[83.1554060826512,26.539465581097364],[83.07130075405965,26.41023866819758],[83.13246826576258,26.385493089131664],[83.46736039233622,26.275512737727592],[83.62945429834902,26.219147807633004],[83.50559008715055,26.417112440160334],[83.62792511055643,26.661818722034393],[83.54534896975747,26.88865319680529],[83.38937181491495,27.08249356615497],[83.14776014368833,27.11411291718364],[83.120234763422,27.10036537325813]]]},"properties":{"district":"Gorakhpur","state":"Uttar Pradesh"}},
{"type":"Feature","geometry":{"type":"Polygon","coordinates":[[[82.90461928466912,27.004132565779567],[82.818984768285,26.568335423340933],[83.07130075405965,26.41023866819758],[83.1554060826512,26.539465581097364],[83.120234763422,27.10036537325813],[82.90461928466912,27.004132565779567]]]},"properties":{"district":"Sant Kabir Nagar","state":"Uttar Pradesh"}},
{"type":"Feature","geometry":{"type":"Polygon","coordinates":[[[77.09676404847457,26.862532863346825],[76.90102801102515,26.971138460358347],[76.47438461689711,26.716808897736428],[76.75728435852322,26.568335423340933],[76.60130720368072,26.33600193099983],[76.85209400166279,26.032181210246083],[77.11970186536317,26.213648790062802],[77.37507622672297,26.3648717732434],[77.22827419863589,26.529842300349507],[77.34755084645664,26.711309880166226],[77.09676404847457,26.862532863346825]]]},"properties":{"district":"Karauli","state":"Rajasthan"}},
{"type":"Feature","geometry":{"type":"Polygon","coordinates":[[[84.50262052790853,26.602704283154704],[84.8650380347485,26.26039043940953],[85.29015224108394,26.353873738102994],[85.26568523640277,26.64669642371633],[85.25498092185475,26.753927266335303],[85.19228422235923,26.86940663530958],[84.75799488926833,27.002757811387017],[84.72741113341687,26.742929231194896],[84.50262052790853,26.602704283154704]]]},"properties":{"district":"East Champaran","state":"Bihar"}},
{"type":"Feature","geometry":{"type":"Polygon","coordinates":[[[80.0435089247639,26.924396811011615],[80.3095876006717,26.542215089882465],[80.59095815450526,26.23152059716596],[80.67353429530424,26.122915000154443],[81.04971449227733,26.375869808383808],[80.9992512951224,26.53259180913461],[80.54967008410577,27.013755846527424],[80.30805841287913,27.02612863606038],[80.0435089247639,26.924396811011615]]]},"properties":{"district":"Unnao","state":"Uttar Pradesh"}},
{"type":"Feature","geometry":{"type":"Polygon","coordinates":[[[78.73911173769862,26.920272547833964],[78.78039980809811,26.769049564653365],[79.006719601399,26.67144200278225],[79.13517137597518,26.4404832648337],[79.21468914118901,26.436359001656047],[79.34619929135035,26.92989582858182],[79.32479066225432,26.96014042521794],[78.809454376157,26.957390916432836],[78.73911173769862,26.920272547833964]]]},"properties":{"district":"Etawah","state":"Uttar Pradesh"}},
{"type":"Feature","geometry":{"type":"Polygon","coordinates":[[[77.34755084645664,26.711309880166226],[77.22827419863589,26.529842300349507],[77.37507622672297,26.3648717732434],[78.22224626380874,26.832288266710705],[77.76043155045151,26.93264533736692],[77.45459399193679,26.742929231194896],[77.34755084645664,26.711309880166226]]]},"properties":{"district":"Dholpur","state":"Rajasthan"}},
{"type":"Feature","geometry":{"type":"Polygon","coordinates":[[[80.01292516891243,26.956016162040285],[79.89670689667683,26.817165968392644],[80.13373100452574,26.571084932126034],[80.1765482627178,26.344250457355137],[79.9624619717575,26.149035333612908],[80.23618658662818,25.926325122019662],[80.32487947859745,26.114666473799137],[80.59095815450526,26.23152059716596],[80.3095876006717,26.542215089882465],[80.0435089247639,26.924396811011615],[80.01292516891243,26.956016162040285]]]},"properties":{"district":"Kanpur Nagar","state":"Uttar Pradesh"}},
{"type":"Feature","geometry":{"type":"Polygon","coordinates":[[[79.34619929135035,26.92989582858182],[79.21468914118901,26.436359001656047],[79.50676400957057,26.3648717732434],[79.75602161976006,26.79379514371928],[79.34619929135035,26.92989582858182]]]},"properties":{"district":"Auraiya","state":"Uttar Pradesh"}},
{"type":"Feature","geometry":{"type":"Polygon","coordinates":[[[78.22224626380874,26.832288266710705],[77.37507622672297,26.3648717732434],[77.11970186536317,26.213648790062802],[77.4255394238779,26.122915000154443],[77.64268409042334,25.898830034168647],[77.69620566316341,25.901579542953748],[77.81548231098415,26.25489142183933],[78.25741758303793,26.329128159037076],[78.21612951263845,26.529842300349507],[78.54490488804177,26.76355054708316],[78.22224626380874,26.832288266710705]]]},"properties":{"district":"Morena","state":"Madhya Pradesh"}},
{"type":"Feature","geometry":{"type":"Polygon","coordinates":[[[70.14048878005723,26.155909105575663],[70.09920070965774,25.93869791155262],[70.2689405546334,25.713238191174273],[70.67417531966541,25.676119822575398],[70.66500019290997,25.397044680887568],[70.88826161062572,25.148214135835854],[71.11152302834147,24.675298624798344],[71.18798241797015,24.65055304573243],[71.33937200943494,24.93925146816812],[71.79048240824415,25.078101661815758],[72.03209407947078,25.47403092687042],[72.32111057226719,25.388796154532262],[72.67588214014427,25.612881120518058],[72.7783377222467,25.803971981082633],[72.83491767057193,25.864461174354872],[72.62083137961162,25.974441525758944],[72.68964483027743,26.186153702211783],[72.45873747359882,26.300258316793506],[72.2675889995271,26.19715173735219],[72.06420702311482,26.35112422931789],[71.89293799034658,26.297508808008406],[71.5733377416987,26.506471475676143],[71.21244942265132,26.4432327736188],[70.94025399557322,26.07892285959281],[70.65429587836196,26.19577698295964],[70.14048878005723,26.155909105575663]]]},"properties":{"district":"Barmer","state":"Rajasthan"}},
{"type":"Feature","geometry":{"type":"Polygon","coordinates":[[[81.74855331348347,26.868031880917027],[81.55893402720434,26.64119740614613],[81.93970178755518,26.507846230068694],[82.22260152918129,26.41023866819758],[82.47338832716336,26.652195441286537],[82.22871828035159,26.811666950822442],[81.97640229457694,26.781422354186322],[81.74855331348347,26.868031880917027]]]},"properties":{"district":"Ayodhya","state":"Uttar Pradesh"}},
{"type":"Feature","geometry":{"type":"Polygon","coordinates":[[[79.75602161976006,26.79379514371928],[79.50676400957057,26.3648717732434],[79.91658633798029,26.08992089473322],[79.9624619717575,26.149035333612908],[80.1765482627178,26.344250457355137],[80.13373100452574,26.571084932126034],[79.89670689667683,26.817165968392644],[79.75602161976006,26.79379514371928]]]},"properties":{"district":"Kanpur Dehat","state":"Uttar Pradesh"}},
{"type":"Feature","geometry":{"type":"Polygon","coordinates":[[[78.54490488804177,26.76355054708316],[78.21612951263845,26.529842300349507],[78.25741758303793,26.329128159037076],[78.62748102884075,26.157283859968214],[78.88591376578569,25.912577578094155],[78.93790615073318,25.95244545547813],[79.13517137597518,26.4404832648337],[79.006719601399,26.67144200278225],[78.78039980809811,26.769049564653365],[78.54490488804177,26.76355054708316]]]},"properties":{"district":"Bhind","state":"Madhya Pradesh"}},
{"type":"Feature","geometry":{"type":"Polygon","coordinates":[[[76.17466380955268,26.48585015978788],[75.994219650029,26.116041228191687],[76.3122907108843,25.81359526183049],[76.35663715686894,25.740733279025292],[76.54625644314807,25.838340840896407],[76.85209400166279,26.032181210246083],[76.60130720368072,26.33600193099983],[76.75728435852322,26.568335423340933],[76.47438461689711,26.716808897736428],[76.4116879174016,26.415737685767784],[76.17466380955268,26.48585015978788]]]},"properties":{"district":"Sawai Madhopur","state":"Rajasthan"}},
{"type":"Feature","geometry":{"type":"Polygon","coordinates":[[[83.62792511055643,26.661818722034393],[83.50559008715055,26.417112440160334],[83.62945429834902,26.219147807633004],[83.85883246723506,26.184778947819233],[84.05609769247705,26.099544175481075],[84.1570240867869,26.375869808383808],[84.05151012909933,26.55183837063032],[83.84048221372417,26.75942628390551],[83.62792511055643,26.661818722034393]]]},"properties":{"district":"Deoria","state":"Uttar Pradesh"}},
{"type":"Feature","geometry":{"type":"Polygon","coordinates":[[[85.26568523640277,26.64669642371633],[85.37578675746806,26.337376685392382],[85.7045621328714,26.30300782557861],[85.76725883236692,26.436359001656047],[85.81619284172928,26.599954774369603],[85.72902913755257,26.80891744203734],[85.25498092185475,26.753927266335303],[85.26568523640277,26.64669642371633]]]},"properties":{"district":"Sitamarhi","state":"Bihar"}},
{"type":"Feature","geometry":{"type":"Polygon","coordinates":[[[75.16692905424667,26.463854089507063],[75.11187829371403,26.28788552726055],[75.31678945791889,25.766853612483757],[75.45900392262823,25.72286147192213],[75.86270949986766,25.87545920949528],[76.3122907108843,25.81359526183049],[75.994219650029,26.116041228191687],[76.17466380955268,26.48585015978788],[76.15325518045665,26.5215937739942],[75.70826153281773,26.445982282403904],[75.16692905424667,26.463854089507063]]]},"properties":{"district":"Tonk","state":"Rajasthan"}},
{"type":"Feature","geometry":{"type":"Polygon","coordinates":[[[85.29015224108394,26.353873738102994],[85.37578675746806,26.337376685392382],[85.26568523640277,26.64669642371633],[85.29015224108394,26.353873738102994]]]},"properties":{"district":"Sheohar","state":"Bihar"}},
{"type":"Feature","geometry":{"type":"Polygon","coordinates":[[[81.93970178755518,26.507846230068694],[81.85253808337848,26.283761264082898],[82.0482741208279,26.058301543704548],[82.43362944455646,26.006060876787615],[82.67829949136822,26.151784842398012],[82.67829949136822,26.25626617623188],[82.22260152918129,26.41023866819758],[81.93970178755518,26.507846230068694]]]},"properties":{"district":"Sultanpur","state":"Uttar Pradesh"}},
{"type":"Feature","geometry":{"type":"Polygon","coordinates":[[[72.83491767057193,25.864461174354872],[72.7783377222467,25.803971981082633],[73.09182121972428,25.467157154907664],[72.93584406488178,25.241697434529318],[73.1086422854426,25.039608538824336],[72.992424013207,24.921379661064957],[73.14687198025693,24.748160607603545],[73.48788085800085,25.104221995274226],[73.74172603156806,25.392920417709913],[73.90840750095859,25.684368348930704],[74.05368034125308,25.8300923145411],[74.10720191399317,25.856212647999566],[74.36716383873068,26.191652719781985],[74.290704449102,26.448731791189005],[73.87017780614426,26.42948522969329],[73.81053948223388,26.11054221062148],[73.62703694712505,26.144911070435256],[73.19274761403415,26.069299578844955],[72.83491767057193,25.864461174354872]]]},"properties":{"district":"Pali","state":"Rajasthan"}},
{"type":"Feature","geometry":{"type":"Polygon","coordinates":[[[84.418515199317,26.631574125398274],[84.05151012909933,26.55183837063032],[84.1570240867869,26.375869808383808],[84.65401011937332,26.298883562400956],[84.7656408282312,26.209524526885147],[84.89715097839253,26.215023544455352],[84.8650380347485,26.26039043940953],[84.50262052790853,26.602704283154704],[84.418515199317,26.631574125398274]]]},"properties":{"district":"Gopalganj","state":"Bihar"}},
{"type":"Feature","geometry":{"type":"Polygon","coordinates":[[[82.47338832716336,26.652195441286537],[82.22260152918129,26.41023866819758],[82.67829949136822,26.25626617623188],[82.93520304052059,26.41023866819758],[83.13246826576258,26.385493089131664],[83.07130075405965,26.41023866819758],[82.818984768285,26.568335423340933],[82.47338832716336,26.652195441286537]]]},"properties":{"district":"Ambedkar Nagar","state":"Uttar Pradesh"}},
{"type":"Feature","geometry":{"type":"Polygon","coordinates":[[[81.1613452011352,26.587581984836646],[80.9992512951224,26.53259180913461],[81.04971449227733,26.375869808383808],[80.67353429530424,26.122915000154443],[81.01454317304814,26.07479859641516],[81.33873098507375,25.81084575304539],[81.4457741305539,25.93457364837497],[81.3066180414297,26.018433666320572],[81.40754443573957,26.315380615111568],[81.34484773624405,26.543589844275015],[81.1613452011352,26.587581984836646]]]},"properties":{"district":"Rae Bareli","state":"Uttar Pradesh"}},
{"type":"Feature","geometry":{"type":"Polygon","coordinates":[[[79.13517137597518,26.4404832648337],[78.93790615073318,25.95244545547813],[79.21163076560386,25.788849682764575],[79.39819167629784,25.788849682764575],[79.78507618781896,25.863086419962322],[79.91658633798029,26.08992089473322],[79.50676400957057,26.3648717732434],[79.21468914118901,26.436359001656047],[79.13517137597518,26.4404832648337]]]},"properties":{"district":"Jalaun","state":"Uttar Pradesh"}},
{"type":"Feature","geometry":{"type":"Polygon","coordinates":[[[83.13246826576258,26.385493089131664],[82.93520304052059,26.41023866819758],[82.67829949136822,26.25626617623188],[82.67829949136822,26.151784842398012],[82.8251015194553,25.76960312126886],[83.06671319068192,25.652748997902034],[83.34808374451546,25.819094279400694],[83.31902917645657,26.04867826295669],[83.46736039233622,26.275512737727592],[83.13246826576258,26.385493089131664]]]},"properties":{"district":"Azamgarh","state":"Uttar Pradesh"}},
{"type":"Feature","geometry":{"type":"Polygon","coordinates":[[[77.69620566316341,25.901579542953748],[78.05403560662565,25.709113927996622],[78.29564727785227,25.78610017397947],[78.58466377064869,26.006060876787615],[78.62748102884075,26.157283859968214],[78.25741758303793,26.329128159037076],[77.81548231098415,26.25489142183933],[77.69620566316341,25.901579542953748]]]},"properties":{"district":"Gwalior","state":"Madhya Pradesh"}},
{"type":"Feature","geometry":{"type":"Polygon","coordinates":[[[76.85209400166279,26.032181210246083],[76.54625644314807,25.838340840896407],[76.51567268729659,25.527646348179903],[76.59366126471785,25.408042716027975],[76.94537445700978,25.284314820698395],[77.0830013583414,25.33655548761533],[77.27720820799826,25.72011196313703],[77.64268409042334,25.898830034168647],[77.4255394238779,26.122915000154443],[77.11970186536317,26.213648790062802],[76.85209400166279,26.032181210246083]]]},"properties":{"district":"Sheopur","state":"Madhya Pradesh"}},
{"type":"Feature","geometry":{"type":"Polygon","coordinates":[[[83.46736039233622,26.275512737727592],[83.31902917645657,26.04867826295669],[83.34808374451546,25.819094279400694],[83.72120556590343,25.856212647999566],[83.85883246723506,26.184778947819233],[83.62945429834902,26.219147807633004],[83.46736039233622,26.275512737727592]]]},"properties":{"district":"Mau","state":"Uttar Pradesh"}},
{"type":"Feature","geometry":{"type":"Polygon","coordinates":[[[80.59095815450526,26.23152059716596],[80.32487947859745,26.114666473799137],[80.23618658662818,25.926325122019662],[80.34628810769348,25.898830034168647],[80.57260790099437,25.717362454351928],[80.93196703224916,25.69261687528601],[81.01913073642586,25.546892909675616],[81.19345814477926,25.44791059341195],[81.33873098507375,25.81084575304539],[81.01454317304814,26.07479859641516],[80.67353429530424,26.122915000154443],[80.59095815450526,26.23152059716596]]]},"properties":{"district":"Fatehpur","state":"Uttar Pradesh"}},
{"type":"Feature","geometry":{"type":"Polygon","coordinates":[[[83.85883246723506,26.184778947819233],[83.72120556590343,25.856212647999566],[83.95364211037462,25.7489818053806],[83.93070429348602,25.557890944816023],[84.3191179927997,25.667871296220095],[84.60048854663326,25.732484752669986],[84.47203677205707,25.882332981458035],[84.05609769247705,26.099544175481075],[83.85883246723506,26.184778947819233]]]},"properties":{"district":"Ballia","state":"Uttar Pradesh"}},
{"type":"Feature","geometry":{"type":"Polygon","coordinates":[[[82.43362944455646,26.006060876787615],[82.15072970293033,25.673370313790297],[82.32964467466145,25.533145365750105],[82.69359136929397,25.394295172102467],[82.73946700307117,25.546892909675616],[83.07130075405965,25.548267664068167],[83.06671319068192,25.652748997902034],[82.8251015194553,25.76960312126886],[82.67829949136822,26.151784842398012],[82.43362944455646,26.006060876787615]]]},"properties":{"district":"Jaunpur","state":"Uttar Pradesh"}},
{"type":"Feature","geometry":{"type":"Polygon","coordinates":[[[75.31678945791889,25.766853612483757],[75.1072907303363,25.696741138463665],[75.01706865057446,25.85896215678467],[74.3885724678267,25.963443490618538],[74.2845876979317,25.883707735850585],[74.18213211582926,25.84796412164426],[74.02156739760903,25.347553522755735],[74.26317906883567,25.0657288722828],[74.38704328003413,25.181208241257078],[74.79533642065128,25.15233839901351],[75.19139605892785,25.03685903003923],[75.35196077714808,25.01898722293607],[75.45135798366536,25.04923181957219],[75.44524123249506,25.26369350481013],[75.28467651427484,25.40254369845777],[75.45900392262823,25.72286147192213],[75.31678945791889,25.766853612483757]]]},"properties":{"district":"Bhilwara","state":"Rajasthan"}},
{"type":"Feature","geometry":{"type":"Polygon","coordinates":[[[86.39116745173695,25.71873720874448],[85.71220807183427,26.088546140340668],[85.64492380896102,25.916701841271806],[85.52717634893285,25.53864438332031],[85.73514588872287,25.524896839394803],[86.08380070542965,25.744857542202944],[86.29329943301224,25.637626699583976],[86.39116745173695,25.71873720874448]]]},"properties":{"district":"Samastipur","state":"Bihar"}},
{"type":"Feature","geometry":{"type":"Polygon","coordinates":[[[71.18798241797015,24.65055304573243],[71.28737962448743,24.61618418591866],[72.05809027194452,24.71241699339722],[72.33487326240035,24.632681238629267],[72.37310295721468,24.766032414706704],[72.93584406488178,25.241697434529318],[73.09182121972428,25.467157154907664],[72.7783377222467,25.803971981082633],[72.67588214014427,25.612881120518058],[72.32111057226719,25.388796154532262],[72.03209407947078,25.47403092687042],[71.79048240824415,25.078101661815758],[71.33937200943494,24.93925146816812],[71.18798241797015,24.65055304573243]]]},"properties":{"district":"Jalore","state":"Rajasthan"}},
{"type":"Feature","geometry":{"type":"Polygon","coordinates":[[[76.3122907108843,25.81359526183049],[75.86270949986766,25.87545920949528],[75.45900392262823,25.72286147192213],[75.28467651427484,25.40254369845777],[75.44524123249506,25.26369350481013],[75.45135798366536,25.04923181957219],[75.53699250004948,25.014862959758418],[75.72355341074346,25.175709223686873],[76.1563135560418,25.359926312288692],[76.35663715686894,25.740733279025292],[76.3122907108843,25.81359526183049]]]},"properties":{"district":"Bundi","state":"Rajasthan"}},
{"type":"Feature","geometry":{"type":"Polygon","coordinates":[[[88.06715727239762,25.483654207618272],[87.82707478896356,25.89058150781334],[87.64968900502502,25.682993594538154],[87.24139586440788,25.696741138463665],[87.21692885972669,25.456159119767257],[87.55182098630031,25.331056470045123],[87.71085651672797,25.258194487239926],[87.7674364650532,25.41629124238328],[88.06715727239762,25.483654207618272]]]},"properties":{"district":"Katihar","state":"Bihar"}},
{"type":"Feature","geometry":{"type":"Polygon","coordinates":[[[78.88591376578569,25.912577578094155],[78.65806478469221,25.559265699208574],[78.45162443269479,25.57163848874153],[78.39045692099184,25.205953820322993],[78.44703686931706,25.12209380237739],[78.55866757817493,25.21282759228575],[78.73146579873575,25.457533874159807],[78.96084396762178,25.344804013970634],[78.87979701461539,25.15783741658371],[79.32326147446173,25.149588890228404],[79.28044421626967,25.32418269808237],[79.39360411292012,25.519397821824597],[79.39819167629784,25.788849682764575],[79.21163076560386,25.788849682764575],[78.93790615073318,25.95244545547813],[78.88591376578569,25.912577578094155]]]},"properties":{"district":"Jhansi","state":"Uttar Pradesh"}},
{"type":"Feature","geometry":{"type":"Polygon","coordinates":[[[77.64268409042334,25.898830034168647],[77.27720820799826,25.72011196313703],[77.0830013583414,25.33655548761533],[77.36743028776009,25.410792224813076],[77.31237952722745,25.080851170600862],[77.56469551300209,24.871888502933125],[78.19013332016469,24.841643906297005],[78.37363585527352,25.09872297770402],[78.39045692099184,25.205953820322993],[78.45162443269479,25.57163848874153],[78.29564727785227,25.78610017397947],[78.05403560662565,25.709113927996622],[77.69620566316341,25.901579542953748],[77.64268409042334,25.898830034168647]]]},"properties":{"district":"Shivpuri","state":"Madhya Pradesh"}},
{"type":"Feature","geometry":{"type":"Polygon","coordinates":[[[76.35663715686894,25.740733279025292],[76.1563135560418,25.359926312288692],[75.72355341074346,25.175709223686873],[75.53699250004948,25.014862959758418],[75.78472092244641,24.761908151529052],[75.92081863598546,24.54332220311346],[76.06456228848738,24.74266159003334],[76.44074248546049,24.830645871156598],[76.19607243864871,25.12484331116249],[76.32299502543232,25.381922382569506],[76.59366126471785,25.408042716027975],[76.51567268729659,25.527646348179903],[76.54625644314807,25.838340840896407],[76.35663715686894,25.740733279025292]]]},"properties":{"district":"Kota","state":"Rajasthan"}},
{"type":"Feature","geometry":{"type":"Polygon","coordinates":[[[80.34628810769348,25.898830034168647],[80.21477795753215,25.515273558646946],[80.10467643646685,25.350303031540836],[80.43039343628503,25.174334469294323],[80.2637119668945,25.024486240506274],[80.4777982578548,24.97636983676699],[80.71482236570372,25.0657288722828],[80.69188454881511,25.269192522380333],[81.01913073642586,25.546892909675616],[80.93196703224916,25.69261687528601],[80.57260790099437,25.717362454351928],[80.34628810769348,25.898830034168647]]]},"properties":{"district":"Banda","state":"Uttar Pradesh"}},
{"type":"Feature","geometry":{"type":"Polygon","coordinates":[[[83.06671319068192,25.652748997902034],[83.07130075405965,25.548267664068167],[83.17375633616207,25.526271593787353],[83.4046636928407,25.49327748836613],[83.5377030307946,25.30906039976431],[83.77931470202122,25.39841943528012],[83.93070429348602,25.557890944816023],[83.95364211037462,25.7489818053806],[83.72120556590343,25.856212647999566],[83.34808374451546,25.819094279400694],[83.06671319068192,25.652748997902034]]]},"properties":{"district":"Ghazipur","state":"Uttar Pradesh"}},
{"type":"Feature","geometry":{"type":"Polygon","coordinates":[[[81.19345814477926,25.44791059341195],[81.54975890044891,25.2925633470537],[81.61092641215185,25.5977588222],[81.33873098507375,25.81084575304539],[81.19345814477926,25.44791059341195]]]},"properties":{"district":"Kaushambi","state":"Uttar Pradesh"}},
{"type":"Feature","geometry":{"type":"Polygon","coordinates":[[[86.29329943301224,25.637626699583976],[86.51044409955769,25.423165014346033],[86.72605957831057,25.254070224062275],[86.82239840924271,25.44516108462685],[86.79793140456152,25.63487719079887],[86.49362303383938,25.619754892480813],[86.41257608083298,25.729735243884885],[86.39116745173695,25.71873720874448],[86.29329943301224,25.637626699583976]]]},"properties":{"district":"Khagaria","state":"Bihar"}},
{"type":"Feature","geometry":{"type":"Polygon","coordinates":[[[84.3191179927997,25.667871296220095],[84.27477154681507,25.358551557896142],[84.46286164530163,25.16058692536881],[84.7075316921134,25.30906039976431],[84.84821696903018,25.699490647248766],[84.60048854663326,25.732484752669986],[84.3191179927997,25.667871296220095]]]},"properties":{"district":"Bhojpur","state":"Bihar"}},
{"type":"Feature","geometry":{"type":"Polygon","coordinates":[[[82.15072970293033,25.673370313790297],[82.02227792835416,25.743482787810393],[81.61092641215185,25.5977588222],[81.54975890044891,25.2925633470537],[81.54058377369347,25.18808201321983],[82.09414975460511,24.81689832723109],[82.32505711128373,25.071227889853006],[82.2684771629585,25.18258299564963],[82.32964467466145,25.533145365750105],[82.15072970293033,25.673370313790297]]]},"properties":{"district":"Prayagraj","state":"Uttar Pradesh"}},
{"type":"Feature","geometry":{"type":"Polygon","coordinates":[[[83.93070429348602,25.557890944816023],[83.77931470202122,25.39841943528012],[83.8970621620494,25.289813838268596],[84.27477154681507,25.358551557896142],[84.3191179927997,25.667871296220095],[83.93070429348602,25.557890944816023]]]},"properties":{"district":"Buxar","state":"Bihar"}},
{"type":"Feature","geometry":{"type":"Polygon","coordinates":[[[88.44639584495587,25.595009313414895],[88.1665544789149,25.425914523131137],[88.26901006101734,25.303561382194108],[88.43569153040787,25.200454802752787],[88.90973974610569,25.179833486864524],[88.81187172738098,25.52352208500225],[88.64671944578302,25.47815519004807],[88.44639584495587,25.595009313414895]]]},"properties":{"district":"Dakshin Dinajpur","state":"West Bengal"}},
{"type":"Feature","geometry":{"type":"Polygon","coordinates":[[[87.71085651672797,25.258194487239926],[87.95399737574718,24.97362032798189],[87.89130067625166,24.855391450222513],[88.0273983897907,24.690420923116406],[88.39440346000838,24.96949606480424],[88.43569153040787,25.200454802752787],[88.26901006101734,25.303561382194108],[88.06715727239762,25.483654207618272],[87.7674364650532,25.41629124238328],[87.71085651672797,25.258194487239926]]]},"properties":{"district":"Malda","state":"West Bengal"}},
{"type":"Feature","geometry":{"type":"Polygon","coordinates":[[[78.87979701461539,25.15783741658371],[78.63971453118134,25.071227889853006],[78.98531097230297,24.441590378064692],[79.09082492999055,24.632681238629267],[79.30338203315827,24.687671414331305],[79.32326147446173,25.149588890228404],[78.87979701461539,25.15783741658371]]]},"properties":{"district":"Tikamgarh","state":"Madhya Pradesh"}},
{"type":"Feature","geometry":{"type":"Polygon","coordinates":[[[82.69359136929397,25.394295172102467],[82.66759517682021,25.255444978454825],[83.03001268366016,25.243072188921868],[83.17375633616207,25.526271593787353],[83.07130075405965,25.548267664068167],[82.73946700307117,25.546892909675616],[82.69359136929397,25.394295172102467]]]},"properties":{"district":"Varanasi","state":"Uttar Pradesh"}},
{"type":"Feature","geometry":{"type":"Polygon","coordinates":[[[85.7045621328714,26.30300782557861],[85.71220807183427,26.088546140340668],[86.39116745173695,25.71873720874448],[86.41257608083298,25.729735243884885],[86.3881090761518,26.033555964638634],[86.329999940034,26.155909105575663],[85.76725883236692,26.436359001656047],[85.7045621328714,26.30300782557861]]]},"properties":{"district":"Darbhanga","state":"Bihar"}},
{"type":"Feature","geometry":{"type":"Polygon","coordinates":[[[86.79793140456152,25.63487719079887],[86.84380703833874,25.871334946317628],[86.64501262530416,26.018433666320572],[86.43704308551415,26.07204908763006],[86.3881090761518,26.033555964638634],[86.41257608083298,25.729735243884885],[86.49362303383938,25.619754892480813],[86.79793140456152,25.63487719079887]]]},"properties":{"district":"Saharsa","state":"Bihar"}},
{"type":"Feature","geometry":{"type":"Polygon","coordinates":[[[72.93584406488178,25.241697434529318],[72.37310295721468,24.766032414706704],[72.33487326240035,24.632681238629267],[72.35322351591124,24.56394351900172],[72.95878188177038,24.36047986890419],[73.00159913996245,24.480083501056118],[73.14687198025693,24.748160607603545],[72.992424013207,24.921379661064957],[73.1086422854426,25.039608538824336],[72.93584406488178,25.241697434529318]]]},"properties":{"district":"Sirohi","state":"Rajasthan"}},
{"type":"Feature","geometry":{"type":"Polygon","coordinates":[[[81.01913073642586,25.546892909675616],[80.69188454881511,25.269192522380333],[80.71482236570372,25.0657288722828],[81.12005713073572,24.903507853961795],[81.54058377369347,25.18808201321983],[81.54975890044891,25.2925633470537],[81.19345814477926,25.44791059341195],[81.01913073642586,25.546892909675616]]]},"properties":{"district":"Chitrakoot","state":"Uttar Pradesh"}},
{"type":"Feature","geometry":{"type":"Polygon","coordinates":[[[83.17375633616207,25.526271593787353],[83.03001268366016,25.243072188921868],[83.06059643951163,24.95712327527128],[83.18598983850266,24.719290765359975],[83.39548856608525,24.781154713024765],[83.34961293230805,25.18395775004218],[83.5377030307946,25.30906039976431],[83.4046636928407,25.49327748836613],[83.17375633616207,25.526271593787353]]]},"properties":{"district":"Chandauli","state":"Uttar Pradesh"}},
{"type":"Feature","geometry":{"type":"Polygon","coordinates":[[[82.32964467466145,25.533145365750105],[82.2684771629585,25.18258299564963],[82.66759517682021,25.255444978454825],[82.69359136929397,25.394295172102467],[82.32964467466145,25.533145365750105]]]},"properties":{"district":"Bhadohi","state":"Uttar Pradesh"}},
{"type":"Feature","geometry":{"type":"Polygon","coordinates":[[[76.59366126471785,25.408042716027975],[76.32299502543232,25.381922382569506],[76.19607243864871,25.12484331116249],[76.44074248546049,24.830645871156598],[76.60742395485101,24.423718570961533],[76.84444806269991,24.43609136049449],[77.06923866820824,24.55706974703897],[76.87656100634396,25.040983293216886],[77.31237952722745,25.080851170600862],[77.36743028776009,25.410792224813076],[77.0830013583414,25.33655548761533],[76.94537445700978,25.284314820698395],[76.59366126471785,25.408042716027975]]]},"properties":{"district":"Baran","state":"Rajasthan"}},
{"type":"Feature","geometry":{"type":"Polygon","coordinates":[[[87.55182098630031,25.331056470045123],[87.47841997225677,25.194955785182586],[87.50900372810825,24.799026520127928],[87.83930829130415,24.74541109881844],[87.89130067625166,24.855391450222513],[87.95399737574718,24.97362032798189],[87.71085651672797,25.258194487239926],[87.55182098630031,25.331056470045123]]]},"properties":{"district":"Sahibganj","state":"Jharkhand"}},
{"type":"Feature","geometry":{"type":"Polygon","coordinates":[[[83.5377030307946,25.30906039976431],[83.34961293230805,25.18395775004218],[83.39548856608525,24.781154713024765],[83.52394034066143,24.550195975076214],[83.69673856122225,24.540572694328358],[83.8970621620494,25.289813838268596],[83.77931470202122,25.39841943528012],[83.5377030307946,25.30906039976431]]]},"properties":{"district":"Kaimur","state":"Bihar"}},
{"type":"Feature","geometry":{"type":"Polygon","coordinates":[[[84.27477154681507,25.358551557896142],[83.8970621620494,25.289813838268596],[83.69673856122225,24.540572694328358],[83.52394034066143,24.550195975076214],[83.50253171156541,24.5254503960103],[83.87259515736821,24.53232416797305],[84.00869287090727,24.642304519377124],[84.4475697673759,25.12759281994759],[84.46286164530163,25.16058692536881],[84.27477154681507,25.358551557896142]]]},"properties":{"district":"Rohtas","state":"Bihar"}},
{"type":"Feature","geometry":{"type":"Polygon","coordinates":[[[73.14687198025693,24.748160607603545],[73.00159913996245,24.480083501056118],[73.15145954363466,24.354980851333988],[73.06735421504311,24.194134587405532],[73.40530471720187,24.041536849832383],[73.37777933693555,23.90406141057729],[73.36860421018011,23.814702375061483],[73.58269050114042,23.96317584945698],[73.8380648625002,23.93430600721341],[74.15307754777037,24.011292253196263],[74.27082500779854,23.949428305531473],[74.22189099843618,24.09927653431952],[74.4298605382262,24.257373289462873],[74.27082500779854,24.576316308534683],[74.10414353840801,24.734413063678033],[74.14237323322236,24.88151178368098],[73.99404201734272,24.921379661064957],[73.67138339310968,24.77015667788436],[73.48788085800085,25.104221995274226],[73.14687198025693,24.748160607603545]]]},"properties":{"district":"Udaipur","state":"Rajasthan"}},
{"type":"Feature","geometry":{"type":"Polygon","coordinates":[[[87.47841997225677,25.194955785182586],[87.1756407893272,25.057480345927495],[87.05177657812874,24.627182221059066],[87.42031083613898,24.514452360869893],[87.50900372810825,24.799026520127928],[87.47841997225677,25.194955785182586]]]},"properties":{"district":"Godda","state":"Jharkhand"}},
{"type":"Feature","geometry":{"type":"Polygon","coordinates":[[[82.09414975460511,24.81689832723109],[82.2975317310174,24.606560905170802],[82.52385152431829,24.6766733791909],[83.06059643951163,24.95712327527128],[83.03001268366016,25.243072188921868],[82.66759517682021,25.255444978454825],[82.2684771629585,25.18258299564963],[82.32505711128373,25.071227889853006],[82.09414975460511,24.81689832723109]]]},"properties":{"district":"Mirzapur","state":"Uttar Pradesh"}},
{"type":"Feature","geometry":{"type":"Polygon","coordinates":[[[78.44703686931706,25.12209380237739],[78.37363585527352,25.09872297770402],[78.19013332016469,24.841643906297005],[78.26812189758594,24.449838904419998],[78.58619295844126,24.353606096941437],[78.80639600057185,24.17901228908747],[78.99142772347327,24.416844798998778],[78.98531097230297,24.441590378064692],[78.63971453118134,25.071227889853006],[78.55866757817493,25.21282759228575],[78.44703686931706,25.12209380237739]]]},"properties":{"district":"Lalitpur","state":"Uttar Pradesh"}},
{"type":"Feature","geometry":{"type":"Polygon","coordinates":[[[86.50432734838739,24.983243608729747],[86.37128801043349,25.144089872658203],[86.11897202465885,24.97362032798189],[85.97522837215692,24.996991152655255],[85.83454309524015,24.9873678719074],[86.05474613737076,24.779779958632215],[86.13273471479201,24.603811396385698],[86.4523349634399,24.37285265843715],[86.61137049386755,24.607935659563353],[86.50432734838739,24.983243608729747]]]},"properties":{"district":"Jamui","state":"Bihar"}},
{"type":"Feature","geometry":{"type":"Polygon","coordinates":[[[75.19139605892785,25.03685903003923],[74.99260164589327,24.693170431901507],[74.69746840192657,24.48283300984122],[74.85497474456166,24.423718570961533],[74.90849631730173,24.212006394508695],[75.02471458953733,24.370103149652046],[75.36572346728124,24.31511297395001],[75.59051407278956,24.519951378440094],[75.54922600239007,24.702793712649363],[75.18375011996498,24.748160607603545],[75.35196077714808,25.01898722293607],[75.19139605892785,25.03685903003923]]]},"properties":{"district":"Neemuch","state":"Madhya Pradesh"}},
{"type":"Feature","geometry":{"type":"Polygon","coordinates":[[[87.1756407893272,25.057480345927495],[86.69241744687395,25.115220030414633],[86.50432734838739,24.983243608729747],[86.61137049386755,24.607935659563353],[86.91262048900455,24.547446466291113],[87.05177657812874,24.627182221059066],[87.1756407893272,25.057480345927495]]]},"properties":{"district":"Banka","state":"Bihar"}},
{"type":"Feature","geometry":{"type":"Polygon","coordinates":[[[81.54058377369347,25.18808201321983],[81.12005713073572,24.903507853961795],[81.1567576377575,24.49795530815928],[81.30508885363713,24.321986745912767],[81.79137057167554,24.52957465918795],[82.3036484821877,24.59418811563784],[82.2975317310174,24.606560905170802],[82.09414975460511,24.81689832723109],[81.54058377369347,25.18808201321983]]]},"properties":{"district":"Rewa","state":"Madhya Pradesh"}},
{"type":"Feature","geometry":{"type":"Polygon","coordinates":[[[80.4777982578548,24.97636983676699],[80.60319165684584,24.830645871156598],[80.4609771921365,24.43746611488704],[80.63224622490475,24.17488802590982],[80.35852161003407,23.968674867027186],[80.73776018259233,24.130895885348192],[80.95796322472292,24.064907674505747],[81.00230967070756,24.08140472721636],[81.38919418222868,24.26562181581818],[81.30508885363713,24.321986745912767],[81.1567576377575,24.49795530815928],[81.12005713073572,24.903507853961795],[80.71482236570372,25.0657288722828],[80.4777982578548,24.97636983676699]]]},"properties":{"district":"Satna","state":"Madhya Pradesh"}},
{"type":"Feature","geometry":{"type":"Polygon","coordinates":[[[77.31237952722745,25.080851170600862],[76.87656100634396,25.040983293216886],[77.06923866820824,24.55706974703897],[76.84444806269991,24.43609136049449],[76.88114856972169,24.130895885348192],[77.18239856485869,24.078655218431255],[77.22674501084332,23.890313866651784],[77.31849627839773,23.890313866651784],[77.34602165866406,24.181761797872575],[77.65185921717878,24.31373821955746],[77.49741125012885,24.473209729093366],[77.56469551300209,24.871888502933125],[77.31237952722745,25.080851170600862]]]},"properties":{"district":"Guna","state":"Madhya Pradesh"}},
{"type":"Feature","geometry":{"type":"Polygon","coordinates":[[[85.83454309524015,24.9873678719074],[85.634219494413,25.09734822331147],[85.38802025980866,24.962622292841484],[85.27638955095078,24.779779958632215],[85.3742575696755,24.55432023825387],[85.67703675260508,24.59143860685274],[85.9018273581134,24.766032414706704],[86.05474613737076,24.779779958632215],[85.83454309524015,24.9873678719074]]]},"properties":{"district":"Nawada","state":"Bihar"}},
{"type":"Feature","geometry":{"type":"Polygon","coordinates":[[[85.38802025980866,24.962622292841484],[85.20145934911469,25.058855100320045],[84.85586290799304,25.06160460910515],[84.73352788458716,25.054730837142394],[84.73505707237973,24.764657660314153],[84.54696697389318,24.52682515040285],[84.32676393176257,24.489706781803974],[84.49650377673825,24.287617886098992],[84.80234133525298,24.5309494135805],[85.08829945246424,24.370103149652046],[85.33144031148343,24.510328097692238],[85.3742575696755,24.55432023825387],[85.27638955095078,24.779779958632215],[85.38802025980866,24.962622292841484]]]},"properties":{"district":"Gaya","state":"Bihar"}},
{"type":"Feature","geometry":{"type":"Polygon","coordinates":[[[77.56469551300209,24.871888502933125],[77.49741125012885,24.473209729093366],[77.65185921717878,24.31373821955746],[78.08309017468454,24.258748043855423],[78.26812189758594,24.449838904419998],[78.19013332016469,24.841643906297005],[77.56469551300209,24.871888502933125]]]},"properties":{"district":"Ashoknagar","state":"Madhya Pradesh"}},
{"type":"Feature","geometry":{"type":"Polygon","coordinates":[[[71.28737962448743,24.61618418591866],[71.31949256813148,23.983797165345244],[71.9617514410124,23.990670937308],[72.20642148782417,24.11439883263758],[72.48626285386514,23.935680761605962],[72.78292528562442,24.102026043104622],[72.86703061421596,24.02503979712177],[72.95878188177038,24.36047986890419],[72.35322351591124,24.56394351900172],[72.33487326240035,24.632681238629267],[72.05809027194452,24.71241699339722],[71.28737962448743,24.61618418591866]]]},"properties":{"district":"Banaskantha","state":"Gujarat"}},
{"type":"Feature","geometry":{"type":"Polygon","coordinates":[[[75.92081863598546,24.54332220311346],[75.72814097412119,24.396223483110514],[75.83671330739391,24.05665914815044],[75.46206229821338,23.917808954502803],[75.68991127930684,23.74733940982649],[75.93763970170377,23.89718763861454],[76.21289350436702,24.20925688572359],[76.32146583763975,24.245000499929915],[76.88114856972169,24.130895885348192],[76.84444806269991,24.43609136049449],[76.60742395485101,24.423718570961533],[76.44074248546049,24.830645871156598],[76.06456228848738,24.74266159003334],[75.92081863598546,24.54332220311346]]]},"properties":{"district":"Jhalawar","state":"Rajasthan"}},
{"type":"Feature","geometry":{"type":"Polygon","coordinates":[[[87.89130067625166,24.855391450222513],[87.83930829130415,24.74541109881844],[87.88977148845908,24.565318273394276],[88.0166940752427,24.310988710772357],[87.84389585468188,23.909560428147497],[87.96623087808776,23.80920335749128],[88.17725879346293,23.761086953752],[88.40816615014154,23.820201392631688],[88.70024101852309,24.096527025534417],[88.74152908892258,24.254623780677772],[88.13291234747828,24.510328097692238],[88.0273983897907,24.690420923116406],[87.89130067625166,24.855391450222513]]]},"properties":{"district":"Murshidabad","state":"West Bengal"}},
{"type":"Feature","geometry":{"type":"Polygon","coordinates":[[[83.06059643951163,24.95712327527128],[82.52385152431829,24.6766733791909],[82.79757613918898,24.576316308534683],[82.7440545664489,24.165264745161963],[82.81286801711471,23.96180109506443],[82.94743654286118,23.87106730515607],[83.2073984675987,23.921933217680454],[83.32973349100459,24.102026043104622],[83.50253171156541,24.5254503960103],[83.52394034066143,24.550195975076214],[83.39548856608525,24.781154713024765],[83.18598983850266,24.719290765359975],[83.06059643951163,24.95712327527128]]]},"properties":{"district":"Sonbhadra","state":"Uttar Pradesh"}},
{"type":"Feature","geometry":{"type":"Polygon","coordinates":[[[87.50900372810825,24.799026520127928],[87.42031083613898,24.514452360869893],[87.5640544886409,24.52407564161775],[87.638984690477,24.254623780677772],[87.88977148845908,24.565318273394276],[87.83930829130415,24.74541109881844],[87.50900372810825,24.799026520127928]]]},"properties":{"district":"Pakur","state":"Jharkhand"}},
{"type":"Feature","geometry":{"type":"Polygon","coordinates":[[[75.78472092244641,24.761908151529052],[75.54922600239007,24.702793712649363],[75.59051407278956,24.519951378440094],[75.36572346728124,24.31511297395001],[75.02471458953733,24.370103149652046],[74.90849631730173,24.212006394508695],[74.94060926094578,23.76521121692965],[75.46206229821338,23.917808954502803],[75.83671330739391,24.05665914815044],[75.72814097412119,24.396223483110514],[75.92081863598546,24.54332220311346],[75.78472092244641,24.761908151529052]]]},"properties":{"district":"Mandsaur","state":"Madhya Pradesh"}},
{"type":"Feature","geometry":{"type":"Polygon","coordinates":[[[86.51044409955769,25.423165014346033],[86.26271567716077,25.28019055752074],[86.37128801043349,25.144089872658203],[86.50432734838739,24.983243608729747],[86.69241744687395,25.115220030414633],[86.72605957831057,25.254070224062275],[86.51044409955769,25.423165014346033]]]},"properties":{"district":"Munger","state":"Bihar"}},
{"type":"Feature","geometry":{"type":"Polygon","coordinates":[[[86.05474613737076,24.779779958632215],[85.9018273581134,24.766032414706704],[85.84983497316588,24.273870342173485],[85.68162431598279,24.17626278030237],[85.91406086045399,23.949428305531473],[86.10979689790341,23.887564357866683],[86.48138953149879,24.02229028833667],[86.57008242346805,24.1418939204886],[86.4523349634399,24.37285265843715],[86.13273471479201,24.603811396385698],[86.05474613737076,24.779779958632215]]]},"properties":{"district":"Giridih","state":"Jharkhand"}},
{"type":"Feature","geometry":{"type":"Polygon","coordinates":[[[87.05177657812874,24.627182221059066],[86.91262048900455,24.547446466291113],[87.04565982695846,24.2230044296491],[86.97378800070749,24.108899815067375],[87.23374992544501,24.02503979712177],[87.44019027744244,23.982422410952694],[87.638984690477,24.254623780677772],[87.5640544886409,24.52407564161775],[87.42031083613898,24.514452360869893],[87.05177657812874,24.627182221059066]]]},"properties":{"district":"Dumka","state":"Jharkhand"}},
{"type":"Feature","geometry":{"type":"Polygon","coordinates":[[[82.2975317310174,24.606560905170802],[82.3036484821877,24.59418811563784],[82.16602158085607,24.35773036011909],[81.87853427585223,24.126771622170537],[82.20883883904813,23.85319549805291],[82.49785533184455,23.784457778425363],[82.69359136929397,23.919183708895353],[82.81286801711471,23.96180109506443],[82.7440545664489,24.165264745161963],[82.79757613918898,24.576316308534683],[82.52385152431829,24.6766733791909],[82.2975317310174,24.606560905170802]]]},"properties":{"district":"Singrauli","state":"Madhya Pradesh"}},
{"type":"Feature","geometry":{"type":"Polygon","coordinates":[[[87.88977148845908,24.565318273394276],[87.638984690477,24.254623780677772],[87.44019027744244,23.982422410952694],[87.23374992544501,24.02503979712177],[87.08541870956536,23.811952866276382],[87.53347073278943,23.60848921617885],[87.84542504247445,23.55074953169171],[87.96623087808776,23.80920335749128],[87.84389585468188,23.909560428147497],[88.0166940752427,24.310988710772357],[87.88977148845908,24.565318273394276]]]},"properties":{"district":"Birbhum","state":"West Bengal"}},
{"type":"Feature","geometry":{"type":"Polygon","coordinates":[[[86.4523349634399,24.37285265843715],[86.57008242346805,24.1418939204886],[86.97378800070749,24.108899815067375],[87.04565982695846,24.2230044296491],[86.91262048900455,24.547446466291113],[86.61137049386755,24.607935659563353],[86.4523349634399,24.37285265843715]]]},"properties":{"district":"Deoghar","state":"Jharkhand"}},
{"type":"Feature","geometry":{"type":"Polygon","coordinates":[[[83.87259515736821,24.53232416797305],[83.81754439683557,24.288992640491543],[84.01939718545529,23.802329585528526],[84.13714464548345,23.90406141057729],[84.57907991753723,23.9879214285229],[84.49650377673825,24.287617886098992],[84.32676393176257,24.489706781803974],[84.00869287090727,24.642304519377124],[83.87259515736821,24.53232416797305]]]},"properties":{"district":"Palamu","state":"Jharkhand"}},
{"type":"Feature","geometry":{"type":"Polygon","coordinates":[[[81.30508885363713,24.321986745912767],[81.38919418222868,24.26562181581818],[81.60328047318899,23.88481484908158],[82.20883883904813,23.85319549805291],[81.87853427585223,24.126771622170537],[82.16602158085607,24.35773036011909],[82.3036484821877,24.59418811563784],[81.79137057167554,24.52957465918795],[81.30508885363713,24.321986745912767]]]},"properties":{"district":"Sidhi","state":"Madhya Pradesh"}},
{"type":"Feature","geometry":{"type":"Polygon","coordinates":[[[84.49650377673825,24.287617886098992],[84.57907991753723,23.9879214285229],[84.9338514854143,23.941179779176167],[84.96902280464349,23.71572005879782],[85.05312813323505,23.711595795620166],[85.20145934911469,23.956302077494225],[85.08829945246424,24.370103149652046],[84.80234133525298,24.5309494135805],[84.49650377673825,24.287617886098992]]]},"properties":{"district":"Chatra","state":"Jharkhand"}},
{"type":"Feature","geometry":{"type":"Polygon","coordinates":[[[83.50253171156541,24.5254503960103],[83.32973349100459,24.102026043104622],[83.7059136879777,23.820201392631688],[83.7747271386435,23.6098639705714],[84.01633880987013,23.634609549637318],[84.01939718545529,23.802329585528526],[83.81754439683557,24.288992640491543],[83.87259515736821,24.53232416797305],[83.50253171156541,24.5254503960103]]]},"properties":{"district":"Garhwa","state":"Jharkhand"}},
{"type":"Feature","geometry":{"type":"Polygon","coordinates":[[[78.26812189758594,24.449838904419998],[78.08309017468454,24.258748043855423],[78.2941180900597,23.909560428147497],[78.29258890226713,23.675852181413845],[78.49902925426456,23.585118391505485],[78.809454376157,23.235930775797556],[79.19022213650783,23.2235579862646],[79.18104700975239,23.42564688196958],[79.3018528453657,23.677226935806395],[79.0938833055757,23.919183708895353],[79.14434650273063,24.102026043104622],[79.23303939469989,24.334359535445724],[78.99142772347327,24.416844798998778],[78.80639600057185,24.17901228908747],[78.58619295844126,24.353606096941437],[78.26812189758594,24.449838904419998]]]},"properties":{"district":"Sagar","state":"Madhya Pradesh"}},
{"type":"Feature","geometry":{"type":"Polygon","coordinates":[[[71.31949256813148,23.983797165345244],[71.10081871379344,23.90268665618474],[71.08093927249,23.598865935430993],[71.3760725164567,23.649731847955376],[71.53357885909178,23.479262303279064],[71.96939737997526,23.526003952625796],[72.29052681641572,23.619487251319256],[72.32875651123005,23.880690585903928],[72.48626285386514,23.935680761605962],[72.20642148782417,24.11439883263758],[71.9617514410124,23.990670937308],[71.31949256813148,23.983797165345244]]]},"properties":{"district":"Patan","state":"Gujarat"}},
{"type":"Feature","geometry":{"type":"Polygon","coordinates":[[[79.19022213650783,23.2235579862646],[79.37219548382409,23.16581830177746],[79.67497466675367,23.337662600846322],[79.92881984032088,23.597491181038443],[79.8645939530328,23.828449918986994],[79.76672593430808,24.041536849832383],[79.79578050236698,24.3742274128297],[79.56640233348094,24.427842834139184],[79.38289979837211,24.195509341798083],[79.14434650273063,24.102026043104622],[79.0938833055757,23.919183708895353],[79.3018528453657,23.677226935806395],[79.18104700975239,23.42564688196958],[79.19022213650783,23.2235579862646]]]},"properties":{"district":"Damoh","state":"Madhya Pradesh"}},
{"type":"Feature","geometry":{"type":"Polygon","coordinates":[[[77.04935922690478,23.466889513746107],[76.69305847123513,23.48613607524182],[76.4346257342902,23.633234795244764],[76.15478436824922,23.569996093187424],[76.1211422368126,23.24417930215286],[76.54166887977034,23.13007468757114],[76.85515237724793,23.10807861729032],[77.04935922690478,23.466889513746107]]]},"properties":{"district":"Shajapur","state":"Madhya Pradesh"}},
{"type":"Feature","geometry":{"type":"Polygon","coordinates":[[[77.31849627839773,23.890313866651784],[77.64727165380106,23.712970550012717],[77.51729069143231,23.506757391130083],[78.08461936247711,23.450392461035495],[78.29258890226713,23.675852181413845],[78.2941180900597,23.909560428147497],[78.08309017468454,24.258748043855423],[77.65185921717878,24.31373821955746],[77.34602165866406,24.181761797872575],[77.31849627839773,23.890313866651784]]]},"properties":{"district":"Vidisha","state":"Madhya Pradesh"}},
{"type":"Feature","geometry":{"type":"Polygon","coordinates":[[[72.48626285386514,23.935680761605962],[72.32875651123005,23.880690585903928],[72.29052681641572,23.619487251319256],[71.96939737997526,23.526003952625796],[71.98927682127872,23.48888558402692],[72.33640245019292,23.10670386289777],[72.62388975519676,23.556248549261916],[72.79821716355015,23.501258373559878],[72.78904203679471,23.832574182164645],[72.86703061421596,24.02503979712177],[72.78292528562442,24.102026043104622],[72.48626285386514,23.935680761605962]]]},"properties":{"district":"Mehsana","state":"Gujarat"}},
{"type":"Feature","geometry":{"type":"Polygon","coordinates":[[[76.88114856972169,24.130895885348192],[76.32146583763975,24.245000499929915],[76.21289350436702,24.20925688572359],[76.4346257342902,23.633234795244764],[76.69305847123513,23.48613607524182],[77.04935922690478,23.466889513746107],[77.16710668693295,23.67310267262874],[77.22674501084332,23.890313866651784],[77.18239856485869,24.078655218431255],[76.88114856972169,24.130895885348192]]]},"properties":{"district":"Rajgarh","state":"Madhya Pradesh"}},
{"type":"Feature","geometry":{"type":"Polygon","coordinates":[[[81.00230967070756,24.08140472721636],[81.22251271283815,23.85457025244546],[81.35249367520692,23.354159653556934],[81.25156728089705,23.21255995112419],[81.51764595680486,23.081958283831856],[81.61245559994443,23.19881240719868],[81.91370559508142,23.30054423224745],[81.98557742133238,23.414648846829174],[81.91676397066658,23.534252478981102],[81.61092641215185,23.512256408700285],[81.69656092853597,23.721219076368023],[81.60328047318899,23.88481484908158],[81.38919418222868,24.26562181581818],[81.00230967070756,24.08140472721636]]]},"properties":{"district":"Shahdol","state":"Madhya Pradesh"}},
{"type":"Feature","geometry":{"type":"Polygon","coordinates":[[[88.17725879346293,23.761086953752],[88.3867575210455,23.497134110382227],[88.41428290131182,23.20981044233909],[88.40663696234895,22.943108090184214],[88.61154812655383,22.907364475977893],[88.70941614527854,23.231806512619904],[88.7629377180186,23.446268197857844],[88.59319787304294,23.616737742534156],[88.70024101852309,24.096527025534417],[88.40816615014154,23.820201392631688],[88.17725879346293,23.761086953752]]]},"properties":{"district":"Nadia","state":"West Bengal"}},
{"type":"Feature","geometry":{"type":"Polygon","coordinates":[[[86.48138953149879,24.02229028833667],[86.80098978014666,23.833948936557196],[87.08541870956536,23.811952866276382],[87.23374992544501,24.02503979712177],[86.97378800070749,24.108899815067375],[86.57008242346805,24.1418939204886],[86.48138953149879,24.02229028833667]]]},"properties":{"district":"Jamtara","state":"Jharkhand"}},
{"type":"Feature","geometry":{"type":"Polygon","coordinates":[[[73.36860421018011,23.814702375061483],[73.65609151518395,23.620862005711807],[73.62703694712505,23.449017706642945],[73.95887069811351,23.3802799870154],[74.14696079660007,23.783083024032813],[74.37633896548611,23.90406141057729],[74.27082500779854,23.949428305531473],[74.15307754777037,24.011292253196263],[73.8380648625002,23.93430600721341],[73.58269050114042,23.96317584945698],[73.36860421018011,23.814702375061483]]]},"properties":{"district":"Dungarpur","state":"Rajasthan"}},
{"type":"Feature","geometry":{"type":"Polygon","coordinates":[[[80.35852161003407,23.968674867027186],[80.05268405151935,23.99204569170055],[79.8645939530328,23.828449918986994],[79.92881984032088,23.597491181038443],[80.23618658662818,23.57412035636508],[80.29735409833113,23.339037355238872],[80.54355333293547,23.39402753094091],[80.69035536102254,23.73221711150843],[80.90597083977542,23.677226935806395],[80.84633251586504,23.96592535824208],[80.95796322472292,24.064907674505747],[80.73776018259233,24.130895885348192],[80.35852161003407,23.968674867027186]]]},"properties":{"district":"Katni","state":"Madhya Pradesh"}},
{"type":"Feature","geometry":{"type":"Polygon","coordinates":[[[86.10979689790341,23.887564357866683],[86.24436542364988,23.712970550012717],[86.48597709487652,23.63598430402987],[86.80098978014666,23.69922300608721],[86.80098978014666,23.833948936557196],[86.48138953149879,24.02229028833667],[86.10979689790341,23.887564357866683]]]},"properties":{"district":"Dhanbad","state":"Jharkhand"}},
{"type":"Feature","geometry":{"type":"Polygon","coordinates":[[[73.95887069811351,23.3802799870154],[73.98180851500213,23.337662600846322],[74.31975901716089,23.059962213551042],[74.73416890894833,23.220808477479498],[74.52925774474348,23.321165548135713],[74.77239860376268,23.542501005336405],[74.51855343019547,23.63598430402987],[74.56137068838753,23.805079094313626],[74.37633896548611,23.90406141057729],[74.14696079660007,23.783083024032813],[73.95887069811351,23.3802799870154]]]},"properties":{"district":"Banswara","state":"Rajasthan"}},
{"type":"Feature","geometry":{"type":"Polygon","coordinates":[[[80.95796322472292,24.064907674505747],[80.84633251586504,23.96592535824208],[80.90597083977542,23.677226935806395],[80.69035536102254,23.73221711150843],[80.54355333293547,23.39402753094091],[80.57566627657951,23.351410144771833],[80.72552668025173,23.260676354863474],[81.12617388190601,23.20981044233909],[81.25156728089705,23.21255995112419],[81.35249367520692,23.354159653556934],[81.22251271283815,23.85457025244546],[81.00230967070756,24.08140472721636],[80.95796322472292,24.064907674505747]]]},"properties":{"district":"Umaria","state":"Madhya Pradesh"}},
{"type":"Feature","geometry":{"type":"Polygon","coordinates":[[[84.01939718545529,23.802329585528526],[84.01633880987013,23.634609549637318],[84.07444794598793,23.33353833766867],[84.1921954060161,23.325289811313365],[84.38793144346552,23.6043649530012],[84.64177661703275,23.66897840945109],[84.88491747605194,23.558998058047017],[84.96902280464349,23.71572005879782],[84.9338514854143,23.941179779176167],[84.57907991753723,23.9879214285229],[84.13714464548345,23.90406141057729],[84.01939718545529,23.802329585528526]]]},"properties":{"district":"Latehar","state":"Jharkhand"}},
{"type":"Feature","geometry":{"type":"Polygon","coordinates":[[[75.46206229821338,23.917808954502803],[74.94060926094578,23.76521121692965],[74.77239860376268,23.542501005336405],[74.52925774474348,23.321165548135713],[74.73416890894833,23.220808477479498],[75.00636433602644,23.109453371682875],[75.24185925608278,23.13557370514134],[75.19904199789072,23.535627233373653],[75.68991127930684,23.74733940982649],[75.46206229821338,23.917808954502803]]]},"properties":{"district":"Ratlam","state":"Madhya Pradesh"}},
{"type":"Feature","geometry":{"type":"Polygon","coordinates":[[[85.91406086045399,23.949428305531473],[85.64339462116845,23.954927323101675],[85.88500629239508,23.48338656645672],[86.31012049873054,23.411899338044073],[86.48597709487652,23.63598430402987],[86.24436542364988,23.712970550012717],[86.10979689790341,23.887564357866683],[85.91406086045399,23.949428305531473]]]},"properties":{"district":"Bokaro","state":"Jharkhand"}},
{"type":"Feature","geometry":{"type":"Polygon","coordinates":[[[85.64339462116845,23.954927323101675],[85.23051391717358,23.684100707769147],[85.85901009992133,23.42977114514723],[85.88500629239508,23.48338656645672],[85.64339462116845,23.954927323101675]]]},"properties":{"district":"Ramgarh","state":"Jharkhand"}},
{"type":"Feature","geometry":{"type":"Polygon","coordinates":[[[77.22674501084332,23.890313866651784],[77.16710668693295,23.67310267262874],[77.27720820799826,23.600240689823544],[77.21451150850274,23.28542193392939],[77.37966379010068,23.072335003084],[77.56163713741694,23.13694845953389],[77.62586302470503,23.315666530565508],[77.51729069143231,23.506757391130083],[77.64727165380106,23.712970550012717],[77.31849627839773,23.890313866651784],[77.22674501084332,23.890313866651784]]]},"properties":{"district":"Bhopal","state":"Madhya Pradesh"}},
{"type":"Feature","geometry":{"type":"Polygon","coordinates":[[[87.96623087808776,23.80920335749128],[87.84542504247445,23.55074953169171],[87.53347073278943,23.60848921617885],[87.44936540419789,23.402276057296216],[87.76437808946804,23.0750845118691],[87.71238570452054,23.01047105541921],[88.0503362066793,22.989849739530946],[88.16961285450006,23.156195021029603],[88.41428290131182,23.20981044233909],[88.3867575210455,23.497134110382227],[88.17725879346293,23.761086953752],[87.96623087808776,23.80920335749128]]]},"properties":{"district":"Purba Bardhaman","state":"West Bengal"}},
{"type":"Feature","geometry":{"type":"Polygon","coordinates":[[[82.216484778011,22.944482844576765],[82.57278553368064,22.960979897287377],[82.7440545664489,23.268924881218776],[82.49785533184455,23.784457778425363],[82.20883883904813,23.85319549805291],[81.60328047318899,23.88481484908158],[81.69656092853597,23.721219076368023],[81.61092641215185,23.512256408700285],[81.91676397066658,23.534252478981102],[81.98557742133238,23.414648846829174],[82.19966371229269,23.314291776172958],[82.12320432266401,23.10395435411267],[82.216484778011,22.944482844576765]]]},"properties":{"district":"Koriya","state":"Chhattisgarh"}},
{"type":"Feature","geometry":{"type":"Polygon","coordinates":[[[75.68991127930684,23.74733940982649],[75.19904199789072,23.535627233373653],[75.24185925608278,23.13557370514134],[75.44065366911735,22.867496598593917],[75.56604706810839,23.086082547009507],[75.89788081909686,23.003597283456454],[76.08291254199827,23.04758942401808],[76.1211422368126,23.24417930215286],[76.15478436824922,23.569996093187424],[75.88105975337855,23.557623303654466],[75.68991127930684,23.74733940982649]]]},"properties":{"district":"Ujjain","state":"Madhya Pradesh"}},
{"type":"Feature","geometry":{"type":"Polygon","coordinates":[[[72.33640245019292,23.10670386289777],[72.76610421990611,23.095705827757364],[72.83797604615707,22.9967235114937],[73.01230345451046,23.160319284207258],[73.01689101788818,23.278548161966633],[72.79821716355015,23.501258373559878],[72.62388975519676,23.556248549261916],[72.33640245019292,23.10670386289777]]]},"properties":{"district":"Gandhinagar","state":"Gujarat"}},
{"type":"Feature","geometry":{"type":"Polygon","coordinates":[[[72.06114864752968,22.101758401943066],[72.2446511826385,21.994527559324098],[72.37616133279984,22.314845332788455],[72.50920067075374,22.610417527186897],[72.52143417309433,22.79600937018127],[72.83797604615707,22.9967235114937],[72.76610421990611,23.095705827757364],[72.33640245019292,23.10670386289777],[71.98927682127872,23.48888558402692],[71.87000017345798,23.381654741407953],[71.91893418282034,23.065461231121244],[72.05656108415195,22.79600937018127],[72.03362326726335,22.50731094774558],[71.8623542344951,22.37121026288304],[72.06114864752968,22.101758401943066]]]},"properties":{"district":"Ahmedabad","state":"Gujarat"}},
{"type":"Feature","geometry":{"type":"Polygon","coordinates":[[[78.29258890226713,23.675852181413845],[78.08461936247711,23.450392461035495],[77.51729069143231,23.506757391130083],[77.62586302470503,23.315666530565508],[77.56163713741694,23.13694845953389],[77.37966379010068,23.072335003084],[77.63962571483819,22.838626756350347],[77.96075515127865,22.969228423642683],[78.02803941415189,22.802883142144022],[78.44703686931706,22.98297596756819],[78.73146579873575,23.04483991523298],[78.809454376157,23.235930775797556],[78.49902925426456,23.585118391505485],[78.29258890226713,23.675852181413845]]]},"properties":{"district":"Raisen","state":"Madhya Pradesh"}},
{"type":"Feature","geometry":{"type":"Polygon","coordinates":[[[86.60984130607497,22.79875887896637],[86.75205577078432,23.08883205579461],[86.90191617445653,23.63873381281497],[86.80098978014666,23.69922300608721],[86.48597709487652,23.63598430402987],[86.31012049873054,23.411899338044073],[85.88500629239508,23.48338656645672],[85.85901009992133,23.42977114514723],[85.88500629239508,23.16719305617001],[86.24130704806473,22.9967235114937],[86.43551389772158,22.926611037473606],[86.55937810892004,22.713524106628213],[86.60984130607497,22.79875887896637]]]},"properties":{"district":"Purulia","state":"West Bengal"}},
{"type":"Feature","geometry":{"type":"Polygon","coordinates":[[[77.22062825967302,22.56917489541037],[77.74208129694063,22.760265755974945],[78.02803941415189,22.802883142144022],[77.96075515127865,22.969228423642683],[77.63962571483819,22.838626756350347],[77.37966379010068,23.072335003084],[77.21451150850274,23.28542193392939],[77.27720820799826,23.600240689823544],[77.16710668693295,23.67310267262874],[77.04935922690478,23.466889513746107],[76.85515237724793,23.10807861729032],[76.54166887977034,23.13007468757114],[76.45450517559365,22.92248677429595],[76.57531101120696,22.771263791115352],[77.00348359312757,22.878494633734324],[77.13040617991118,22.555427351484862],[77.22062825967302,22.56917489541037]]]},"properties":{"district":"Sehore","state":"Madhya Pradesh"}},
{"type":"Feature","geometry":{"type":"Polygon","coordinates":[[[84.96902280464349,23.71572005879782],[84.88491747605194,23.558998058047017],[84.90173854177026,23.326664565705915],[84.94302661216975,23.002222529063904],[85.08829945246424,23.24280454776031],[85.61434005310956,23.114952389253077],[85.5822271094655,22.894991686444932],[85.88500629239508,23.16719305617001],[85.85901009992133,23.42977114514723],[85.23051391717358,23.684100707769147],[85.05312813323505,23.711595795620166],[84.96902280464349,23.71572005879782]]]},"properties":{"district":"Ranchi","state":"Jharkhand"}},
{"type":"Feature","geometry":{"type":"Polygon","coordinates":[[[87.52276641824142,22.927985791866156],[87.71238570452054,23.01047105541921],[87.76437808946804,23.0750845118691],[87.44936540419789,23.402276057296216],[87.20928292076383,23.557623303654466],[86.90191617445653,23.63873381281497],[86.75205577078432,23.08883205579461],[86.60984130607497,22.79875887896637],[86.89427023549366,22.651660158963423],[87.07624358280992,22.725896896161174],[87.06401008046933,22.850999545883305],[87.52276641824142,22.927985791866156]]]},"properties":{"district":"Bankura","state":"West Bengal"}},
{"type":"Feature","geometry":{"type":"Polygon","coordinates":[[[84.38793144346552,23.6043649530012],[84.4414530162056,23.405025566081317],[84.79316620849752,23.278548161966633],[84.90173854177026,23.326664565705915],[84.88491747605194,23.558998058047017],[84.64177661703275,23.66897840945109],[84.38793144346552,23.6043649530012]]]},"properties":{"district":"Lohardaga","state":"Jharkhand"}},
{"type":"Feature","geometry":{"type":"Polygon","coordinates":[[[73.56281105983696,22.329967631106513],[73.73102171702006,22.287350244937436],[73.80289354327101,22.548553579522107],[73.90229074978829,23.050338932803186],[73.67444176869483,23.10257959972012],[73.42212578292019,22.944482844576765],[73.35025395666922,22.791885107003615],[73.4205965951276,22.428949947370178],[73.56281105983696,22.329967631106513]]]},"properties":{"district":"Panchmahal","state":"Gujarat"}},
{"type":"Feature","geometry":{"type":"Polygon","coordinates":[[[79.96399115955008,22.852374300275855],[79.99304572760897,23.028342862522372],[80.24842008896877,23.152070757851952],[80.52979064280231,23.083333038224406],[80.57566627657951,23.351410144771833],[80.54355333293547,23.39402753094091],[80.29735409833113,23.339037355238872],[80.23618658662818,23.57412035636508],[79.92881984032088,23.597491181038443],[79.67497466675367,23.337662600846322],[79.37219548382409,23.16581830177746],[79.60769040388043,23.098455336542468],[79.62909903297646,22.94998186214697],[79.96399115955008,22.852374300275855]]]},"properties":{"district":"Jabalpur","state":"Madhya Pradesh"}},
{"type":"Feature","geometry":{"type":"Polygon","coordinates":[[[84.07444794598793,23.33353833766867],[84.03774743896616,23.171317319347665],[84.29312180032596,22.772638545507903],[84.44909895516847,22.835877247565247],[84.85739209578563,22.72039787859097],[84.97972711919151,22.785011335040863],[84.94302661216975,23.002222529063904],[84.90173854177026,23.326664565705915],[84.79316620849752,23.278548161966633],[84.4414530162056,23.405025566081317],[84.38793144346552,23.6043649530012],[84.1921954060161,23.325289811313365],[84.07444794598793,23.33353833766867]]]},"properties":{"district":"Gumla","state":"Jharkhand"}},
{"type":"Feature","geometry":{"type":"Polygon","coordinates":[[[74.37939734107127,22.63516310625281],[74.46503185745539,22.816630686069534],[74.31975901716089,23.059962213551042],[73.98180851500213,23.337662600846322],[73.90229074978829,23.050338932803186],[73.80289354327101,22.548553579522107],[74.05826790463081,22.549928333914657],[74.37939734107127,22.63516310625281]]]},"properties":{"district":"Dahod","state":"Gujarat"}},
{"type":"Feature","geometry":{"type":"Polygon","coordinates":[[[77.13040617991118,22.555427351484862],[77.00348359312757,22.878494633734324],[76.57531101120696,22.771263791115352],[76.45450517559365,22.92248677429595],[76.54166887977034,23.13007468757114],[76.1211422368126,23.24417930215286],[76.08291254199827,23.04758942401808],[75.89788081909686,23.003597283456454],[76.10279198330171,22.701151317095256],[76.08291254199827,22.5375555443817],[76.21136431657445,22.327218122321412],[76.49732243378571,22.411078140267016],[76.78175136320439,22.343715175032024],[77.13040617991118,22.555427351484862]]]},"properties":{"district":"Dewas","state":"Madhya Pradesh"}},
{"type":"Feature","geometry":{"type":"Polygon","coordinates":[[[82.12320432266401,23.10395435411267],[82.19966371229269,23.314291776172958],[81.98557742133238,23.414648846829174],[81.91370559508142,23.30054423224745],[81.61245559994443,23.19881240719868],[81.51764595680486,23.081958283831856],[81.25156728089705,23.21255995112419],[81.12617388190601,23.20981044233909],[81.26380078323764,23.07096024869145],[81.19957489594955,22.912863493548095],[81.73173224776517,22.67640573802934],[81.95040610210319,22.98297596756819],[82.12320432266401,23.10395435411267]]]},"properties":{"district":"Anuppur","state":"Madhya Pradesh"}},
{"type":"Feature","geometry":{"type":"Polygon","coordinates":[[[74.74181484791121,22.559551614662514],[75.0033059604413,22.912863493548095],[75.00636433602644,23.109453371682875],[74.73416890894833,23.220808477479498],[74.31975901716089,23.059962213551042],[74.46503185745539,22.816630686069534],[74.37939734107127,22.63516310625281],[74.74181484791121,22.559551614662514]]]},"properties":{"district":"Jhabua","state":"Madhya Pradesh"}},
{"type":"Feature","geometry":{"type":"Polygon","coordinates":[[[89.05501258640017,22.12787873540153],[88.85774736115818,22.967853669250132],[88.94185268974972,23.205686179161436],[88.70941614527854,23.231806512619904],[88.61154812655383,22.907364475977893],[88.40663696234895,22.943108090184214],[88.35005701402373,22.654409667748524],[88.35770295298661,22.63241359746771],[88.41428290131182,22.556802105877413],[88.62378162889442,22.58017293055078],[88.8042257884181,22.328592876713962],[89.05501258640017,22.12787873540153]]]},"properties":{"district":"North 24 Parganas","state":"West Bengal"}},
{"type":"Feature","geometry":{"type":"Polygon","coordinates":[[[81.4748286986128,22.489439140642418],[81.72867387218002,22.669531966066586],[81.73173224776517,22.67640573802934],[81.19957489594955,22.912863493548095],[81.26380078323764,23.07096024869145],[81.12617388190601,23.20981044233909],[80.72552668025173,23.260676354863474],[80.57566627657951,23.351410144771833],[80.52979064280231,23.083333038224406],[80.52367389163201,22.871620861771568],[80.86774114496107,22.757516247189844],[81.19345814477926,22.490813895034968],[81.4748286986128,22.489439140642418]]]},"properties":{"district":"Dindori","state":"Madhya Pradesh"}},
{"type":"Feature","geometry":{"type":"Polygon","coordinates":[[[87.85307098143731,22.595295228868835],[87.99222707056151,22.70390082588036],[88.35005701402373,22.654409667748524],[88.40663696234895,22.943108090184214],[88.41428290131182,23.20981044233909],[88.16961285450006,23.156195021029603],[88.0503362066793,22.989849739530946],[87.71238570452054,23.01047105541921],[87.52276641824142,22.927985791866156],[87.85307098143731,22.595295228868835]]]},"properties":{"district":"Hooghly","state":"West Bengal"}},
{"type":"Feature","geometry":{"type":"Polygon","coordinates":[[[84.94302661216975,23.002222529063904],[84.97972711919151,22.785011335040863],[85.0730075745385,22.56780014101782],[85.15711290313004,22.83175298438759],[85.51647203438485,22.807007405321677],[85.5822271094655,22.894991686444932],[85.61434005310956,23.114952389253077],[85.08829945246424,23.24280454776031],[84.94302661216975,23.002222529063904]]]},"properties":{"district":"Khunti","state":"Jharkhand"}},
{"type":"Feature","geometry":{"type":"Polygon","coordinates":[[[79.62909903297646,22.94998186214697],[79.60769040388043,23.098455336542468],[79.37219548382409,23.16581830177746],[79.19022213650783,23.2235579862646],[78.809454376157,23.235930775797556],[78.73146579873575,23.04483991523298],[78.44703686931706,22.98297596756819],[78.69017772833627,22.70527558027291],[78.91802670942972,22.672281474851687],[79.24068533366275,22.802883142144022],[79.32784903783946,22.615916544757102],[79.62909903297646,22.94998186214697]]]},"properties":{"district":"Narsinghpur","state":"Madhya Pradesh"}},
{"type":"Feature","geometry":{"type":"Polygon","coordinates":[[[74.50173236447715,22.045393471848477],[75.31678945791889,22.133377752971736],[75.49111686627228,22.15399906886],[75.56145950473066,22.376709280453245],[75.44065366911735,22.867496598593917],[75.24185925608278,23.13557370514134],[75.00636433602644,23.109453371682875],[75.0033059604413,22.912863493548095],[74.74181484791121,22.559551614662514],[74.50173236447715,22.045393471848477]]]},"properties":{"district":"Dhar","state":"Madhya Pradesh"}},
{"type":"Feature","geometry":{"type":"Polygon","coordinates":[[[84.01175124649241,22.527932263633843],[84.29312180032596,22.772638545507903],[84.03774743896616,23.171317319347665],[83.79154820436182,23.251053074115617],[83.5545240965129,23.169942564955115],[83.50406089935798,22.95135661653952],[83.62945429834902,22.712149352235663],[83.40925125621841,22.640662123823017],[83.40007612946297,22.55405259709231],[83.80225251890982,22.29422401690019],[84.01022205869984,22.37121026288304],[84.01175124649241,22.527932263633843]]]},"properties":{"district":"Jashpur","state":"Chhattisgarh"}},
{"type":"Feature","geometry":{"type":"Polygon","coordinates":[[[76.08291254199827,22.5375555443817],[76.10279198330171,22.701151317095256],[75.89788081909686,23.003597283456454],[75.56604706810839,23.086082547009507],[75.44065366911735,22.867496598593917],[75.56145950473066,22.376709280453245],[75.994219650029,22.41382764905212],[76.08291254199827,22.5375555443817]]]},"properties":{"district":"Indore","state":"Madhya Pradesh"}},
{"type":"Feature","geometry":{"type":"Polygon","coordinates":[[[86.06697963971135,22.556802105877413],[86.24130704806473,22.9967235114937],[85.88500629239508,23.16719305617001],[85.5822271094655,22.894991686444932],[85.51647203438485,22.807007405321677],[85.86512685109163,22.712149352235663],[85.96299486981634,22.485314877464766],[86.06697963971135,22.556802105877413]]]},"properties":{"district":"Saraikela-Kharsawan","state":"Jharkhand"}},
{"type":"Feature","geometry":{"type":"Polygon","coordinates":[[[80.10008887308913,22.335466648676718],[80.58025383995724,22.226861051665196],[80.8662119571685,22.37945878923835],[81.04512692889962,22.240608595590707],[81.19345814477926,22.490813895034968],[80.86774114496107,22.757516247189844],[80.52367389163201,22.871620861771568],[80.52979064280231,23.083333038224406],[80.24842008896877,23.152070757851952],[79.99304572760897,23.028342862522372],[79.96399115955008,22.852374300275855],[80.10008887308913,22.335466648676718]]]},"properties":{"district":"Mandla","state":"Madhya Pradesh"}},
{"type":"Feature","geometry":{"type":"Polygon","coordinates":[[[86.72758876610314,22.21586301652479],[86.84533622613131,22.400080105126612],[86.76581846091747,22.576048667373126],[86.55937810892004,22.713524106628213],[86.43551389772158,22.926611037473606],[86.24130704806473,22.9967235114937],[86.06697963971135,22.556802105877413],[86.72758876610314,22.21586301652479]]]},"properties":{"district":"East Singhbhum","state":"Jharkhand"}},
{"type":"Feature","geometry":{"type":"Polygon","coordinates":[[[78.69017772833627,22.70527558027291],[78.44703686931706,22.98297596756819],[78.02803941415189,22.802883142144022],[77.74208129694063,22.760265755974945],[77.22062825967302,22.56917489541037],[77.3903681046487,22.222736788487545],[77.54787444728377,22.351963701387326],[78.03262697752962,22.329967631106513],[78.26965108537851,22.401454859519163],[78.5601967659675,22.419326666622325],[78.52196707115317,22.665407702888935],[78.69017772833627,22.70527558027291]]]},"properties":{"district":"Hoshangabad","state":"Madhya Pradesh"}},
{"type":"Feature","geometry":{"type":"Polygon","coordinates":[[[82.93673222831316,22.12237971783133],[83.11411801225171,22.422076175407426],[83.11105963666657,22.670906720459136],[82.75781725658206,22.79738412457382],[82.57278553368064,22.960979897287377],[82.216484778011,22.944482844576765],[82.13390863721203,22.853749054668405],[82.13849620058974,22.455070280828647],[82.20425127567042,22.31209582400335],[82.45809644923763,22.21448826213224],[82.66912436461278,22.081137086054802],[82.93673222831316,22.12237971783133]]]},"properties":{"district":"Korba","state":"Chhattisgarh"}},
{"type":"Feature","geometry":{"type":"Polygon","coordinates":[[[85.96299486981634,22.485314877464766],[85.86512685109163,22.712149352235663],[85.51647203438485,22.807007405321677],[85.15711290313004,22.83175298438759],[85.0730075745385,22.56780014101782],[85.06994919895335,22.490813895034968],[85.02866112855386,22.12237971783133],[85.23815985613645,22.009649857642156],[85.3971953865641,22.163622349607856],[85.68315350377537,22.05776626138144],[85.89723979473567,21.983529524183687],[86.00887050359354,22.115505945868577],[85.96299486981634,22.485314877464766]]]},"properties":{"district":"West Singhbhum","state":"Jharkhand"}},
{"type":"Feature","geometry":{"type":"Polygon","coordinates":[[[88.23842630516586,22.544429316344456],[88.35770295298661,22.63241359746771],[88.35005701402373,22.654409667748524],[87.99222707056151,22.70390082588036],[87.85307098143731,22.595295228868835],[87.89282986404423,22.51968373727854],[87.99834382173181,22.24473285876836],[88.08244915032336,22.26122991147897],[88.23842630516586,22.544429316344456]]]},"properties":{"district":"Howrah","state":"West Bengal"}},
{"type":"Feature","geometry":{"type":"Polygon","coordinates":[[[85.06994919895335,22.490813895034968],[85.0730075745385,22.56780014101782],[84.97972711919151,22.785011335040863],[84.85739209578563,22.72039787859097],[84.44909895516847,22.835877247565247],[84.29312180032596,22.772638545507903],[84.01175124649241,22.527932263633843],[84.19678296939382,22.3780840348458],[84.42921951386501,22.351963701387326],[85.06994919895335,22.490813895034968]]]},"properties":{"district":"Simdega","state":"Jharkhand"}},
{"type":"Feature","geometry":{"type":"Polygon","coordinates":[[[88.41428290131182,22.556802105877413],[88.35770295298661,22.63241359746771],[88.23842630516586,22.544429316344456],[88.41428290131182,22.556802105877413]]]},"properties":{"district":"Kolkata","state":"West Bengal"}},
{"type":"Feature","geometry":{"type":"Polygon","coordinates":[[[85.3742575696755,24.55432023825387],[85.33144031148343,24.510328097692238],[85.51647203438485,24.317862482735112],[85.84983497316588,24.273870342173485],[85.9018273581134,24.766032414706704],[85.67703675260508,24.59143860685274],[85.3742575696755,24.55432023825387]]]},"properties":{"district":"Koderma","state":"Jharkhand"}},
{"type":"Feature","geometry":{"type":"Polygon","coordinates":[[[85.08829945246424,24.370103149652046],[85.20145934911469,23.956302077494225],[85.05312813323505,23.711595795620166],[85.23051391717358,23.684100707769147],[85.64339462116845,23.954927323101675],[85.91406086045399,23.949428305531473],[85.68162431598279,24.17626278030237],[85.84983497316588,24.273870342173485],[85.51647203438485,24.317862482735112],[85.33144031148343,24.510328097692238],[85.08829945246424,24.370103149652046]]]},"properties":{"district":"Hazaribagh","state":"Jharkhand"}},
{"type":"Feature","geometry":{"type":"Polygon","coordinates":[[[85.64492380896102,25.916701841271806],[85.17546315664093,26.01155989435782],[85.06842001116078,25.974441525758944],[85.23051391717358,25.6005083309851],[85.52717634893285,25.53864438332031],[85.64492380896102,25.916701841271806]]]},"properties":{"district":"Vaishali","state":"Bihar"}},
{"type":"Feature","geometry":{"type":"Polygon","coordinates":[[[85.73514588872287,25.524896839394803],[86.06850882750392,25.335180733222778],[86.26271567716077,25.28019055752074],[86.51044409955769,25.423165014346033],[86.29329943301224,25.637626699583976],[86.08380070542965,25.744857542202944],[85.73514588872287,25.524896839394803]]]},"properties":{"district":"Begusarai","state":"Bihar"}},
{"type":"Feature","geometry":{"type":"Polygon","coordinates":[[[87.21692885972669,25.456159119767257],[87.10071058749111,25.519397821824597],[86.82239840924271,25.44516108462685],[86.72605957831057,25.254070224062275],[86.69241744687395,25.115220030414633],[87.1756407893272,25.057480345927495],[87.47841997225677,25.194955785182586],[87.55182098630031,25.331056470045123],[87.21692885972669,25.456159119767257]]]},"properties":{"district":"Bhagalpur","state":"Bihar"}},
{"type":"Feature","geometry":{"type":"Polygon","coordinates":[[[86.37128801043349,25.144089872658203],[86.26271567716077,25.28019055752074],[86.06850882750392,25.335180733222778],[85.90641492149112,25.288439083876046],[85.9018273581134,25.256819732847376],[85.97522837215692,24.996991152655255],[86.11897202465885,24.97362032798189],[86.37128801043349,25.144089872658203]]]},"properties":{"district":"Lakhisarai","state":"Bihar"}},
{"type":"Feature","geometry":{"type":"Polygon","coordinates":[[[85.97522837215692,24.996991152655255],[85.9018273581134,25.256819732847376],[85.634219494413,25.09734822331147],[85.83454309524015,24.9873678719074],[85.97522837215692,24.996991152655255]]]},"properties":{"district":"Sheikhpura","state":"Bihar"}},
{"type":"Feature","geometry":{"type":"Polygon","coordinates":[[[84.46286164530163,25.16058692536881],[84.4475697673759,25.12759281994759],[84.73352788458716,25.054730837142394],[84.85586290799304,25.06160460910515],[84.85739209578563,25.226575136211256],[84.7075316921134,25.30906039976431],[84.46286164530163,25.16058692536881]]]},"properties":{"district":"Arwal","state":"Bihar"}},
{"type":"Feature","geometry":{"type":"Polygon","coordinates":[[[85.20145934911469,25.058855100320045],[85.1662880298855,25.30768564537176],[84.85739209578563,25.226575136211256],[84.85586290799304,25.06160460910515],[85.20145934911469,25.058855100320045]]]},"properties":{"district":"Jehanabad","state":"Bihar"}},
{"type":"Feature","geometry":{"type":"Polygon","coordinates":[[[85.634219494413,25.09734822331147],[85.9018273581134,25.256819732847376],[85.90641492149112,25.288439083876046],[85.41401645228241,25.46165813733746],[85.1662880298855,25.30768564537176],[85.20145934911469,25.058855100320045],[85.38802025980866,24.962622292841484],[85.634219494413,25.09734822331147]]]},"properties":{"district":"Nalanda","state":"Bihar"}},
{"type":"Feature","geometry":{"type":"Polygon","coordinates":[[[85.52717634893285,25.53864438332031],[85.23051391717358,25.6005083309851],[84.84821696903018,25.699490647248766],[84.7075316921134,25.30906039976431],[84.85739209578563,25.226575136211256],[85.1662880298855,25.30768564537176],[85.41401645228241,25.46165813733746],[85.90641492149112,25.288439083876046],[86.06850882750392,25.335180733222778],[85.73514588872287,25.524896839394803],[85.52717634893285,25.53864438332031]]]},"properties":{"district":"Patna","state":"Bihar"}},
{"type":"Feature","geometry":{"type":"Polygon","coordinates":[[[84.7656408282312,26.209524526885147],[84.70447331652827,26.081672368377916],[84.40934007256155,26.032181210246083],[84.47203677205707,25.882332981458035],[84.60048854663326,25.732484752669986],[84.84821696903018,25.699490647248766],[85.23051391717358,25.6005083309851],[85.06842001116078,25.974441525758944],[84.89715097839253,26.215023544455352],[84.7656408282312,26.209524526885147]]]},"properties":{"district":"Saran","state":"Bihar"}},
{"type":"Feature","geometry":{"type":"Polygon","coordinates":[[[84.05609769247705,26.099544175481075],[84.47203677205707,25.882332981458035],[84.40934007256155,26.032181210246083],[84.70447331652827,26.081672368377916],[84.7656408282312,26.209524526885147],[84.65401011937332,26.298883562400956],[84.1570240867869,26.375869808383808],[84.05609769247705,26.099544175481075]]]},"properties":{"district":"Siwan","state":"Bihar"}},
{"type":"Feature","geometry":{"type":"Polygon","coordinates":[[[85.29015224108394,26.353873738102994],[84.8650380347485,26.26039043940953],[84.89715097839253,26.215023544455352],[85.06842001116078,25.974441525758944],[85.17546315664093,26.01155989435782],[85.64492380896102,25.916701841271806],[85.71220807183427,26.088546140340668],[85.7045621328714,26.30300782557861],[85.37578675746806,26.337376685392382],[85.29015224108394,26.353873738102994]]]},"properties":{"district":"Muzaffarpur","state":"Bihar"}},
{"type":"Feature","geometry":{"type":"Polygon","coordinates":[[[86.82239840924271,25.44516108462685],[87.10071058749111,25.519397821824597],[87.00743013214411,25.744857542202944],[87.07930195839506,25.964818245011088],[87.09306464852824,26.0596762980971],[86.64501262530416,26.018433666320572],[86.84380703833874,25.871334946317628],[86.79793140456152,25.63487719079887],[86.82239840924271,25.44516108462685]]]},"properties":{"district":"Madhepura","state":"Bihar"}},
{"type":"Feature","geometry":{"type":"Polygon","coordinates":[[[87.07930195839506,25.964818245011088],[87.51817885486369,25.974441525758944],[87.68486032425422,26.10229368426618],[87.65886413178046,26.37999407156146],[87.16187809919404,26.404739650627377],[87.0426014513733,26.560086896985627],[87.09306464852824,26.0596762980971],[87.07930195839506,25.964818245011088]]]},"properties":{"district":"Araria","state":"Bihar"}},
{"type":"Feature","geometry":{"type":"Polygon","coordinates":[[[86.64501262530416,26.018433666320572],[87.09306464852824,26.0596762980971],[87.0426014513733,26.560086896985627],[86.72300120272541,26.42536096651564],[86.53491110423886,26.30300782557861],[86.43704308551415,26.07204908763006],[86.64501262530416,26.018433666320572]]]},"properties":{"district":"Supaul","state":"Bihar"}},
{"type":"Feature","geometry":{"type":"Polygon","coordinates":[[[85.76725883236692,26.436359001656047],[86.329999940034,26.155909105575663],[86.3881090761518,26.033555964638634],[86.43704308551415,26.07204908763006],[86.53491110423886,26.30300782557861],[86.72300120272541,26.42536096651564],[86.54255704320173,26.538090826704813],[86.028749944897,26.665942985212045],[85.81619284172928,26.599954774369603],[85.76725883236692,26.436359001656047]]]},"properties":{"district":"Madhubani","state":"Bihar"}},
{"type":"Feature","geometry":{"type":"Polygon","coordinates":[[[87.82707478896356,25.89058150781334],[87.85001260585217,26.039054982208835],[87.68486032425422,26.10229368426618],[87.51817885486369,25.974441525758944],[87.07930195839506,25.964818245011088],[87.00743013214411,25.744857542202944],[87.10071058749111,25.519397821824597],[87.21692885972669,25.456159119767257],[87.24139586440788,25.696741138463665],[87.64968900502502,25.682993594538154],[87.82707478896356,25.89058150781334]]]},"properties":{"district":"Purnia","state":"Bihar"}},
{"type":"Feature","geometry":{"type":"Polygon","coordinates":[[[82.49785533184455,23.784457778425363],[82.7440545664489,23.268924881218776],[82.57278553368064,22.960979897287377],[82.75781725658206,22.79738412457382],[82.85262689972163,22.987100230745845],[83.24562816241304,23.231806512619904],[83.34808374451546,23.469639022531208],[83.06518400288935,23.769335480107305],[82.69359136929397,23.919183708895353],[82.49785533184455,23.784457778425363]]]},"properties":{"district":"Surajpur","state":"Chhattisgarh"}},
{"type":"Feature","geometry":{"type":"Polygon","coordinates":[[[83.40925125621841,22.640662123823017],[83.62945429834902,22.712149352235663],[83.50406089935798,22.95135661653952],[83.5545240965129,23.169942564955115],[83.24562816241304,23.231806512619904],[82.85262689972163,22.987100230745845],[82.75781725658206,22.79738412457382],[83.11105963666657,22.670906720459136],[83.40925125621841,22.640662123823017]]]},"properties":{"district":"Surguja","state":"Chhattisgarh"}},
{"type":"Feature","geometry":{"type":"Polygon","coordinates":[[[73.37777933693555,23.90406141057729],[73.1254633511609,23.707471532442515],[73.20956867975245,23.6098639705714],[73.01689101788818,23.278548161966633],[73.01230345451046,23.160319284207258],[73.27226537924797,23.058587459158492],[73.62703694712505,23.449017706642945],[73.65609151518395,23.620862005711807],[73.36860421018011,23.814702375061483],[73.37777933693555,23.90406141057729]]]},"properties":{"district":"Aravalli","state":"Gujarat"}},
{"type":"Feature","geometry":{"type":"Polygon","coordinates":[[[73.62703694712505,23.449017706642945],[73.27226537924797,23.058587459158492],[73.42212578292019,22.944482844576765],[73.67444176869483,23.10257959972012],[73.90229074978829,23.050338932803186],[73.98180851500213,23.337662600846322],[73.95887069811351,23.3802799870154],[73.62703694712505,23.449017706642945]]]},"properties":{"district":"Mahisagar","state":"Gujarat"}},
{"type":"Feature","geometry":{"type":"Polygon","coordinates":[[[81.34484773624405,26.543589844275015],[81.40754443573957,26.315380615111568],[81.3066180414297,26.018433666320572],[81.4457741305539,25.93457364837497],[81.76843275478693,26.067924824452405],[82.0482741208279,26.058301543704548],[81.85253808337848,26.283761264082898],[81.93970178755518,26.507846230068694],[81.55893402720434,26.64119740614613],[81.34484773624405,26.543589844275015]]]},"properties":{"district":"Amethi","state":"Uttar Pradesh"}},
{"type":"Feature","geometry":{"type":"Polygon","coordinates":[[[77.69008891199312,28.744571626749003],[77.44694805297392,28.927413960958273],[77.2221574474656,28.83118115347971],[77.34143409528635,28.609845696279017],[77.56622470079466,28.652463082448094],[77.69008891199312,28.744571626749003]]]},"properties":{"district":"Ghaziabad","state":"Uttar Pradesh"}},
{"type":"Feature","geometry":{"type":"Polygon","coordinates":[[[75.68991127930684,23.74733940982649],[75.88105975337855,23.557623303654466],[76.15478436824922,23.569996093187424],[76.4346257342902,23.633234795244764],[76.21289350436702,24.20925688572359],[75.93763970170377,23.89718763861454],[75.68991127930684,23.74733940982649]]]},"properties":{"district":"Agar Malwa","state":"Madhya Pradesh"}},
{"type":"Feature","geometry":{"type":"Polygon","coordinates":[[[78.3048224046077,28.438001397210154],[78.47914981296111,28.11218460617559],[78.57854701947839,28.06269344804376],[78.65194803352192,28.318397765058226],[78.87215107565252,28.468245993846274],[78.62289346546302,28.806435574413793],[78.40727798671014,28.78168999534788],[78.3048224046077,28.438001397210154]]]},"properties":{"district":"Sambhal","state":"Uttar Pradesh"}},
{"type":"Feature","geometry":{"type":"Polygon","coordinates":[[[76.4223922319496,28.701954240579926],[76.32605340101746,28.811934591984],[75.84741762194193,28.58647487160565],[75.90552675805972,28.43250237963995],[76.28476533061797,28.42975287085485],[76.29241126958084,28.468245993846274],[76.4223922319496,28.701954240579926]]]},"properties":{"district":"Charkhi Dadri","state":"Haryana"}},
{"type":"Feature","geometry":{"type":"Polygon","coordinates":[[[89.85171942633102,26.69756233624072],[89.37461283504805,26.85428433699152],[89.09018390562936,26.84053679306601],[89.11923847368826,26.524343282779302],[89.83489836061271,26.414362931375234],[89.85171942633102,26.69756233624072]]]},"properties":{"district":"Alipurduar","state":"West Bengal"}},
{"type":"Feature","geometry":{"type":"Polygon","coordinates":[[[87.08541870956536,23.811952866276382],[86.80098978014666,23.833948936557196],[86.80098978014666,23.69922300608721],[86.90191617445653,23.63873381281497],[87.20928292076383,23.557623303654466],[87.44936540419789,23.402276057296216],[87.53347073278943,23.60848921617885],[87.08541870956536,23.811952866276382]]]},"properties":{"district":"Paschim Bardhaman","state":"West Bengal"}},
{"type":"Feature","geometry":{"type":"Polygon","coordinates":[[[88.42498721585984,27.071495531014563],[88.47850878859992,26.880404670449987],[88.86845167570618,26.96563944278814],[88.72164964761913,27.138858496249554],[88.53203036133999,27.17597686484843],[88.42498721585984,27.071495531014563]]]},"properties":{"district":"Kalimpong","state":"West Bengal"}},
{"type":"Feature","geometry":{"type":"Polygon","coordinates":[[[74.9742513923824,26.891402705590394],[74.8519163689765,26.97938698671365],[74.66994302166025,26.59583051119195],[74.290704449102,26.448731791189005],[74.36716383873068,26.191652719781985],[74.10720191399317,25.856212647999566],[74.18213211582926,25.84796412164426],[74.2845876979317,25.883707735850585],[74.3885724678267,25.963443490618538],[75.01706865057446,25.85896215678467],[75.1072907303363,25.696741138463665],[75.31678945791889,25.766853612483757],[75.11187829371403,26.28788552726055],[75.16692905424667,26.463854089507063],[74.96354707783438,26.683814792315207],[74.9742513923824,26.891402705590394]]]},"properties":{"district":"Ajmer","state":"Rajasthan"}},
{"type":"Feature","geometry":{"type":"Polygon","coordinates":[[[89.83489836061271,26.414362931375234],[89.11923847368826,26.524343282779302],[88.96173213105318,26.538090826704813],[88.75987934243346,26.329128159037076],[88.92656081182399,26.283761264082898],[89.3486166425743,26.01018513996527],[89.54129430443858,26.006060876787615],[89.72938440292513,26.17103140389372],[89.84254429957558,26.38274358034656],[89.83489836061271,26.414362931375234]]]},"properties":{"district":"Cooch Behar","state":"West Bengal"}},
{"type":"Feature","geometry":{"type":"Polygon","coordinates":[[[88.23995549295844,26.45835507193686],[88.27971437556535,26.330502913429626],[87.85001260585217,26.039054982208835],[87.82707478896356,25.89058150781334],[88.06715727239762,25.483654207618272],[88.26901006101734,25.303561382194108],[88.1665544789149,25.425914523131137],[88.44639584495587,25.595009313414895],[88.09315346487136,25.930449385197317],[88.1787879812555,26.149035333612908],[88.3515862018163,26.221897316418104],[88.33323594830543,26.496848194928287],[88.23995549295844,26.45835507193686]]]},"properties":{"district":"Uttar Dinajpur","state":"West Bengal"}},
{"type":"Feature","geometry":{"type":"MultiPolygon","coordinates":[[[[78.39045692099184,25.205953820322993],[78.37363585527352,25.09872297770402],[78.44703686931706,25.12209380237739],[78.39045692099184,25.205953820322993]]],[[[78.62748102884075,26.157283859968214],[78.58466377064869,26.006060876787615],[78.29564727785227,25.78610017397947],[78.45162443269479,25.57163848874153],[78.65806478469221,25.559265699208574],[78.88591376578569,25.912577578094155],[78.62748102884075,26.157283859968214]]]]},"properties":{"district":"Datia","state":"Madhya Pradesh"}},
{"type":"Feature","geometry":{"type":"Polygon","coordinates":[[[74.05368034125308,25.8300923145411],[73.90840750095859,25.684368348930704],[73.74172603156806,25.392920417709913],[73.48788085800085,25.104221995274226],[73.67138339310968,24.77015667788436],[73.99404201734272,24.921379661064957],[74.14237323322236,24.88151178368098],[74.26317906883567,25.0657288722828],[74.02156739760903,25.347553522755735],[74.18213211582926,25.84796412164426],[74.10720191399317,25.856212647999566],[74.05368034125308,25.8300923145411]]]},"properties":{"district":"Rajsamand","state":"Rajasthan"}},
{"type":"Feature","geometry":{"type":"Polygon","coordinates":[[[79.28044421626967,25.32418269808237],[79.67344547896109,25.12071904798484],[80.10467643646685,25.350303031540836],[80.21477795753215,25.515273558646946],[79.78660537561154,25.589510295844693],[79.63980334752448,25.485028962010826],[79.39360411292012,25.519397821824597],[79.28044421626967,25.32418269808237]]]},"properties":{"district":"Mahoba","state":"Uttar Pradesh"}},
{"type":"Feature","geometry":{"type":"Polygon","coordinates":[[[79.28044421626967,25.32418269808237],[79.32326147446173,25.149588890228404],[79.30338203315827,24.687671414331305],[79.09082492999055,24.632681238629267],[78.98531097230297,24.441590378064692],[78.99142772347327,24.416844798998778],[79.23303939469989,24.334359535445724],[79.14434650273063,24.102026043104622],[79.38289979837211,24.195509341798083],[79.56640233348094,24.427842834139184],[79.79578050236698,24.3742274128297],[79.89364852109169,24.69729469507916],[80.2637119668945,25.024486240506274],[80.43039343628503,25.174334469294323],[80.10467643646685,25.350303031540836],[79.67344547896109,25.12071904798484],[79.28044421626967,25.32418269808237]]]},"properties":{"district":"Chhatarpur","state":"Madhya Pradesh"}},
{"type":"Feature","geometry":{"type":"MultiPolygon","coordinates":[[[[75.35196077714808,25.01898722293607],[75.18375011996498,24.748160607603545],[75.54922600239007,24.702793712649363],[75.78472092244641,24.761908151529052],[75.53699250004948,25.014862959758418],[75.45135798366536,25.04923181957219],[75.35196077714808,25.01898722293607]]],[[[74.26317906883567,25.0657288722828],[74.14237323322236,24.88151178368098],[74.10414353840801,24.734413063678033],[74.27082500779854,24.576316308534683],[74.4298605382262,24.257373289462873],[74.69746840192657,24.48283300984122],[74.99260164589327,24.693170431901507],[75.19139605892785,25.03685903003923],[74.79533642065128,25.15233839901351],[74.38704328003413,25.181208241257078],[74.26317906883567,25.0657288722828]]]]},"properties":{"district":"Chittorgarh","state":"Rajasthan"}},
{"type":"Feature","geometry":{"type":"Polygon","coordinates":[[[80.2637119668945,25.024486240506274],[79.89364852109169,24.69729469507916],[79.79578050236698,24.3742274128297],[79.76672593430808,24.041536849832383],[79.8645939530328,23.828449918986994],[80.05268405151935,23.99204569170055],[80.35852161003407,23.968674867027186],[80.63224622490475,24.17488802590982],[80.4609771921365,24.43746611488704],[80.60319165684584,24.830645871156598],[80.4777982578548,24.97636983676699],[80.2637119668945,25.024486240506274]]]},"properties":{"district":"Panna","state":"Madhya Pradesh"}},
{"type":"Feature","geometry":{"type":"Polygon","coordinates":[[[72.95878188177038,24.36047986890419],[72.86703061421596,24.02503979712177],[72.78904203679471,23.832574182164645],[72.79821716355015,23.501258373559878],[73.01689101788818,23.278548161966633],[73.20956867975245,23.6098639705714],[73.1254633511609,23.707471532442515],[73.37777933693555,23.90406141057729],[73.40530471720187,24.041536849832383],[73.06735421504311,24.194134587405532],[73.15145954363466,24.354980851333988],[73.00159913996245,24.480083501056118],[72.95878188177038,24.36047986890419]]]},"properties":{"district":"Sabarkantha","state":"Gujarat"}},
{"type":"Feature","geometry":{"type":"Polygon","coordinates":[[[71.11152302834147,24.675298624798344],[70.98612962935043,24.365978886474394],[70.80568546982674,24.220254920863997],[70.57171973756299,24.25187427189267],[70.57324892535556,24.42234381656898],[70.10990502420576,24.294491658061748],[70.02579969561421,24.170763762732168],[69.73219563944008,24.170763762732168],[69.59456873810845,24.293116903669198],[69.19392153645416,24.23675197357461],[68.76421976674098,24.2958664124543],[68.75351545219296,23.971424375812287],[68.33910556040551,23.96592535824208],[68.20912459803677,23.875191568333722],[68.14184033516352,23.601615444216094],[68.31005099234662,23.57824461954273],[68.55013347578067,23.355534407949484],[68.63270961657965,23.169942564955115],[69.13122483695865,22.87437037055667],[69.64809031084852,22.79600937018127],[70.08085045614685,22.91973726551085],[70.31175781282548,23.215309459909292],[70.68946719759116,23.117701898038177],[71.12222734288949,23.205686179161436],[71.30878825358346,23.171317319347665],[71.66967657263083,23.142447477104096],[71.53357885909178,23.479262303279064],[71.3760725164567,23.649731847955376],[71.08093927249,23.598865935430993],[71.10081871379344,23.90268665618474],[71.31949256813148,23.983797165345244],[71.28737962448743,24.61618418591866],[71.18798241797015,24.65055304573243],[71.11152302834147,24.675298624798344]]]},"properties":{"district":"Kutch","state":"Gujarat"}},
{"type":"Feature","geometry":{"type":"Polygon","coordinates":[[[71.8623542344951,22.37121026288304],[72.03362326726335,22.50731094774558],[72.05656108415195,22.79600937018127],[71.91893418282034,23.065461231121244],[71.87000017345798,23.381654741407953],[71.98927682127872,23.48888558402692],[71.96939737997526,23.526003952625796],[71.53357885909178,23.479262303279064],[71.66967657263083,23.142447477104096],[71.30878825358346,23.171317319347665],[71.3470179483978,23.098455336542468],[71.08246846028257,22.402829613911713],[70.9815420659727,22.41520240344467],[71.43724002815965,22.26122991147897],[71.8623542344951,22.37121026288304]]]},"properties":{"district":"Surendranagar","state":"Gujarat"}},
{"type":"Feature","geometry":{"type":"Polygon","coordinates":[[[73.35025395666922,22.791885107003615],[73.42212578292019,22.944482844576765],[73.27226537924797,23.058587459158492],[73.01230345451046,23.160319284207258],[72.83797604615707,22.9967235114937],[72.52143417309433,22.79600937018127],[72.50920067075374,22.610417527186897],[73.2187438065079,22.62828933429006],[73.35025395666922,22.791885107003615]]]},"properties":{"district":"Kheda","state":"Gujarat"}},
{"type":"Feature","geometry":{"type":"Polygon","coordinates":[[[73.2187438065079,22.62828933429006],[72.50920067075374,22.610417527186897],[72.37616133279984,22.314845332788455],[72.9465483794298,22.29284926250764],[73.2187438065079,22.62828933429006]]]},"properties":{"district":"Anand","state":"Gujarat"}},
{"type":"Feature","geometry":{"type":"Polygon","coordinates":[[[88.10997453058968,26.54771410745267],[88.033515140961,26.392366861094416],[87.65886413178046,26.37999407156146],[87.68486032425422,26.10229368426618],[87.85001260585217,26.039054982208835],[88.27971437556535,26.330502913429626],[88.23995549295844,26.45835507193686],[88.10997453058968,26.54771410745267]]]},"properties":{"district":"Kishanganj","state":"Bihar"}},
{"type":"Feature","geometry":{"type":"Polygon","coordinates":[[[70.9815420659727,22.41520240344467],[71.08246846028257,22.402829613911713],[71.3470179483978,23.098455336542468],[71.30878825358346,23.171317319347665],[71.12222734288949,23.205686179161436],[70.68946719759116,23.117701898038177],[70.49678953572688,22.933484809436358],[70.64512075160651,22.863372335416262],[70.58089486431842,22.603543755224145],[70.69405476096887,22.437198473725484],[70.9815420659727,22.41520240344467]]]},"properties":{"district":"Morbi","state":"Gujarat"}},
{"type":"Feature","geometry":{"type":"Polygon","coordinates":[[[78.3981028599547,32.52514620626397],[78.76052036679465,32.65437311916376],[78.85685919772678,32.439911433925815],[79.11376274687915,32.38354650383123],[79.31867391108402,32.59250917149897],[79.62604065739131,32.73960789150191],[79.37525385940924,33.08467124403219],[79.4532424368305,33.2578902974936],[78.98836934788811,33.3335017890839],[78.91343914605201,33.57408380778031],[79.10611680791628,33.61670119394938],[78.90426401929656,33.97551209040517],[79.35384523031321,34.03600128367741],[79.59086933816212,34.282082319944024],[79.50676400957057,34.474547934901146],[80.06797592944508,34.713755199204996],[80.18113582609553,35.166049394354246],[80.32640866639002,35.469870115107994],[80.28970815936826,35.607345554363086],[79.86918151641052,35.781939362217045],[79.21468914118901,35.97852924035183],[78.66418153586251,35.85755085380735],[77.96534271465637,35.57160194015676],[77.61210033457186,35.468495360715444],[77.4301269872556,35.654087203709814],[76.93467014246175,35.7833141166096],[76.80010161671528,36.04726695997937],[76.35052040569865,36.359336207088425],[75.74802041542465,36.58754543625187],[75.47276661276139,36.810255647845125],[75.34278565039264,37.05221242093408],[74.92072981964232,36.90511370093113],[74.70817271647459,37.07695799999999],[73.70043796116857,36.68377824373044],[73.44047603643106,36.74426743700268],[73.1254633511609,36.686527752515545],[72.99089482541443,36.45694376895954],[72.59483518713786,36.26172864521732],[72.53366767543491,35.916665292687036],[72.68964483027743,35.83280527474143],[73.08876284413914,35.88229643287326],[73.13616766570892,35.71870066015971],[73.40683390499444,35.56335341380146],[73.78454328976014,35.52486029081003],[73.79524760430814,35.24441039472965],[74.14696079660007,35.0973116747267],[74.48644048655142,35.10968446425966],[74.56748743955782,34.8732267087409],[74.31975901716089,34.786617182010204],[74.60112957099443,34.73712602387837],[74.73263972115576,34.67113781303593],[75.23880088049764,34.62852042686684],[75.37489859403668,34.38793840817044],[75.38407372079212,34.36181807471198],[75.599689199545,34.50204302275216],[75.89329325571913,34.544660408921246],[76.42086304415703,34.720628971167756],[76.5615483210738,34.57078074237971],[76.68847090785741,34.079993424239035],[76.51567268729659,33.94526749376905],[77.20839475733244,33.637322509837645],[77.4423604895962,33.49159854422726],[77.47753180882539,33.27438735020421],[77.2741498324131,32.8743338219719],[77.74055210914806,32.969191875057916],[78.0158059118113,32.62000425934998],[78.38739854540668,32.757479698605074],[78.3981028599547,32.52514620626397]]]},"properties":{"district":"Leh","state":"Ladakh"}},
{"type":"Feature","geometry":{"type":"Polygon","coordinates":[[[75.38407372079212,34.36181807471198],[75.49723361744257,34.23396591620474],[75.59510163616729,34.19822230199841],[75.86423868766023,33.978261599190276],[76.02174503029532,33.99750816068598],[76.77257623644896,33.251016525530844],[76.93314095466918,33.028306313937605],[77.2741498324131,32.8743338219719],[77.47753180882539,33.27438735020421],[77.4423604895962,33.49159854422726],[77.20839475733244,33.637322509837645],[76.51567268729659,33.94526749376905],[76.68847090785741,34.079993424239035],[76.5615483210738,34.57078074237971],[76.42086304415703,34.720628971167756],[75.89329325571913,34.544660408921246],[75.599689199545,34.50204302275216],[75.38407372079212,34.36181807471198]]]},"properties":{"district":"Kargil","state":"Ladakh"}},
{"type":"Feature","geometry":{"type":"Polygon","coordinates":[[[74.31975901716089,34.786617182010204],[73.9772209516244,34.68626011135399],[73.89311562303286,34.44980235583523],[73.99404201734272,34.2573367408781],[74.4298605382262,34.43330530312462],[74.60112957099443,34.73712602387837],[74.31975901716089,34.786617182010204]]]},"properties":{"district":"Kupwara","state":"Jammu and Kashmir"}},
{"type":"Feature","geometry":{"type":"Polygon","coordinates":[[[74.60112957099443,34.73712602387837],[74.4298605382262,34.43330530312462],[74.68523489958598,34.17760098611015],[74.70052677751173,34.18447475807291],[75.01706865057446,34.43605481190972],[75.37489859403668,34.38793840817044],[75.23880088049764,34.62852042686684],[74.73263972115576,34.67113781303593],[74.60112957099443,34.73712602387837]]]},"properties":{"district":"Bandipora","state":"Jammu and Kashmir"}},
{"type":"Feature","geometry":{"type":"Polygon","coordinates":[[[73.99404201734272,34.2573367408781],[73.89464481082543,34.06487112592097],[74.24635800311736,34.020878985359346],[74.41609784809303,33.908149125170176],[74.69288083854886,34.137733108726174],[74.68523489958598,34.17760098611015],[74.4298605382262,34.43330530312462],[73.99404201734272,34.2573367408781]]]},"properties":{"district":"Baramulla","state":"Jammu and Kashmir"}},
{"type":"Feature","geometry":{"type":"Polygon","coordinates":[[[75.37489859403668,34.38793840817044],[75.01706865057446,34.43605481190972],[74.70052677751173,34.18447475807291],[75.10576154254373,34.16660295096975],[75.49723361744257,34.23396591620474],[75.38407372079212,34.36181807471198],[75.37489859403668,34.38793840817044]]]},"properties":{"district":"Ganderbal","state":"Jammu and Kashmir"}},
{"type":"Feature","geometry":{"type":"Polygon","coordinates":[[[75.49723361744257,34.23396591620474],[75.10576154254373,34.16660295096975],[75.15010798852836,34.08549244180924],[75.04306484304821,33.81329107208416],[75.03083134070762,33.780296966662945],[75.15163717632093,33.55621200067715],[75.38254453299955,33.36374638572002],[75.47276661276139,33.399489999926345],[75.52170062212375,33.715683510213054],[75.39477803534014,33.90265010759997],[75.59510163616729,34.19822230199841],[75.49723361744257,34.23396591620474]]]},"properties":{"district":"Anantnag","state":"Jammu and Kashmir"}},
{"type":"Feature","geometry":{"type":"Polygon","coordinates":[[[75.59510163616729,34.19822230199841],[75.39477803534014,33.90265010759997],[75.52170062212375,33.715683510213054],[75.47276661276139,33.399489999926345],[75.60427676292272,33.256515543101045],[76.22206863112245,33.021432541974846],[76.41015872960901,33.18640306908095],[76.74810923176778,33.1795292971182],[76.77257623644896,33.251016525530844],[76.02174503029532,33.99750816068598],[75.86423868766023,33.978261599190276],[75.59510163616729,34.19822230199841]]]},"properties":{"district":"Kishtwar","state":"Jammu and Kashmir"}},
{"type":"Feature","geometry":{"type":"Polygon","coordinates":[[[74.68523489958598,34.17760098611015],[74.69288083854886,34.137733108726174],[74.91461306847202,34.020878985359346],[75.15010798852836,34.08549244180924],[75.10576154254373,34.16660295096975],[74.70052677751173,34.18447475807291],[74.68523489958598,34.17760098611015]]]},"properties":{"district":"Srinagar","state":"Jammu and Kashmir"}},
{"type":"Feature","geometry":{"type":"Polygon","coordinates":[[[74.41609784809303,33.908149125170176],[74.54302043487664,33.68131465039927],[74.56748743955782,33.69231268553968],[74.71581865543746,33.80504254572886],[74.91461306847202,34.020878985359346],[74.69288083854886,34.137733108726174],[74.41609784809303,33.908149125170176]]]},"properties":{"district":"Budgam","state":"Jammu and Kashmir"}},
{"type":"Feature","geometry":{"type":"Polygon","coordinates":[[[75.15010798852836,34.08549244180924],[74.91461306847202,34.020878985359346],[74.71581865543746,33.80504254572886],[75.04306484304821,33.81329107208416],[75.15010798852836,34.08549244180924]]]},"properties":{"district":"Pulwama","state":"Jammu and Kashmir"}},
{"type":"Feature","geometry":{"type":"Polygon","coordinates":[[[73.89464481082543,34.06487112592097],[73.48788085800085,34.144606880688926],[73.59798237906615,33.712934001427946],[73.95275394694323,33.62220021151958],[74.16684023790353,33.411862789459306],[74.20965749609559,33.54521396553674],[74.5736041907281,33.50809559693786],[74.54302043487664,33.68131465039927],[74.41609784809303,33.908149125170176],[74.24635800311736,34.020878985359346],[73.89464481082543,34.06487112592097]]]},"properties":{"district":"Punch","state":"Jammu and Kashmir"}},
{"type":"Feature","geometry":{"type":"Polygon","coordinates":[[[75.04306484304821,33.81329107208416],[74.71581865543746,33.80504254572886],[74.56748743955782,33.69231268553968],[74.87026662248739,33.62357496591214],[75.03083134070762,33.780296966662945],[75.04306484304821,33.81329107208416]]]},"properties":{"district":"Shopiyan","state":"Jammu and Kashmir"}},
{"type":"Feature","geometry":{"type":"Polygon","coordinates":[[[75.15163717632093,33.55621200067715],[75.03083134070762,33.780296966662945],[74.87026662248739,33.62357496591214],[74.56748743955782,33.69231268553968],[74.54302043487664,33.68131465039927],[74.5736041907281,33.50809559693786],[74.62559657567562,33.4957228074049],[75.02318540174475,33.49847231619],[75.15163717632093,33.55621200067715]]]},"properties":{"district":"Kulgam","state":"Jammu and Kashmir"}},
{"type":"Feature","geometry":{"type":"Polygon","coordinates":[[[74.16684023790353,33.411862789459306],[74.00168795630559,33.21802242010963],[74.33352170729405,32.954069576739855],[74.57054581514296,33.028306313937605],[74.69135165075627,33.24139324478299],[74.62559657567562,33.4957228074049],[74.5736041907281,33.50809559693786],[74.20965749609559,33.54521396553674],[74.16684023790353,33.411862789459306]]]},"properties":{"district":"Rajouri","state":"Jammu and Kashmir"}},
{"type":"Feature","geometry":{"type":"Polygon","coordinates":[[[75.15163717632093,33.55621200067715],[75.02318540174475,33.49847231619],[75.09199885241057,33.18640306908095],[75.3565483405258,33.06954894571413],[75.38254453299955,33.36374638572002],[75.15163717632093,33.55621200067715]]]},"properties":{"district":"Ramban","state":"Jammu and Kashmir"}},
{"type":"Feature","geometry":{"type":"Polygon","coordinates":[[[74.62559657567562,33.4957228074049],[74.69135165075627,33.24139324478299],[74.57054581514296,33.028306313937605],[74.9803681435527,32.92794924328139],[75.09199885241057,33.18640306908095],[75.02318540174475,33.49847231619],[74.62559657567562,33.4957228074049]]]},"properties":{"district":"Reasi","state":"Jammu and Kashmir"}},
{"type":"Feature","geometry":{"type":"Polygon","coordinates":[[[75.38254453299955,33.36374638572002],[75.3565483405258,33.06954894571413],[75.68226534034397,32.86196103243894],[75.80154198816471,32.885331857112305],[76.22206863112245,33.021432541974846],[75.60427676292272,33.256515543101045],[75.47276661276139,33.399489999926345],[75.38254453299955,33.36374638572002]]]},"properties":{"district":"Doda","state":"Jammu and Kashmir"}},
{"type":"Feature","geometry":{"type":"Polygon","coordinates":[[[77.2741498324131,32.8743338219719],[76.93314095466918,33.028306313937605],[76.77257623644896,33.251016525530844],[76.74810923176778,33.1795292971182],[76.78633892658212,32.9526948223473],[76.49120568261542,32.8014718391667],[76.86585669179595,32.46328225859918],[77.07382623158595,32.39866880214929],[77.15181480900722,32.4151658548599],[77.7436104847332,32.09072381821789],[77.86288713255394,31.781404079893935],[78.02803941415189,31.75940800961312],[78.44856605710963,32.06047922158177],[78.67335666261795,32.078351028684935],[78.48220818854625,32.27906516999737],[78.3981028599547,32.52514620626397],[78.38739854540668,32.757479698605074],[78.0158059118113,32.62000425934998],[77.74055210914806,32.969191875057916],[77.2741498324131,32.8743338219719]]]},"properties":{"district":"Lahaul and Spiti","state":"Himachal Pradesh"}},
{"type":"Feature","geometry":{"type":"Polygon","coordinates":[[[76.22206863112245,33.021432541974846],[75.80154198816471,32.885331857112305],[75.92387701157061,32.74785641785722],[75.83671330739391,32.511398662338465],[75.93152295053348,32.39454453897164],[76.22206863112245,32.39454453897164],[76.66553309096881,32.17595859055604],[76.86585669179595,32.46328225859918],[76.49120568261542,32.8014718391667],[76.78633892658212,32.9526948223473],[76.74810923176778,33.1795292971182],[76.41015872960901,33.18640306908095],[76.22206863112245,33.021432541974846]]]},"properties":{"district":"Chamba","state":"Himachal Pradesh"}},
{"type":"Feature","geometry":{"type":"Polygon","coordinates":[[[74.33352170729405,32.954069576739855],[74.4466816039445,32.78909904963375],[74.65923870711224,32.78772429524119],[74.68064733620827,32.49215210084275],[74.88861687599828,32.521021943086325],[75.09199885241057,32.71623706682855],[74.9803681435527,32.92794924328139],[74.57054581514296,33.028306313937605],[74.33352170729405,32.954069576739855]]]},"properties":{"district":"Jammu","state":"Jammu and Kashmir"}},
{"type":"Feature","geometry":{"type":"Polygon","coordinates":[[[75.68226534034397,32.86196103243894],[75.28467651427484,32.642000329630804],[75.20515874906101,32.417915363645],[75.34125646260006,32.34642813523236],[75.51252549536831,32.30793501224093],[75.83671330739391,32.511398662338465],[75.92387701157061,32.74785641785722],[75.80154198816471,32.885331857112305],[75.68226534034397,32.86196103243894]]]},"properties":{"district":"Kathua","state":"Jammu and Kashmir"}},
{"type":"Feature","geometry":{"type":"Polygon","coordinates":[[[75.3794861574144,32.182832362518795],[74.91308388067945,32.04398216887115],[74.96966382900467,31.830895238025768],[75.40395316209558,31.593062728114464],[75.47582498834655,31.64942765820905],[75.59816001175243,32.08247529186258],[75.60121838733758,32.09347332700299],[75.3794861574144,32.182832362518795]]]},"properties":{"district":"Gurdaspur","state":"Punjab"}},
{"type":"Feature","geometry":{"type":"Polygon","coordinates":[[[76.86585669179595,32.46328225859918],[76.66553309096881,32.17595859055604],[76.22206863112245,32.39454453897164],[75.93152295053348,32.39454453897164],[75.63791889435934,32.251570082146344],[75.60121838733758,32.09347332700299],[75.59816001175243,32.08247529186258],[75.96057751859237,31.857015571484236],[76.3122907108843,31.72228964101425],[76.63953689849505,31.872137869802295],[76.66247471538367,32.01373757223504],[76.93619933025434,32.061853975974316],[77.07382623158595,32.39866880214929],[76.86585669179595,32.46328225859918]]]},"properties":{"district":"Kangra","state":"Himachal Pradesh"}},
{"type":"Feature","geometry":{"type":"Polygon","coordinates":[[[77.07382623158595,32.39866880214929],[76.93619933025434,32.061853975974316],[77.303204400472,31.668674219704762],[77.38272216568583,31.360729235773363],[77.62892140029018,31.389599078016932],[77.74819804811092,31.714041114658944],[77.86288713255394,31.781404079893935],[77.7436104847332,32.09072381821789],[77.15181480900722,32.4151658548599],[77.07382623158595,32.39866880214929]]]},"properties":{"district":"Kullu","state":"Himachal Pradesh"}},
{"type":"Feature","geometry":{"type":"Polygon","coordinates":[[[75.47582498834655,31.64942765820905],[75.59816001175243,31.60543551764742],[75.78777929803155,31.364853498951014],[75.89023488013399,31.275494463435205],[76.1379633025309,31.146267550535423],[76.33064096439519,31.22325379651827],[76.2893528939957,31.307113814463875],[76.0171574669176,31.63155585110589],[75.96057751859237,31.857015571484236],[75.59816001175243,32.08247529186258],[75.47582498834655,31.64942765820905]]]},"properties":{"district":"Hoshiarpur","state":"Punjab"}},
{"type":"Feature","geometry":{"type":"Polygon","coordinates":[[[74.91308388067945,32.04398216887115],[74.50326155226972,31.74016144811741],[74.61183388554245,31.499579429421004],[75.29079326544513,31.4913309030657],[75.40395316209558,31.593062728114464],[74.96966382900467,31.830895238025768],[74.91308388067945,32.04398216887115]]]},"properties":{"district":"Amritsar","state":"Punjab"}},
{"type":"Feature","geometry":{"type":"Polygon","coordinates":[[[76.63953689849505,31.872137869802295],[76.73128816604947,31.582064692974058],[76.87656100634396,31.351105955025506],[77.0310089733939,31.272744954650104],[77.38272216568583,31.360729235773363],[77.303204400472,31.668674219704762],[76.93619933025434,32.061853975974316],[76.66247471538367,32.01373757223504],[76.63953689849505,31.872137869802295]]]},"properties":{"district":"Mandi","state":"Himachal Pradesh"}},
{"type":"Feature","geometry":{"type":"Polygon","coordinates":[[[77.86288713255394,31.781404079893935],[77.74819804811092,31.714041114658944],[77.83994931566534,31.506453201383756],[78.310939155778,31.28374298979051],[78.48373737633882,31.198508217452357],[78.88132620240796,31.28374298979051],[78.74981605224663,31.366228253343564],[78.84615488317877,31.608185026432523],[78.705469606262,31.774530307931183],[78.67335666261795,32.078351028684935],[78.44856605710963,32.06047922158177],[78.02803941415189,31.75940800961312],[77.86288713255394,31.781404079893935]]]},"properties":{"district":"Kinnaur","state":"Himachal Pradesh"}},
{"type":"Feature","geometry":{"type":"Polygon","coordinates":[[[75.96057751859237,31.857015571484236],[76.0171574669176,31.63155585110589],[76.2893528939957,31.307113814463875],[76.39180847609813,31.412969902690296],[76.46215111455652,31.487206639888043],[76.3122907108843,31.72228964101425],[75.96057751859237,31.857015571484236]]]},"properties":{"district":"Una","state":"Himachal Pradesh"}},
{"type":"Feature","geometry":{"type":"Polygon","coordinates":[[[77.38272216568583,31.360729235773363],[77.0310089733939,31.272744954650104],[77.04783003911221,31.11464819950675],[77.24662445214678,30.919433075764523],[77.70385160212629,30.764085829406273],[77.82924500111733,31.029413427168596],[77.96687190244894,31.17376263838644],[78.310939155778,31.28374298979051],[77.83994931566534,31.506453201383756],[77.74819804811092,31.714041114658944],[77.62892140029018,31.389599078016932],[77.38272216568583,31.360729235773363]]]},"properties":{"district":"Shimla","state":"Himachal Pradesh"}},
{"type":"Feature","geometry":{"type":"Polygon","coordinates":[[[75.59816001175243,31.60543551764742],[75.41771585222874,31.24937412997674],[75.0782361622774,31.147642304927974],[75.14704961294322,31.091277374833385],[75.35960671611095,30.99366981296227],[75.9529315796295,31.010166865672883],[75.79848361257957,31.21638002455552],[75.78777929803155,31.364853498951014],[75.59816001175243,31.60543551764742]]]},"properties":{"district":"Jalandhar","state":"Punjab"}},
{"type":"Feature","geometry":{"type":"Polygon","coordinates":[[[74.61183388554245,31.499579429421004],[74.51090749123259,31.132520006609912],[74.70817271647459,31.072030813337673],[74.96507626562695,31.153141322498175],[75.29079326544513,31.4913309030657],[74.61183388554245,31.499579429421004]]]},"properties":{"district":"Tarn Taran","state":"Punjab"}},
{"type":"Feature","geometry":{"type":"Polygon","coordinates":[[[76.33064096439519,31.22325379651827],[76.30617395971402,30.99092030417717],[76.31993664984716,30.878190443987997],[76.53096456522233,30.768210092583924],[76.73281735384205,30.937304882867686],[76.64565364966535,31.209506252592764],[76.39180847609813,31.412969902690296],[76.2893528939957,31.307113814463875],[76.33064096439519,31.22325379651827]]]},"properties":{"district":"Rupnagar","state":"Punjab"}},
{"type":"Feature","geometry":{"type":"Polygon","coordinates":[[[78.310939155778,31.28374298979051],[77.96687190244894,31.17376263838644],[77.82924500111733,31.029413427168596],[78.07850261130682,30.740715004732905],[78.01274753622616,30.616987109403325],[78.54643407583434,30.53312709145772],[78.59995564857442,30.671977285105363],[79.03271579387275,30.80945272436045],[79.27432746509938,30.724217952022297],[79.40736680305328,31.073405567730223],[79.07247467647966,31.455587288859373],[78.88132620240796,31.28374298979051],[78.48373737633882,31.198508217452357],[78.310939155778,31.28374298979051]]]},"properties":{"district":"Uttarkashi","state":"Uttarakhand"}},
{"type":"Feature","geometry":{"type":"Polygon","coordinates":[[[76.87656100634396,31.351105955025506],[76.64565364966535,31.209506252592764],[76.73281735384205,30.937304882867686],[76.77716379982668,30.904310777446465],[77.0248922222236,30.74896353108821],[77.24662445214678,30.919433075764523],[77.04783003911221,31.11464819950675],[77.0310089733939,31.272744954650104],[76.87656100634396,31.351105955025506]]]},"properties":{"district":"Solan","state":"Himachal Pradesh"}},
{"type":"Feature","geometry":{"type":"Polygon","coordinates":[[[75.89023488013399,31.275494463435205],[75.79848361257957,31.21638002455552],[75.9529315796295,31.010166865672883],[76.30617395971402,30.99092030417717],[76.33064096439519,31.22325379651827],[76.1379633025309,31.146267550535423],[75.89023488013399,31.275494463435205]]]},"properties":{"district":"Shahid Bhagat Singh Nagar","state":"Punjab"}},
{"type":"Feature","geometry":{"type":"Polygon","coordinates":[[[74.44821079173708,29.94748172023104],[74.35798871197524,30.24030440584438],[74.41609784809303,30.614237600618225],[74.21577424726588,30.691223846601076],[73.87935293289969,30.35990803799631],[73.96804582486897,30.19356275649765],[73.89464481082543,29.973602053689508],[74.29835038806486,29.954355492193795],[74.44821079173708,29.94748172023104]]]},"properties":{"district":"Fazilka","state":"Punjab"}},
{"type":"Feature","geometry":{"type":"Polygon","coordinates":[[[75.14704961294322,31.091277374833385],[74.90543794171658,30.736590741555254],[75.0201270261596,30.490509705288645],[75.29691001661543,30.51663003874711],[75.4085407254733,30.583993003982105],[75.35960671611095,30.99366981296227],[75.14704961294322,31.091277374833385]]]},"properties":{"district":"Moga","state":"Punjab"}},
{"type":"Feature","geometry":{"type":"Polygon","coordinates":[[[75.35960671611095,30.99366981296227],[75.4085407254733,30.583993003982105],[75.68379452813654,30.59086677594486],[75.87953056558597,30.676101548283015],[76.08597091758341,30.56199693370129],[76.30311558412886,30.678851057068115],[76.31993664984716,30.878190443987997],[76.30617395971402,30.99092030417717],[75.9529315796295,31.010166865672883],[75.35960671611095,30.99366981296227]]]},"properties":{"district":"Ludhiana","state":"Punjab"}},
{"type":"Feature","geometry":{"type":"Polygon","coordinates":[[[79.27432746509938,30.724217952022297],[79.07706223985738,30.221057844348667],[79.22998101911475,29.974976808082058],[79.47159269034137,29.97910107125971],[79.98692897643868,30.318665406219782],[80.1016180608817,30.788831408472188],[79.73155461507889,30.978547514644212],[79.40736680305328,31.073405567730223],[79.27432746509938,30.724217952022297]]]},"properties":{"district":"Chamoli","state":"Uttarakhand"}},
{"type":"Feature","geometry":{"type":"Polygon","coordinates":[[[77.70385160212629,30.764085829406273],[77.81548231098415,30.505632003606703],[77.5753998275501,30.401150669772836],[77.95922596348608,30.24167916023693],[78.20236682250528,29.966728281726752],[78.30176402902256,30.112452247337146],[78.01274753622616,30.616987109403325],[78.07850261130682,30.740715004732905],[77.82924500111733,31.029413427168596],[77.70385160212629,30.764085829406273]]]},"properties":{"district":"Dehradun","state":"Uttarakhand"}},
{"type":"Feature","geometry":{"type":"Polygon","coordinates":[[[77.24662445214678,30.919433075764523],[77.0248922222236,30.74896353108821],[77.12276024094831,30.56337168809384],[77.20839475733244,30.48776019650354],[77.57998739092783,30.379154599492022],[77.5753998275501,30.401150669772836],[77.81548231098415,30.505632003606703],[77.70385160212629,30.764085829406273],[77.24662445214678,30.919433075764523]]]},"properties":{"district":"Sirmaur","state":"Himachal Pradesh"}},
{"type":"Feature","geometry":{"type":"Polygon","coordinates":[[[76.53096456522233,30.768210092583924],[76.63494933511734,30.619736618188426],[76.74810923176778,30.428645757623855],[76.90714476219543,30.458890354259974],[76.8276269969816,30.68160056585322],[76.73893410501233,30.692598600993627],[76.70987953695344,30.761336320621172],[76.83833131152963,30.754462548658417],[76.77716379982668,30.904310777446465],[76.73281735384205,30.937304882867686],[76.53096456522233,30.768210092583924]]]},"properties":{"district":"S.A.S. Nagar","state":"Punjab"}},
{"type":"Feature","geometry":{"type":"Polygon","coordinates":[[[74.90543794171658,30.736590741555254],[74.62406738788304,30.83694781221147],[74.50020317668458,30.666478267535158],[74.82133261312504,30.39290214341753],[75.0201270261596,30.490509705288645],[74.90543794171658,30.736590741555254]]]},"properties":{"district":"Faridkot","state":"Punjab"}},
{"type":"Feature","geometry":{"type":"Polygon","coordinates":[[[76.31993664984716,30.878190443987997],[76.30311558412886,30.678851057068115],[76.08597091758341,30.56199693370129],[76.08597091758341,30.537251354635373],[76.4346257342902,30.443768055941913],[76.63494933511734,30.619736618188426],[76.53096456522233,30.768210092583924],[76.31993664984716,30.878190443987997]]]},"properties":{"district":"Fatehgarh Sahib","state":"Punjab"}},
{"type":"Feature","geometry":{"type":"Polygon","coordinates":[[[78.01274753622616,30.616987109403325],[78.30176402902256,30.112452247337146],[78.51126275660515,30.05471256285001],[78.6473604701442,30.20731030042316],[78.89967645591885,30.24442866902203],[78.83545056863076,30.35715852921121],[78.91038077046686,30.691223846601076],[79.03271579387275,30.80945272436045],[78.59995564857442,30.671977285105363],[78.54643407583434,30.53312709145772],[78.01274753622616,30.616987109403325]]]},"properties":{"district":"Tehri Garhwal","state":"Uttarakhand"}},
{"type":"Feature","geometry":{"type":"Polygon","coordinates":[[[76.8276269969816,30.68160056585322],[76.83833131152963,30.754462548658417],[76.70987953695344,30.761336320621172],[76.73893410501233,30.692598600993627],[76.8276269969816,30.68160056585322]]]},"properties":{"district":"Chandigarh","state":"Chandigarh"}},
{"type":"Feature","geometry":{"type":"Polygon","coordinates":[[[74.44821079173708,29.94748172023104],[74.52619936915833,29.940607948268283],[74.70511434088944,29.974976808082058],[74.72346459440033,30.309042125471926],[74.82133261312504,30.39290214341753],[74.50020317668458,30.666478267535158],[74.41609784809303,30.614237600618225],[74.35798871197524,30.24030440584438],[74.44821079173708,29.94748172023104]]]},"properties":{"district":"Sri Muktsar Sahib","state":"Punjab"}},
{"type":"Feature","geometry":{"type":"Polygon","coordinates":[[[79.03271579387275,30.80945272436045],[78.91038077046686,30.691223846601076],[78.83545056863076,30.35715852921121],[78.89967645591885,30.24442866902203],[79.07706223985738,30.221057844348667],[79.27432746509938,30.724217952022297],[79.03271579387275,30.80945272436045]]]},"properties":{"district":"Rudraprayag","state":"Uttarakhand"}},
{"type":"Feature","geometry":{"type":"Polygon","coordinates":[[[79.98692897643868,30.318665406219782],[80.11538075101487,30.226556861918873],[80.05421323931192,29.90211482527686],[79.89059014550654,29.712398719104836],[80.07562186840795,29.52130785854026],[80.24230333779848,29.44432161255741],[80.36616754899694,29.739893806955852],[80.92890865666402,30.174316195001936],[80.60777922022356,30.47126314379293],[80.21324876973958,30.583993003982105],[80.1016180608817,30.788831408472188],[79.98692897643868,30.318665406219782]]]},"properties":{"district":"Pithoragarh","state":"Uttarakhand"}},
{"type":"Feature","geometry":{"type":"Polygon","coordinates":[[[75.68379452813654,30.59086677594486],[75.72814097412119,30.2732985112656],[75.5767513826564,30.144071598365816],[75.72049503515832,29.814130544153603],[75.94681482845921,29.728895771815445],[76.098204419924,29.810006280975948],[75.98351533548097,29.906239088454512],[76.16548868279723,30.24030440584438],[75.9881028988587,30.340661476500596],[76.08597091758341,30.537251354635373],[76.08597091758341,30.56199693370129],[75.87953056558597,30.676101548283015],[75.68379452813654,30.59086677594486]]]},"properties":{"district":"Sangrur","state":"Punjab"}},
{"type":"Feature","geometry":{"type":"Polygon","coordinates":[[[75.29691001661543,30.51663003874711],[75.36878184286638,30.200436528460404],[75.5767513826564,30.144071598365816],[75.72814097412119,30.2732985112656],[75.68379452813654,30.59086677594486],[75.4085407254733,30.583993003982105],[75.29691001661543,30.51663003874711]]]},"properties":{"district":"Barnala","state":"Punjab"}},
{"type":"Feature","geometry":{"type":"Polygon","coordinates":[[[75.0201270261596,30.490509705288645],[74.82133261312504,30.39290214341753],[74.72346459440033,30.309042125471926],[74.70511434088944,29.974976808082058],[75.19139605892785,29.844375140789722],[75.36878184286638,30.200436528460404],[75.29691001661543,30.51663003874711],[75.0201270261596,30.490509705288645]]]},"properties":{"district":"Bathinda","state":"Punjab"}},
{"type":"Feature","geometry":{"type":"Polygon","coordinates":[[[76.63494933511734,30.619736618188426],[76.4346257342902,30.443768055941913],[76.08597091758341,30.537251354635373],[75.9881028988587,30.340661476500596],[76.16548868279723,30.24030440584438],[75.98351533548097,29.906239088454512],[76.098204419924,29.810006280975948],[76.21442269215959,29.840250877612068],[76.2541815747665,30.08908142266378],[76.46673867793425,30.098704703411638],[76.64259527408021,30.14957061593602],[76.74810923176778,30.428645757623855],[76.63494933511734,30.619736618188426]]]},"properties":{"district":"Patiala","state":"Punjab"}},
{"type":"Feature","geometry":{"type":"Polygon","coordinates":[[[77.20839475733244,30.48776019650354],[77.06465110483052,30.126199791262657],[77.11970186536317,29.991473860792667],[77.22674501084332,29.939233193875733],[77.57998739092783,30.379154599492022],[77.20839475733244,30.48776019650354]]]},"properties":{"district":"Yamunanagar","state":"Haryana"}},
{"type":"Feature","geometry":{"type":"Polygon","coordinates":[[[77.5753998275501,30.401150669772836],[77.57998739092783,30.379154599492022],[77.22674501084332,29.939233193875733],[77.15181480900722,29.68765314003892],[77.48670693558083,29.634037718729434],[77.82006987436188,29.67390559611341],[77.71608510446687,29.88561777256625],[77.95922596348608,30.24167916023693],[77.5753998275501,30.401150669772836]]]},"properties":{"district":"Saharanpur","state":"Uttar Pradesh"}},
{"type":"Feature","geometry":{"type":"Polygon","coordinates":[[[73.96804582486897,30.19356275649765],[73.80595191885617,30.067085352382968],[73.397658778239,29.94610696583849],[73.28296969379599,29.572173771064644],[72.94501919163721,29.02777103161449],[72.6621194500111,28.8930451011445],[73.00924507892532,28.72532506525329],[73.33649126653606,29.01264873329643],[73.61786182036961,29.034644803577244],[73.87782374510712,28.93978675049123],[74.04144683891249,29.009899224511326],[73.97875013941697,29.71927249106759],[74.18366130362185,29.74951708770371],[74.29835038806486,29.954355492193795],[73.89464481082543,29.973602053689508],[73.96804582486897,30.19356275649765]]]},"properties":{"district":"Ganganagar","state":"Rajasthan"}},
{"type":"Feature","geometry":{"type":"Polygon","coordinates":[[[75.5767513826564,30.144071598365816],[75.36878184286638,30.200436528460404],[75.19139605892785,29.844375140789722],[75.30302676778572,29.559800981531687],[75.4605331104208,29.807256772190847],[75.72049503515832,29.814130544153603],[75.5767513826564,30.144071598365816]]]},"properties":{"district":"Mansa","state":"Punjab"}},
{"type":"Feature","geometry":{"type":"Polygon","coordinates":[[[76.64259527408021,30.14957061593602],[76.46673867793425,30.098704703411638],[76.46520949014166,29.913112860417268],[76.7297589782569,29.870495474248187],[77.11970186536317,29.991473860792667],[77.06465110483052,30.126199791262657],[76.8169226824336,30.218308335563567],[76.64259527408021,30.14957061593602]]]},"properties":{"district":"Kurukshetra","state":"Haryana"}},
{"type":"Feature","geometry":{"type":"Polygon","coordinates":[[[79.47159269034137,29.97910107125971],[79.50829319736314,29.873244983033292],[79.89059014550654,29.712398719104836],[80.05421323931192,29.90211482527686],[80.11538075101487,30.226556861918873],[79.98692897643868,30.318665406219782],[79.47159269034137,29.97910107125971]]]},"properties":{"district":"Bageshwar","state":"Uttarakhand"}},
{"type":"Feature","geometry":{"type":"Polygon","coordinates":[[[77.95922596348608,30.24167916023693],[77.71608510446687,29.88561777256625],[77.82006987436188,29.67390559611341],[78.02039347518902,29.5817970518125],[78.33540616045919,29.79763349144299],[78.20236682250528,29.966728281726752],[77.95922596348608,30.24167916023693]]]},"properties":{"district":"Haridwar","state":"Uttarakhand"}},
{"type":"Feature","geometry":{"type":"Polygon","coordinates":[[[79.07706223985738,30.221057844348667],[78.89967645591885,30.24442866902203],[78.6473604701442,30.20731030042316],[78.51126275660515,30.05471256285001],[78.30176402902256,30.112452247337146],[78.20236682250528,29.966728281726752],[78.33540616045919,29.79763349144299],[78.61677671429273,29.558426227139137],[78.92567264839259,29.438822594987208],[79.06024117413908,29.588670823775256],[79.08470817882025,29.88836728135135],[79.22998101911475,29.974976808082058],[79.07706223985738,30.221057844348667]]]},"properties":{"district":"Pauri Garhwal","state":"Uttarakhand"}},
{"type":"Feature","geometry":{"type":"Polygon","coordinates":[[[76.21442269215959,29.840250877612068],[76.23888969684077,29.592795086952908],[76.50343918495601,29.515808840970056],[76.68388334447968,29.678029859291062],[76.7297589782569,29.870495474248187],[76.46520949014166,29.913112860417268],[76.46673867793425,30.098704703411638],[76.2541815747665,30.08908142266378],[76.21442269215959,29.840250877612068]]]},"properties":{"district":"Kaithal","state":"Haryana"}},
{"type":"Feature","geometry":{"type":"Polygon","coordinates":[[[74.52619936915833,29.940607948268283],[74.61642144892018,29.752266596488813],[74.60265875878702,29.364585857789457],[74.93755088536064,29.361836349004356],[75.2403300682902,29.26010452395559],[75.30302676778572,29.559800981531687],[75.19139605892785,29.844375140789722],[74.70511434088944,29.974976808082058],[74.52619936915833,29.940607948268283]]]},"properties":{"district":"Sirsa","state":"Haryana"}},
{"type":"Feature","geometry":{"type":"Polygon","coordinates":[[[75.47429580055396,28.926039206565722],[75.52781737329404,28.9714061015199],[75.34584402597778,29.283475348628954],[75.2403300682902,29.26010452395559],[74.93755088536064,29.361836349004356],[74.60265875878702,29.364585857789457],[74.61642144892018,29.752266596488813],[74.52619936915833,29.940607948268283],[74.44821079173708,29.94748172023104],[74.29835038806486,29.954355492193795],[74.18366130362185,29.74951708770371],[73.97875013941697,29.71927249106759],[74.04144683891249,29.009899224511326],[74.16072348673323,28.776190977777674],[74.74946078687408,28.853177223760525],[74.80298235961415,28.928788715350823],[75.21892143919418,28.865550013293483],[75.47429580055396,28.926039206565722]]]},"properties":{"district":"Hanumangarh","state":"Rajasthan"}},
{"type":"Feature","geometry":{"type":"Polygon","coordinates":[[[77.11970186536317,29.991473860792667],[76.7297589782569,29.870495474248187],[76.68388334447968,29.678029859291062],[76.50343918495601,29.515808840970056],[76.76034273410838,29.462193419660572],[77.13193536770376,29.484189489941386],[77.15181480900722,29.68765314003892],[77.22674501084332,29.939233193875733],[77.11970186536317,29.991473860792667]]]},"properties":{"district":"Karnal","state":"Haryana"}},
{"type":"Feature","geometry":{"type":"Polygon","coordinates":[[[79.22998101911475,29.974976808082058],[79.08470817882025,29.88836728135135],[79.06024117413908,29.588670823775256],[79.62145309401359,29.555676718354032],[79.84930207510706,29.431948823024452],[80.07562186840795,29.52130785854026],[79.89059014550654,29.712398719104836],[79.50829319736314,29.873244983033292],[79.47159269034137,29.97910107125971],[79.22998101911475,29.974976808082058]]]},"properties":{"district":"Almora","state":"Uttarakhand"}},
{"type":"Feature","geometry":{"type":"Polygon","coordinates":[[[75.94681482845921,29.728895771815445],[75.96363589417751,29.562550490316788],[76.30158639633629,29.086885470494177],[76.47744299248225,29.09238448806438],[76.67623740551682,29.280725839843853],[76.76034273410838,29.462193419660572],[76.50343918495601,29.515808840970056],[76.23888969684077,29.592795086952908],[76.21442269215959,29.840250877612068],[76.098204419924,29.810006280975948],[75.94681482845921,29.728895771815445]]]},"properties":{"district":"Jind","state":"Haryana"}},
{"type":"Feature","geometry":{"type":"Polygon","coordinates":[[[75.72049503515832,29.814130544153603],[75.4605331104208,29.807256772190847],[75.30302676778572,29.559800981531687],[75.2403300682902,29.26010452395559],[75.34584402597778,29.283475348628954],[75.96363589417751,29.562550490316788],[75.94681482845921,29.728895771815445],[75.72049503515832,29.814130544153603]]]},"properties":{"district":"Fatehabad","state":"Haryana"}},
{"type":"Feature","geometry":{"type":"Polygon","coordinates":[[[78.53267138570118,29.064889400213364],[78.76052036679465,29.26422878713324],[78.8507424465565,29.34808880507885],[78.92567264839259,29.438822594987208],[78.61677671429273,29.558426227139137],[78.33540616045919,29.79763349144299],[78.02039347518902,29.5817970518125],[78.11367393053601,29.25598026077794],[78.07238586013652,29.082761207316523],[78.53267138570118,29.064889400213364]]]},"properties":{"district":"Bijnor","state":"Uttar Pradesh"}},
{"type":"Feature","geometry":{"type":"Polygon","coordinates":[[[77.48670693558083,29.634037718729434],[77.46376911869223,29.451195384520165],[77.27720820799826,29.268353050310896],[77.50505718909172,29.191366804328045],[78.11367393053601,29.25598026077794],[78.02039347518902,29.5817970518125],[77.82006987436188,29.67390559611341],[77.48670693558083,29.634037718729434]]]},"properties":{"district":"Muzaffarnagar","state":"Uttar Pradesh"}},
{"type":"Feature","geometry":{"type":"Polygon","coordinates":[[[75.52781737329404,28.9714061015199],[75.8321257440162,28.91091690824766],[75.96822345755524,29.063514645820813],[76.22818538229275,28.990652663015613],[76.30158639633629,29.086885470494177],[75.96363589417751,29.562550490316788],[75.34584402597778,29.283475348628954],[75.52781737329404,28.9714061015199]]]},"properties":{"district":"Hisar","state":"Haryana"}},
{"type":"Feature","geometry":{"type":"Polygon","coordinates":[[[78.92567264839259,29.438822594987208],[78.8507424465565,29.34808880507885],[79.27738584068453,29.239483208067327],[79.4348921833196,29.084135961709077],[79.89670689667683,28.993402171800717],[79.97163709851294,29.055266119465507],[79.84930207510706,29.431948823024452],[79.62145309401359,29.555676718354032],[79.06024117413908,29.588670823775256],[78.92567264839259,29.438822594987208]]]},"properties":{"district":"Nainital","state":"Uttarakhand"}},
{"type":"Feature","geometry":{"type":"Polygon","coordinates":[[[76.76034273410838,29.462193419660572],[76.67623740551682,29.280725839843853],[77.14263968225177,29.16662122526213],[77.15487318459236,29.297222892554466],[77.13193536770376,29.484189489941386],[76.76034273410838,29.462193419660572]]]},"properties":{"district":"Panipat","state":"Haryana"}},
{"type":"Feature","geometry":{"type":"Polygon","coordinates":[[[80.07562186840795,29.52130785854026],[79.84930207510706,29.431948823024452],[79.97163709851294,29.055266119465507],[80.07409268061538,28.94116150488378],[80.31876272742716,29.301347155732117],[80.24230333779848,29.44432161255741],[80.07562186840795,29.52130785854026]]]},"properties":{"district":"Champawat","state":"Uttarakhand"}},
{"type":"Feature","geometry":{"type":"Polygon","coordinates":[[[79.68262060571654,28.854551978153076],[80.06491755385994,28.836680171049913],[80.07409268061538,28.94116150488378],[79.97163709851294,29.055266119465507],[79.89670689667683,28.993402171800717],[79.4348921833196,29.084135961709077],[79.27738584068453,29.239483208067327],[78.8507424465565,29.34808880507885],[78.76052036679465,29.26422878713324],[78.97460665775495,29.130877611055805],[79.42265868097903,28.897169364322153],[79.68262060571654,28.854551978153076]]]},"properties":{"district":"Udham Singh Nagar","state":"Uttarakhand"}},
{"type":"Feature","geometry":{"type":"Polygon","coordinates":[[[77.21604069629531,28.853177223760525],[77.14263968225177,29.16662122526213],[76.67623740551682,29.280725839843853],[76.47744299248225,29.09238448806438],[76.73587572942719,29.007149715726225],[76.88420694530683,28.809185083198894],[76.94231608142462,28.798187048058487],[77.21604069629531,28.853177223760525]]]},"properties":{"district":"Sonipat","state":"Haryana"}},
{"type":"Feature","geometry":{"type":"Polygon","coordinates":[[[77.2221574474656,28.83118115347971],[77.44694805297392,28.927413960958273],[77.50505718909172,29.191366804328045],[77.27720820799826,29.268353050310896],[77.15487318459236,29.297222892554466],[77.14263968225177,29.16662122526213],[77.21604069629531,28.853177223760525],[77.2221574474656,28.83118115347971]]]},"properties":{"district":"Baghpat","state":"Uttar Pradesh"}},
{"type":"Feature","geometry":{"type":"Polygon","coordinates":[[[78.07238586013652,29.082761207316523],[78.11367393053601,29.25598026077794],[77.50505718909172,29.191366804328045],[77.44694805297392,28.927413960958273],[77.69008891199312,28.744571626749003],[78.12131986949888,28.87792280282644],[78.07238586013652,29.082761207316523]]]},"properties":{"district":"Meerut","state":"Uttar Pradesh"}},
{"type":"Feature","geometry":{"type":"Polygon","coordinates":[[[78.62289346546302,28.806435574413793],[78.87215107565252,28.468245993846274],[78.93943533852575,28.459997467490968],[78.85991757331193,28.65933685441085],[79.0006028502287,28.763818188244716],[78.90273483150399,28.996151680585818],[78.97460665775495,29.130877611055805],[78.76052036679465,29.26422878713324],[78.53267138570118,29.064889400213364],[78.62289346546302,28.806435574413793]]]},"properties":{"district":"Moradabad","state":"Uttar Pradesh"}},
{"type":"Feature","geometry":{"type":"Polygon","coordinates":[[[74.16072348673323,28.776190977777674],[74.04144683891249,29.009899224511326],[73.87782374510712,28.93978675049123],[73.61786182036961,29.034644803577244],[73.33649126653606,29.01264873329643],[73.00924507892532,28.72532506525329],[72.6621194500111,28.8930451011445],[72.29970194317116,28.668960135158706],[72.20642148782417,28.394009256648523],[71.92810930957577,28.121807886923445],[71.88070448800599,27.91421997364826],[72.13913722495093,27.879851113834487],[72.24312199484594,27.48392184877983],[72.55354711673837,27.62002253364237],[73.13310929012377,27.307953286533316],[73.3578998956321,27.259836882794033],[73.54446080632607,27.494919883920236],[73.87476536952197,27.537537270089317],[73.8671194305591,27.779494043178275],[74.2264785618139,27.816612411777147],[74.29376282468714,28.145178711596813],[74.02768414877933,28.376137449545364],[74.16072348673323,28.776190977777674]]]},"properties":{"district":"Bikaner","state":"Rajasthan"}},
{"type":"Feature","geometry":{"type":"Polygon","coordinates":[[[79.42265868097903,28.897169364322153],[78.97460665775495,29.130877611055805],[78.90273483150399,28.996151680585818],[79.0006028502287,28.763818188244716],[78.85991757331193,28.65933685441085],[78.93943533852575,28.459997467490968],[78.9715482821698,28.421504344499542],[79.20551401443356,28.57135257328759],[79.42265868097903,28.897169364322153]]]},"properties":{"district":"Rampur","state":"Uttar Pradesh"}},
{"type":"Feature","geometry":{"type":"Polygon","coordinates":[[[75.67003183800338,28.519111906370657],[75.89329325571913,28.389884993470872],[75.90552675805972,28.43250237963995],[75.84741762194193,28.58647487160565],[76.32605340101746,28.811934591984],[76.22818538229275,28.990652663015613],[75.96822345755524,29.063514645820813],[75.8321257440162,28.91091690824766],[75.52781737329404,28.9714061015199],[75.47429580055396,28.926039206565722],[75.67003183800338,28.519111906370657]]]},"properties":{"district":"Bhiwani","state":"Haryana"}},
{"type":"Feature","geometry":{"type":"Polygon","coordinates":[[[76.88420694530683,28.809185083198894],[76.73587572942719,29.007149715726225],[76.47744299248225,29.09238448806438],[76.30158639633629,29.086885470494177],[76.22818538229275,28.990652663015613],[76.32605340101746,28.811934591984],[76.4223922319496,28.701954240579926],[76.88420694530683,28.809185083198894]]]},"properties":{"district":"Rohtak","state":"Haryana"}},
{"type":"Feature","geometry":{"type":"Polygon","coordinates":[[[77.15181480900722,29.68765314003892],[77.13193536770376,29.484189489941386],[77.15487318459236,29.297222892554466],[77.27720820799826,29.268353050310896],[77.46376911869223,29.451195384520165],[77.48670693558083,29.634037718729434],[77.15181480900722,29.68765314003892]]]},"properties":{"district":"Shamli","state":"Uttar Pradesh"}},
{"type":"Feature","geometry":{"type":"Polygon","coordinates":[[[75.0782361622774,31.147642304927974],[74.96507626562695,31.153141322498175],[74.70817271647459,31.072030813337673],[74.3656346509381,30.89331274230606],[74.21577424726588,30.691223846601076],[74.41609784809303,30.614237600618225],[74.50020317668458,30.666478267535158],[74.62406738788304,30.83694781221147],[74.90543794171658,30.736590741555254],[75.14704961294322,31.091277374833385],[75.0782361622774,31.147642304927974]]]},"properties":{"district":"Ferozepur","state":"Punjab"}},
{"type":"Feature","geometry":{"type":"Polygon","coordinates":[[[75.83671330739391,32.511398662338465],[75.51252549536831,32.30793501224093],[75.34125646260006,32.34642813523236],[75.3794861574144,32.182832362518795],[75.60121838733758,32.09347332700299],[75.63791889435934,32.251570082146344],[75.93152295053348,32.39454453897164],[75.83671330739391,32.511398662338465]]]},"properties":{"district":"Pathankot","state":"Punjab"}},
{"type":"Feature","geometry":{"type":"Polygon","coordinates":[[[75.09199885241057,33.18640306908095],[74.9803681435527,32.92794924328139],[75.09199885241057,32.71623706682855],[75.28467651427484,32.642000329630804],[75.68226534034397,32.86196103243894],[75.3565483405258,33.06954894571413],[75.09199885241057,33.18640306908095]]]},"properties":{"district":"Udhampur","state":"Jammu and Kashmir"}},
{"type":"Feature","geometry":{"type":"Polygon","coordinates":[[[74.88861687599828,32.521021943086325],[75.20515874906101,32.417915363645],[75.28467651427484,32.642000329630804],[75.09199885241057,32.71623706682855],[74.88861687599828,32.521021943086325]]]},"properties":{"district":"Samba","state":"Jammu and Kashmir"}},
{"type":"Feature","geometry":{"type":"MultiPolygon","coordinates":[[[[75.78777929803155,31.364853498951014],[75.79848361257957,31.21638002455552],[75.89023488013399,31.275494463435205],[75.78777929803155,31.364853498951014]]],[[[75.40395316209558,31.593062728114464],[75.29079326544513,31.4913309030657],[74.96507626562695,31.153141322498175],[75.0782361622774,31.147642304927974],[75.41771585222874,31.24937412997674],[75.59816001175243,31.60543551764742],[75.47582498834655,31.64942765820905],[75.40395316209558,31.593062728114464]]]]},"properties":{"district":"Kapurthala","state":"Punjab"}},
{"type":"Feature","geometry":{"type":"Polygon","coordinates":[[[76.77716379982668,30.904310777446465],[76.83833131152963,30.754462548658417],[76.8276269969816,30.68160056585322],[76.90714476219543,30.458890354259974],[77.12276024094831,30.56337168809384],[77.0248922222236,30.74896353108821],[76.77716379982668,30.904310777446465]]]},"properties":{"district":"Panchkula","state":"Haryana"}},
{"type":"Feature","geometry":{"type":"Polygon","coordinates":[[[77.12276024094831,30.56337168809384],[76.90714476219543,30.458890354259974],[76.74810923176778,30.428645757623855],[76.64259527408021,30.14957061593602],[76.8169226824336,30.218308335563567],[77.06465110483052,30.126199791262657],[77.20839475733244,30.48776019650354],[77.12276024094831,30.56337168809384]]]},"properties":{"district":"Ambala","state":"Haryana"}},
{"type":"Feature","geometry":{"type":"Polygon","coordinates":[[[84.00869287090727,24.642304519377124],[84.32676393176257,24.489706781803974],[84.54696697389318,24.52682515040285],[84.73505707237973,24.764657660314153],[84.73352788458716,25.054730837142394],[84.4475697673759,25.12759281994759],[84.00869287090727,24.642304519377124]]]},"properties":{"district":"Aurangabad","state":"Bihar"}},
{"type":"Feature","geometry":{"type":"Polygon","coordinates":[[[82.81286801711471,23.96180109506443],[82.69359136929397,23.919183708895353],[83.06518400288935,23.769335480107305],[83.34808374451546,23.469639022531208],[83.24562816241304,23.231806512619904],[83.5545240965129,23.169942564955115],[83.79154820436182,23.251053074115617],[84.03774743896616,23.171317319347665],[84.07444794598793,23.33353833766867],[84.01633880987013,23.634609549637318],[83.7747271386435,23.6098639705714],[83.7059136879777,23.820201392631688],[83.32973349100459,24.102026043104622],[83.2073984675987,23.921933217680454],[82.94743654286118,23.87106730515607],[82.81286801711471,23.96180109506443]]]},"properties":{"district":"Balrampur","state":"Chhattisgarh"}},
{"type":"Feature","geometry":{"type":"Polygon","coordinates":[[[82.07427031330165,27.401436585226776],[82.45656726144506,27.15123128578251],[82.49326776846682,27.3588191990577],[82.7318210641083,27.486671357564934],[82.66453680123507,27.723129113083687],[82.44892132248219,27.67913697252206],[82.20730965125556,27.844107499628166],[82.02227792835416,27.580154656258394],[82.07427031330165,27.401436585226776]]]},"properties":{"district":"Balrampur","state":"Uttar Pradesh"}},
{"type":"Feature","geometry":{"type":"Polygon","coordinates":[[[79.9624619717575,26.149035333612908],[79.91658633798029,26.08992089473322],[79.78507618781896,25.863086419962322],[79.39819167629784,25.788849682764575],[79.39360411292012,25.519397821824597],[79.63980334752448,25.485028962010826],[79.78660537561154,25.589510295844693],[80.21477795753215,25.515273558646946],[80.34628810769348,25.898830034168647],[80.23618658662818,25.926325122019662],[79.9624619717575,26.149035333612908]]]},"properties":{"district":"Hamirpur","state":"Uttar Pradesh"}},
{"type":"Feature","geometry":{"type":"Polygon","coordinates":[[[76.3122907108843,31.72228964101425],[76.46215111455652,31.487206639888043],[76.73128816604947,31.582064692974058],[76.63953689849505,31.872137869802295],[76.3122907108843,31.72228964101425]]]},"properties":{"district":"Hamirpur","state":"Himachal Pradesh"}},
{"type":"Feature","geometry":{"type":"Polygon","coordinates":[[[74.27082500779854,23.949428305531473],[74.37633896548611,23.90406141057729],[74.56137068838753,23.805079094313626],[74.51855343019547,23.63598430402987],[74.77239860376268,23.542501005336405],[74.94060926094578,23.76521121692965],[74.90849631730173,24.212006394508695],[74.85497474456166,24.423718570961533],[74.69746840192657,24.48283300984122],[74.4298605382262,24.257373289462873],[74.22189099843618,24.09927653431952],[74.27082500779854,23.949428305531473]]]},"properties":{"district":"Pratapgarh","state":"Rajasthan"}},
{"type":"Feature","geometry":{"type":"Polygon","coordinates":[[[82.0482741208279,26.058301543704548],[81.76843275478693,26.067924824452405],[81.4457741305539,25.93457364837497],[81.33873098507375,25.81084575304539],[81.61092641215185,25.5977588222],[82.02227792835416,25.743482787810393],[82.15072970293033,25.673370313790297],[82.43362944455646,26.006060876787615],[82.0482741208279,26.058301543704548]]]},"properties":{"district":"Pratapgarh","state":"Uttar Pradesh"}},
{"type":"Feature","geometry":{"type":"Polygon","coordinates":[[[76.73128816604947,31.582064692974058],[76.46215111455652,31.487206639888043],[76.39180847609813,31.412969902690296],[76.64565364966535,31.209506252592764],[76.87656100634396,31.351105955025506],[76.73128816604947,31.582064692974058]]]},"properties":{"district":"Bilaspur","state":"Himachal Pradesh"}},
{"type":"Feature","geometry":{"type":"Polygon","coordinates":[[[78.55866757817493,25.21282759228575],[78.63971453118134,25.071227889853006],[78.87979701461539,25.15783741658371],[78.96084396762178,25.344804013970634],[78.73146579873575,25.457533874159807],[78.55866757817493,25.21282759228575]]]},"properties":{"district":"Niwari","state":"Madhya Pradesh"}},
{"type":"Feature","geometry":{"type":"Polygon","coordinates":[[[74.14696079660007,35.0973116747267],[73.96345826149124,34.841607357712235],[73.74937197053094,34.786617182010204],[73.39001283927614,34.37419086424493],[73.48788085800085,34.144606880688926],[73.89464481082543,34.06487112592097],[73.99404201734272,34.2573367408781],[73.89311562303286,34.44980235583523],[73.9772209516244,34.68626011135399],[74.31975901716089,34.786617182010204],[74.56748743955782,34.8732267087409],[74.48644048655142,35.10968446425966],[74.14696079660007,35.0973116747267]]]},"properties":{"district":"Muzaffarabad","state":"Jammu and Kashmir"}},
{"type":"Feature","geometry":{"type":"Polygon","coordinates":[[[73.59798237906615,33.712934001427946],[73.56434024762953,33.34175031543921],[73.688204458828,33.087420752817295],[74.38245571665641,32.757479698605074],[74.4466816039445,32.78909904963375],[74.33352170729405,32.954069576739855],[74.00168795630559,33.21802242010963],[74.16684023790353,33.411862789459306],[73.95275394694323,33.62220021151958],[73.59798237906615,33.712934001427946]]]},"properties":{"district":"Mirpur","state":"Jammu and Kashmir"}},
{"type":"Feature","geometry":{"type":"Polygon","coordinates":[[[93.12265211464597,23.006346792241555],[93.1960531286895,23.055837950373387],[93.3581470347023,23.330788828883566],[93.39025997834635,23.497134110382227],[93.39637672951665,23.926057480858105],[93.25263307701472,24.02091553394412],[93.2067574432375,24.047035867402585],[92.97585008655889,24.11577358703013],[93.00949221799551,24.412720535821126],[92.89633232134507,24.39072446554031],[92.7617637955986,24.51307760647734],[92.53238562671255,24.17763753469492],[92.42228410564725,24.250499517500117],[92.29536151886364,24.245000499929915],[92.32441608692254,23.913684691325148],[92.26477776301218,23.726718093938228],[92.40240466434379,23.266175372433676],[92.37182090849232,22.93623431822146],[92.50944780982395,22.741019194479232],[92.6057866407561,22.12375447222388],[92.85504425094558,22.06326527895164],[93.1608818094603,22.180119402318468],[93.18840718972663,22.424825684192527],[93.09665592217222,22.786386089433414],[93.12265211464597,23.006346792241555]]]},"properties":{"state":"Mizoram"},"id":"Mizoram"},
{"type":"Feature","geometry":{"type":"Polygon","coordinates":[[[80.0083376055347,12.254392688100985],[80.13831856790347,12.411114688851786],[80.24994927676134,12.857909866430829],[80.30041247391627,13.142484025688866],[80.26829953027223,13.56453362420199],[80.03739217359362,13.538413290743524],[79.94564090603919,13.363819482889559],[79.53428938983689,13.275835201766302],[79.28350259185483,13.123237464193153],[79.22845183132218,13.157606324006924],[79.1626967562415,13.020130884751834],[78.89203051695598,13.095742376342134],[78.62136427767045,12.991261042508267],[78.60301402415956,12.84416232250532],[78.41186555008787,12.626951128482279],[78.23142139056418,12.760302304559715],[77.86594550813909,12.870282655963788],[77.8307741889099,12.866158392786133],[77.60139602002386,12.668193760258806],[77.61515871015702,12.367122548290158],[77.4714150576551,12.243394652960578],[77.74666886031835,12.15541037183732],[77.67632622185997,11.951946721739787],[77.29250008592399,11.808972264914495],[76.90867394998801,11.795224720988985],[76.84750643828507,11.594510579676554],[76.41780466857188,11.671496825659403],[76.23430213346305,11.52714761444156],[76.54778563094064,11.35942757855035],[76.44227167325306,11.201330823406998],[76.7068211613683,11.239823946398422],[76.65635796421337,10.938752734429777],[76.90714476219543,10.782030733678972],[76.8337437481519,10.339359819277584],[76.8918528842697,10.259624064509632],[77.05088841469735,10.262373573294735],[77.09064729730427,10.314614240211668],[77.28791252254626,10.232128976658615],[77.2680330812428,10.122148625254543],[77.16710668693295,9.61211474561816],[77.40260160698928,9.525505218887453],[77.33990490749376,9.419649130661034],[77.28179577137597,9.298670744116555],[77.20380719395472,9.070461514953106],[77.25579957890221,8.87937065438853],[77.19921963057699,8.770765057377009],[77.26956226903538,8.578299442419883],[77.09829323626714,8.292350528769298],[77.44541886518135,8.094385896241969],[77.58916251768326,8.139752791196148],[77.79407368188812,8.163123615869512],[77.9699302780341,8.334967914938375],[78.1427284985949,8.501313196437033],[78.1717830666538,8.883494917566184],[78.38434016982154,9.09383233962647],[79.06482873751679,9.298670744116555],[78.89967645591885,9.469140288792866],[79.1168211224643,9.849947255529464],[79.2269226435296,10.137270923572602],[79.47159269034137,10.315988994604218],[79.76825512210065,10.271996854042591],[79.87223989199566,10.359981135165848],[79.84930207510706,10.827397628633154],[79.72390867611603,10.92912945368192],[79.7483756807972,10.996492418916914],[79.85083126289963,10.985494383776505],[79.81260156808528,11.424041035000243],[79.80801400470757,11.844715879120816],[79.68567898130168,11.880459493327141],[79.84012694835161,11.956070984917439],[80.0083376055347,12.254392688100985]]]},"properties":{"state":"Tamil Nadu"},"id":"Tamil Nadu"},
{"type":"Feature","geometry":{"type":"Polygon","coordinates":[[[75.60886432630045,21.389635626601702],[75.98657371106613,21.36901431071344],[76.38263334934268,21.076191625100094],[76.66247471538367,21.281030029590177],[76.78175136320439,21.55873041688546],[77.06159272924538,21.712702908851163],[77.47906099661796,21.7704425933383],[77.5753998275501,21.52711106585679],[77.48823612337341,21.37451332828364],[78.02956860194446,21.42125497763037],[78.34305209942205,21.58897501352158],[78.4332741791839,21.49686646922067],[78.89967645591885,21.50099073239832],[79.23456858249247,21.718201926421365],[79.50982238515572,21.595848785484336],[79.53887695321461,21.540858609782298],[79.73920055404176,21.602722557447088],[79.91811552577286,21.52436155707169],[80.26829953027223,21.61784485576515],[80.42274749732216,21.440501539126082],[80.66130079296364,21.333270696507114],[80.71482236570372,21.661836996326777],[80.84633251586504,21.835056049788193],[80.90750002756799,22.110006928298368],[81.04512692889962,22.240608595590707],[81.19345814477926,22.490813895034968],[81.4748286986128,22.489439140642418],[81.72867387218002,22.669531966066586],[81.73173224776517,22.67640573802934],[81.95040610210319,22.98297596756819],[82.12320432266401,23.10395435411267],[82.19966371229269,23.314291776172958],[81.98557742133238,23.414648846829174],[81.91676397066658,23.534252478981102],[81.61092641215185,23.512256408700285],[81.69656092853597,23.721219076368023],[81.60328047318899,23.88481484908158],[82.20883883904813,23.85319549805291],[82.49785533184455,23.784457778425363],[82.69359136929397,23.919183708895353],[82.81286801711471,23.96180109506443],[82.7440545664489,24.165264745161963],[82.79757613918898,24.576316308534683],[82.52385152431829,24.6766733791909],[82.2975317310174,24.606560905170802],[82.09414975460511,24.81689832723109],[81.54058377369347,25.18808201321983],[81.12005713073572,24.903507853961795],[80.71482236570372,25.0657288722828],[80.4777982578548,24.97636983676699],[80.2637119668945,25.024486240506274],[80.43039343628503,25.174334469294323],[80.10467643646685,25.350303031540836],[79.67344547896109,25.12071904798484],[79.28044421626967,25.32418269808237],[79.32326147446173,25.149588890228404],[78.87979701461539,25.15783741658371],[78.96084396762178,25.344804013970634],[78.73146579873575,25.457533874159807],[78.55866757817493,25.21282759228575],[78.63971453118134,25.071227889853006],[78.98531097230297,24.441590378064692],[78.99142772347327,24.416844798998778],[78.80639600057185,24.17901228908747],[78.58619295844126,24.353606096941437],[78.26812189758594,24.449838904419998],[78.19013332016469,24.841643906297005],[78.37363585527352,25.09872297770402],[78.44703686931706,25.12209380237739],[78.39045692099184,25.205953820322993],[78.45162443269479,25.57163848874153],[78.65806478469221,25.559265699208574],[78.88591376578569,25.912577578094155],[78.93790615073318,25.95244545547813],[79.13517137597518,26.4404832648337],[79.006719601399,26.67144200278225],[78.78039980809811,26.769049564653365],[78.54490488804177,26.76355054708316],[78.22224626380874,26.832288266710705],[77.37507622672297,26.3648717732434],[77.11970186536317,26.213648790062802],[76.85209400166279,26.032181210246083],[76.54625644314807,25.838340840896407],[76.51567268729659,25.527646348179903],[76.59366126471785,25.408042716027975],[76.94537445700978,25.284314820698395],[77.0830013583414,25.33655548761533],[77.36743028776009,25.410792224813076],[77.31237952722745,25.080851170600862],[76.87656100634396,25.040983293216886],[77.06923866820824,24.55706974703897],[76.84444806269991,24.43609136049449],[76.88114856972169,24.130895885348192],[76.32146583763975,24.245000499929915],[76.21289350436702,24.20925688572359],[75.93763970170377,23.89718763861454],[75.68991127930684,23.74733940982649],[75.46206229821338,23.917808954502803],[75.83671330739391,24.05665914815044],[75.72814097412119,24.396223483110514],[75.92081863598546,24.54332220311346],[75.78472092244641,24.761908151529052],[75.54922600239007,24.702793712649363],[75.18375011996498,24.748160607603545],[75.35196077714808,25.01898722293607],[75.19139605892785,25.03685903003923],[74.99260164589327,24.693170431901507],[74.69746840192657,24.48283300984122],[74.85497474456166,24.423718570961533],[74.90849631730173,24.212006394508695],[74.94060926094578,23.76521121692965],[74.77239860376268,23.542501005336405],[74.52925774474348,23.321165548135713],[74.73416890894833,23.220808477479498],[74.31975901716089,23.059962213551042],[74.46503185745539,22.816630686069534],[74.37939734107127,22.63516310625281],[74.05826790463081,22.549928333914657],[74.18977805479214,22.32034435035866],[74.14696079660007,21.950535418762467],[74.43291891381133,22.03027117353042],[74.5047907400623,21.72645045277667],[74.77545697934782,21.61509534698005],[75.05223996980365,21.566978943240766],[75.21127550023131,21.411631696882516],[75.60886432630045,21.389635626601702]]]},"properties":{"state":"Madhya Pradesh"},"id":"Madhya Pradesh"},
{"type":"Feature","geometry":{"type":"Polygon","coordinates":[[[79.806484816915,19.579084091612167],[79.97775384968324,19.398991266188],[79.92881984032088,19.158409247491594],[79.91352796239515,18.825718684494277],[80.11843912660001,18.679994718883883],[80.2759454692351,18.71986259626786],[80.27135790585737,18.942572807861104],[80.48238582123253,19.33712731852321],[80.85244926703534,19.364622406374227],[80.8952665252274,19.519969652732478],[80.67200510751165,19.702811986941747],[80.46862313109936,19.82653988227133],[80.54508252072804,20.10011600638896],[80.62612947373445,20.33244949873006],[80.56190358644636,20.823236816870732],[80.46403556772165,21.17517394136376],[80.66130079296364,21.333270696507114],[80.42274749732216,21.440501539126082],[80.26829953027223,21.61784485576515],[79.91811552577286,21.52436155707169],[79.73920055404176,21.602722557447088],[79.53887695321461,21.540858609782298],[79.50982238515572,21.595848785484336],[79.23456858249247,21.718201926421365],[78.89967645591885,21.50099073239832],[78.4332741791839,21.49686646922067],[78.34305209942205,21.58897501352158],[78.02956860194446,21.42125497763037],[77.48823612337341,21.37451332828364],[77.5753998275501,21.52711106585679],[77.47906099661796,21.7704425933383],[77.06159272924538,21.712702908851163],[76.78175136320439,21.55873041688546],[76.66247471538367,21.281030029590177],[76.38263334934268,21.076191625100094],[75.98657371106613,21.36901431071344],[75.60886432630045,21.389635626601702],[75.21127550023131,21.411631696882516],[75.05223996980365,21.566978943240766],[74.77545697934782,21.61509534698005],[74.5047907400623,21.72645045277667],[74.43291891381133,22.03027117353042],[74.14696079660007,21.950535418762467],[73.93899125681007,21.87354917277962],[73.83500648691506,21.520237293894034],[73.98180851500213,21.521612048286585],[74.04603440229022,21.446000556696287],[73.8151270456116,21.17379918697121],[73.80748110664874,21.008828659865102],[73.84876917704823,20.999205379117246],[73.84876917704823,20.997830624724692],[73.88852805965513,20.9332171682748],[73.94204963239521,20.83973386958134],[73.74478440715322,20.564782991071162],[73.47411816786769,20.720130237429416],[73.40683390499444,20.62389742995085],[73.4160090317499,20.204597340222826],[73.24932756235937,20.122112076669772],[73.21109786754502,20.120737322277222],[72.96184025735553,20.208721603400477],[72.77527934666155,20.13173535741763],[72.65447351104824,19.836163163019187],[72.79821716355015,19.304133213101988],[72.78445447341699,19.264265335718015],[72.8364468583645,18.864211807485702],[72.89455599448229,18.46278352486084],[73.04441639815451,17.981619487468024],[73.28908644496629,17.115524220160957],[73.34719558108408,16.529878848934278],[73.51081867488945,15.93735970574484],[73.68514608324284,15.728397038077103],[73.93899125681007,15.742144582002613],[74.11790622854117,15.651410792094254],[74.20965749609559,15.780637704994037],[74.34575520963465,15.764140652283427],[74.48032373538112,16.249428952853894],[74.31670064157575,16.32641519883674],[74.31517145378317,16.554624428000192],[74.695939214134,16.715470691928648],[75.08894047682541,16.9519284474474],[75.34125646260006,16.956052710625055],[75.66544427462567,16.97942353529842],[75.60427676292272,17.305240326332985],[75.63333133098162,17.477084625401844],[75.93152295053348,17.323112133436144],[76.07526660303539,17.33685967736165],[76.38263334934268,17.314863607080838],[76.4285089831199,17.643429906900504],[76.68541253227227,17.681923029891927],[76.74046329280492,17.89913422391497],[76.91937826453602,17.915631276625582],[77.26497470565766,18.422915647476863],[77.55093282286893,18.292313980184527],[77.59680845664613,18.549393051591544],[77.73902292135548,18.5562668235543],[77.94852164893805,18.84359049159744],[77.79713205747328,19.073174475153436],[77.86288713255394,19.304133213101988],[78.19319169574985,19.316506002634945],[78.30940996798543,19.48147652974105],[78.30635159240029,19.911774654609488],[78.43174499139133,19.814167092738373],[78.84156731980104,19.761926425821436],[78.93637696294061,19.5502142493686],[79.25291883600335,19.592831635537678],[79.47159269034137,19.500723091236765],[79.806484816915,19.579084091612167]]]},"properties":{"state":"Maharashtra"},"id":"Maharashtra"},
{"type":"Feature","geometry":{"type":"Polygon","coordinates":[[[82.01769036497643,20.049250093864575],[82.44586294689704,19.910399900216934],[82.59419416277669,19.775673969746947],[82.71805837397514,19.988760900592336],[82.39845812532727,20.05612386582733],[82.43821700793417,20.434181323778827],[82.33881980141689,20.874102729395112],[82.4596256370302,20.825986325655833],[82.63854060876132,21.088564414633055],[82.96578679637207,21.17517394136376],[83.19210658967296,21.139430327157434],[83.26856597930164,21.37726283706874],[83.48723983363966,21.643965189223614],[83.59122460353467,21.825432769040333],[83.5377030307946,22.045393471848477],[83.80225251890982,22.29422401690019],[84.01022205869984,22.37121026288304],[84.01175124649241,22.527932263633843],[84.29312180032596,22.772638545507903],[84.03774743896616,23.171317319347665],[84.07444794598793,23.33353833766867],[84.01633880987013,23.634609549637318],[83.7747271386435,23.6098639705714],[83.7059136879777,23.820201392631688],[83.32973349100459,24.102026043104622],[83.2073984675987,23.921933217680454],[82.94743654286118,23.87106730515607],[82.81286801711471,23.96180109506443],[82.69359136929397,23.919183708895353],[82.49785533184455,23.784457778425363],[82.20883883904813,23.85319549805291],[81.60328047318899,23.88481484908158],[81.69656092853597,23.721219076368023],[81.61092641215185,23.512256408700285],[81.91676397066658,23.534252478981102],[81.98557742133238,23.414648846829174],[82.19966371229269,23.314291776172958],[82.12320432266401,23.10395435411267],[81.95040610210319,22.98297596756819],[81.73173224776517,22.67640573802934],[81.72867387218002,22.669531966066586],[81.4748286986128,22.489439140642418],[81.19345814477926,22.490813895034968],[81.04512692889962,22.240608595590707],[80.90750002756799,22.110006928298368],[80.84633251586504,21.835056049788193],[80.71482236570372,21.661836996326777],[80.66130079296364,21.333270696507114],[80.46403556772165,21.17517394136376],[80.56190358644636,20.823236816870732],[80.62612947373445,20.33244949873006],[80.54508252072804,20.10011600638896],[80.46862313109936,19.82653988227133],[80.67200510751165,19.702811986941747],[80.8952665252274,19.519969652732478],[80.85244926703534,19.364622406374227],[80.48238582123253,19.33712731852321],[80.27135790585737,18.942572807861104],[80.2759454692351,18.71986259626786],[80.37228430016722,18.611256999256334],[80.70564723894827,18.439412700187475],[80.7561104361032,18.169960839247498],[80.97937185381895,18.165836576069843],[81.08488581150652,17.797402398866204],[81.39684012119154,17.818023714754467],[81.52987945914545,18.240073313267594],[81.91064721949628,18.570014367479807],[81.89994290494826,18.66074815738817],[82.09109137901996,18.737734403371018],[82.2455393460699,18.919201983187737],[82.20578046346299,19.12129087889272],[82.18895939774467,19.42786110843157],[82.02839467952444,19.507596863199524],[82.06509518654622,19.79079626806501],[81.8693591490968,19.902151373861628],[81.87547590026709,20.051999602649676],[82.01769036497643,20.049250093864575]]]},"properties":{"state":"Chhattisgarh"},"id":"Chhattisgarh"},
{"type":"Feature","geometry":{"type":"Polygon","coordinates":[[[72.73552046405463,21.474870398939856],[72.62083137961162,21.09956244977346],[72.75081234198038,21.062444081174586],[72.85479711187537,20.750374834065532],[72.88691005551942,20.461676411629846],[72.82880091940163,20.368193112936382],[72.77527934666155,20.13173535741763],[72.96184025735553,20.208721603400477],[73.04288721036193,20.325575726767305],[73.21109786754502,20.120737322277222],[73.24932756235937,20.122112076669772],[73.4160090317499,20.204597340222826],[73.40683390499444,20.62389742995085],[73.47411816786769,20.720130237429416],[73.74478440715322,20.564782991071162],[73.94204963239521,20.83973386958134],[73.88852805965513,20.9332171682748],[73.84876917704823,20.997830624724692],[73.84876917704823,20.999205379117246],[73.80748110664874,21.008828659865102],[73.8151270456116,21.17379918697121],[74.04603440229022,21.446000556696287],[73.98180851500213,21.521612048286585],[73.83500648691506,21.520237293894034],[73.93899125681007,21.87354917277962],[74.14696079660007,21.950535418762467],[74.18977805479214,22.32034435035866],[74.05826790463081,22.549928333914657],[74.37939734107127,22.63516310625281],[74.46503185745539,22.816630686069534],[74.31975901716089,23.059962213551042],[73.98180851500213,23.337662600846322],[73.95887069811351,23.3802799870154],[73.62703694712505,23.449017706642945],[73.65609151518395,23.620862005711807],[73.36860421018011,23.814702375061483],[73.37777933693555,23.90406141057729],[73.40530471720187,24.041536849832383],[73.06735421504311,24.194134587405532],[73.15145954363466,24.354980851333988],[73.00159913996245,24.480083501056118],[72.95878188177038,24.36047986890419],[72.35322351591124,24.56394351900172],[72.33487326240035,24.632681238629267],[72.05809027194452,24.71241699339722],[71.28737962448743,24.61618418591866],[71.18798241797015,24.65055304573243],[71.11152302834147,24.675298624798344],[70.98612962935043,24.365978886474394],[70.80568546982674,24.220254920863997],[70.57171973756299,24.25187427189267],[70.57324892535556,24.42234381656898],[70.10990502420576,24.294491658061748],[70.02579969561421,24.170763762732168],[69.73219563944008,24.170763762732168],[69.59456873810845,24.293116903669198],[69.19392153645416,24.23675197357461],[68.76421976674098,24.2958664124543],[68.75351545219296,23.971424375812287],[68.33910556040551,23.96592535824208],[68.20912459803677,23.875191568333722],[68.14184033516352,23.601615444216094],[68.31005099234662,23.57824461954273],[68.55013347578067,23.355534407949484],[68.63270961657965,23.169942564955115],[69.13122483695865,22.87437037055667],[69.64809031084852,22.79600937018127],[70.08085045614685,22.91973726551085],[70.31175781282548,23.215309459909292],[70.68946719759116,23.117701898038177],[70.49678953572688,22.933484809436358],[70.39892151700217,22.90461496719279],[70.12519690213149,22.552677842699758],[69.75360426853611,22.41795191222977],[69.34072356454124,22.31209582400335],[69.00583143796761,22.43994798251059],[68.9660725553607,22.23373482362795],[69.21685935334277,21.957409190725222],[69.39577432507387,21.888671471097677],[69.98145324962957,21.227414608280696],[70.2398859865745,20.99233160715449],[70.82709409892277,20.689885640793293],[70.92037455426977,20.74212630771023],[70.99989231948359,20.74212630771023],[71.20633267148104,20.79574172901971],[71.6773225115937,20.99645587033214],[72.11314103247717,21.198544766037124],[72.3088770699266,21.6247186277279],[72.19418798548358,21.749821277450035],[72.2446511826385,21.994527559324098],[72.37616133279984,22.314845332788455],[72.9465483794298,22.29284926250764],[72.86703061421596,22.21448826213224],[72.56730980687153,22.181494156711018],[72.54284280219036,21.733324224739427],[72.73552046405463,21.474870398939856]]]},"properties":{"state":"Gujarat"},"id":"Gujarat"},
{"type":"Feature","geometry":{"type":"Polygon","coordinates":[[[85.68315350377537,22.05776626138144],[85.3971953865641,22.163622349607856],[85.23815985613645,22.009649857642156],[85.02866112855386,22.12237971783133],[85.06994919895335,22.490813895034968],[84.42921951386501,22.351963701387326],[84.19678296939382,22.3780840348458],[84.01175124649241,22.527932263633843],[84.01022205869984,22.37121026288304],[83.80225251890982,22.29422401690019],[83.5377030307946,22.045393471848477],[83.59122460353467,21.825432769040333],[83.48723983363966,21.643965189223614],[83.26856597930164,21.37726283706874],[83.19210658967296,21.139430327157434],[82.96578679637207,21.17517394136376],[82.63854060876132,21.088564414633055],[82.4596256370302,20.825986325655833],[82.33881980141689,20.874102729395112],[82.43821700793417,20.434181323778827],[82.39845812532727,20.05612386582733],[82.71805837397514,19.988760900592336],[82.59419416277669,19.775673969746947],[82.44586294689704,19.910399900216934],[82.01769036497643,20.049250093864575],[81.87547590026709,20.051999602649676],[81.8693591490968,19.902151373861628],[82.06509518654622,19.79079626806501],[82.02839467952444,19.507596863199524],[82.18895939774467,19.42786110843157],[82.20578046346299,19.12129087889272],[82.2455393460699,18.919201983187737],[82.09109137901996,18.737734403371018],[81.89994290494826,18.66074815738817],[81.91064721949628,18.570014367479807],[81.52987945914545,18.240073313267594],[81.39684012119154,17.818023714754467],[81.61704316332215,17.82352273232467],[81.9794606701621,18.013238838496697],[82.31894036011343,18.044858189525364],[82.42751269338616,18.486154349534203],[82.77310913450779,18.34180513831636],[83.07741750522995,18.40366908598115],[82.99942892780868,18.608507490471233],[83.41230963180357,18.873835088233555],[83.34808374451546,19.018184299451402],[83.66309642978564,19.099294808611905],[83.75637688513262,18.91095345683243],[83.79307739215439,19.018184299451402],[83.8909454108791,18.81609540374642],[84.3191179927997,18.7886003158954],[84.42310276269471,18.949446579823856],[84.70141494094311,19.118541370107618],[85.17240478105577,19.467728985815548],[85.67856594039765,19.745429373110827],[86.36975882264092,19.98188712862958],[86.7765227754655,20.33519900751516],[86.80557734352439,20.735252535747474],[86.97684637629264,20.860355185469604],[86.85909891626447,21.213667064355185],[87.14811540906088,21.50923925875363],[87.48453672342708,21.61509534698005],[87.44171946523501,21.767693084553198],[87.24292505220045,21.964282962687975],[87.10071058749111,21.86392589203176],[87.02883876124014,22.038519699885725],[86.72758876610314,22.21586301652479],[86.06697963971135,22.556802105877413],[85.96299486981634,22.485314877464766],[86.00887050359354,22.115505945868577],[85.89723979473567,21.983529524183687],[85.68315350377537,22.05776626138144]]]},"properties":{"state":"Odisha"},"id":"Odisha"},
{"type":"Feature","geometry":{"type":"Polygon","coordinates":[[[80.26829953027223,13.56453362420199],[80.1306726289406,14.228539995804073],[80.19642770402126,14.585976137867307],[80.04045054917876,15.009400490772984],[80.12302668997773,15.368211387228769],[80.41815993394444,15.7985095120972],[80.67965104647453,15.885119038827906],[80.83104063793931,15.70640096779629],[81.00842642187786,15.75451737153557],[81.21333758608272,16.208186321077367],[81.55281727603405,16.347036514725005],[81.71491118204686,16.311292900518684],[82.3143527967357,16.558748691177847],[82.31894036011343,17.05778453567382],[82.54220177782918,17.248875396238397],[83.1615228338215,17.559569888954897],[83.51935277728371,17.950000136439353],[83.66309642978564,18.07922704933914],[84.12796951872801,18.31293529607279],[84.76411164043863,19.074549229545987],[84.70141494094311,19.118541370107618],[84.42310276269471,18.949446579823856],[84.3191179927997,18.7886003158954],[83.8909454108791,18.81609540374642],[83.79307739215439,19.018184299451402],[83.75637688513262,18.91095345683243],[83.66309642978564,19.099294808611905],[83.34808374451546,19.018184299451402],[83.41230963180357,18.873835088233555],[82.99942892780868,18.608507490471233],[83.07741750522995,18.40366908598115],[82.77310913450779,18.34180513831636],[82.42751269338616,18.486154349534203],[82.31894036011343,18.044858189525364],[81.9794606701621,18.013238838496697],[81.61704316332215,17.82352273232467],[81.39684012119154,17.818023714754467],[81.08488581150652,17.797402398866204],[80.91055840315315,17.6379308893303],[81.30967641701486,17.409721660166852],[81.1735787034758,17.231003589135234],[80.94114215900461,17.218630799602277],[80.87691627171652,17.07015732520678],[80.50532363812113,17.06878257081423],[80.56954952540923,16.76771135884558],[80.05574242710449,16.971175008943113],[80.07256349282281,16.817202516977414],[79.94869928162434,16.635734937160695],[79.67956223013138,16.693474621647834],[79.25750639938107,16.5656224631406],[79.21010157781129,16.356659795472865],[79.21468914118901,16.226058128180526],[78.92261427280745,16.12295154873921],[78.74064092549119,16.008846934157486],[78.60148483636699,16.084458425747783],[78.25588839524536,16.008846934157486],[78.24824245628248,15.971728565558612],[78.08309017468454,15.841126898266277],[77.51423231584715,15.927736424996983],[77.24815363993935,15.964854793595858],[77.02642141001618,15.837002635088623],[77.06312191703795,15.328343509844792],[77.15640237238493,15.14000215806532],[76.76034273410838,14.988779174884721],[76.86738587958853,14.969532613389008],[76.76493029748609,14.602473190577918],[77.00501278092014,14.235413767766829],[77.13805211887404,14.337145592815595],[77.36437191217495,14.275281645150805],[77.32155465398289,14.030575363276744],[77.02795059780875,14.062194714305416],[77.00348359312757,14.198295399167954],[76.94843283259492,14.095188819726637],[77.04171328794192,13.932967801405631],[77.43318536284076,13.843608765889822],[77.45612317972936,13.682762501961367],[77.9699302780341,13.959088134864098],[78.1259074328766,13.787243835795236],[78.19625007133499,13.568657887379644],[78.36446072851808,13.362444728497008],[78.58619295844126,13.275835201766302],[78.46691631062052,12.974763989797655],[78.23142139056418,12.760302304559715],[78.41186555008787,12.626951128482279],[78.60301402415956,12.84416232250532],[78.62136427767045,12.991261042508267],[78.89203051695598,13.095742376342134],[79.1626967562415,13.020130884751834],[79.22845183132218,13.157606324006924],[79.28350259185483,13.123237464193153],[79.53428938983689,13.275835201766302],[79.94564090603919,13.363819482889559],[80.03739217359362,13.538413290743524],[80.26829953027223,13.56453362420199]],[[82.18590102215953,16.737466762209465],[82.27000635075107,16.722344463891403],[82.26694797516593,16.694849376040384],[82.23942259489961,16.7168454463212],[82.19966371229269,16.720969709498853],[82.18590102215953,16.737466762209465]]]},"properties":{"state":"Andhra Pradesh"},"id":"Andhra Pradesh"},
{"type":"Feature","geometry":{"type":"Polygon","coordinates":[[[77.28791252254626,16.4089004623898],[77.41636429712244,16.51750605940132],[77.4591815553145,16.88456548221241],[77.46682749427738,16.954677956232505],[77.37966379010068,17.22275506277993],[77.51270312805458,17.430342976055115],[77.6855013486154,17.51145348521562],[77.44388967738877,17.584315468020815],[77.65644678055651,17.969246697935066],[77.60139602002386,18.27581692747392],[77.55093282286893,18.292313980184527],[77.26497470565766,18.422915647476863],[76.91937826453602,17.915631276625582],[76.74046329280492,17.89913422391497],[76.68541253227227,17.681923029891927],[76.4285089831199,17.643429906900504],[76.38263334934268,17.314863607080838],[76.07526660303539,17.33685967736165],[75.93152295053348,17.323112133436144],[75.63333133098162,17.477084625401844],[75.60427676292272,17.305240326332985],[75.66544427462567,16.97942353529842],[75.34125646260006,16.956052710625055],[75.08894047682541,16.9519284474474],[74.695939214134,16.715470691928648],[74.31517145378317,16.554624428000192],[74.31670064157575,16.32641519883674],[74.48032373538112,16.249428952853894],[74.34575520963465,15.764140652283427],[74.20965749609559,15.780637704994037],[74.11790622854117,15.651410792094254],[74.2784709467614,15.522183879194468],[74.25094556649508,15.491939282558349],[74.32281739274605,15.368211387228769],[74.29682120027229,15.041019841801655],[74.08579328489714,14.900794893761462],[74.26317906883567,14.719327313944746],[74.51549505461031,13.986583222715115],[74.58277931748356,13.926094029442876],[74.77698616714041,13.07099679727622],[74.86873743469482,12.758927550167165],[75.41618666443617,12.499098969975044],[75.4146574766436,12.290136302307308],[75.93611051391119,11.94094868659938],[76.11349629784974,11.979441809590806],[76.41321710519416,11.758106352390111],[76.41780466857188,11.671496825659403],[76.84750643828507,11.594510579676554],[76.90867394998801,11.795224720988985],[77.29250008592399,11.808972264914495],[77.67632622185997,11.951946721739787],[77.74666886031835,12.15541037183732],[77.4714150576551,12.243394652960578],[77.61515871015702,12.367122548290158],[77.60139602002386,12.668193760258806],[77.8307741889099,12.866158392786133],[77.86594550813909,12.870282655963788],[78.23142139056418,12.760302304559715],[78.46691631062052,12.974763989797655],[78.58619295844126,13.275835201766302],[78.36446072851808,13.362444728497008],[78.19625007133499,13.568657887379644],[78.1259074328766,13.787243835795236],[77.9699302780341,13.959088134864098],[77.45612317972936,13.682762501961367],[77.43318536284076,13.843608765889822],[77.04171328794192,13.932967801405631],[76.94843283259492,14.095188819726637],[77.00348359312757,14.198295399167954],[77.02795059780875,14.062194714305416],[77.32155465398289,14.030575363276744],[77.36437191217495,14.275281645150805],[77.13805211887404,14.337145592815595],[77.00501278092014,14.235413767766829],[76.76493029748609,14.602473190577918],[76.86738587958853,14.969532613389008],[76.76034273410838,14.988779174884721],[77.15640237238493,15.14000215806532],[77.06312191703795,15.328343509844792],[77.02642141001618,15.837002635088623],[77.24815363993935,15.964854793595858],[77.51423231584715,15.927736424996983],[77.50046962571399,16.221933865002875],[77.59375008106099,16.342912251547354],[77.28791252254626,16.4089004623898]]]},"properties":{"state":"Karnataka"},"id":"Karnataka"},
{"type":"Feature","geometry":{"type":"Polygon","coordinates":[[[73.93440369343234,15.432824843678661],[73.88394049627742,15.35446384330326],[74.08579328489714,14.900794893761462],[74.29682120027229,15.041019841801655],[74.32281739274605,15.368211387228769],[74.25094556649508,15.491939282558349],[74.2784709467614,15.522183879194468],[74.11790622854117,15.651410792094254],[73.93899125681007,15.742144582002613],[73.68514608324284,15.728397038077103],[73.76619303624925,15.494688791343451],[73.93440369343234,15.432824843678661]]]},"properties":{"state":"Goa"},"id":"Goa"},
{"type":"Feature","geometry":{"type":"Polygon","coordinates":[[[76.41780466857188,11.671496825659403],[76.41321710519416,11.758106352390111],[76.11349629784974,11.979441809590806],[75.93611051391119,11.94094868659938],[75.4146574766436,12.290136302307308],[75.41618666443617,12.499098969975044],[74.86873743469482,12.758927550167165],[75.1653998664541,12.089422160994877],[75.5538135657678,11.701741422295523],[75.8260089928459,11.122969823031596],[75.95751914300723,10.685797926200411],[76.21442269215959,10.193635853667189],[76.28017776724026,9.789458062257225],[76.31993664984716,9.482887832718376],[76.47897218027482,9.12270218187004],[76.68235415668711,8.776264074947214],[77.09829323626714,8.292350528769298],[77.26956226903538,8.578299442419883],[77.19921963057699,8.770765057377009],[77.25579957890221,8.87937065438853],[77.20380719395472,9.070461514953106],[77.28179577137597,9.298670744116555],[77.33990490749376,9.419649130661034],[77.40260160698928,9.525505218887453],[77.16710668693295,9.61211474561816],[77.2680330812428,10.122148625254543],[77.28791252254626,10.232128976658615],[77.09064729730427,10.314614240211668],[77.05088841469735,10.262373573294735],[76.8918528842697,10.259624064509632],[76.8337437481519,10.339359819277584],[76.90714476219543,10.782030733678972],[76.65635796421337,10.938752734429777],[76.7068211613683,11.239823946398422],[76.44227167325306,11.201330823406998],[76.54778563094064,11.35942757855035],[76.23430213346305,11.52714761444156],[76.41780466857188,11.671496825659403]],[[75.55534275356037,11.722362738183786],[75.53699250004948,11.719613229398686],[75.5415800634272,11.738859790894399],[75.55534275356037,11.722362738183786]]]},"properties":{"state":"Kerala"},"id":"Kerala"},
{"type":"Feature","geometry":{"type":"Polygon","coordinates":[[[79.806484816915,19.579084091612167],[79.47159269034137,19.500723091236765],[79.25291883600335,19.592831635537678],[78.93637696294061,19.5502142493686],[78.84156731980104,19.761926425821436],[78.43174499139133,19.814167092738373],[78.30635159240029,19.911774654609488],[78.30940996798543,19.48147652974105],[78.19319169574985,19.316506002634945],[77.86288713255394,19.304133213101988],[77.79713205747328,19.073174475153436],[77.94852164893805,18.84359049159744],[77.73902292135548,18.5562668235543],[77.59680845664613,18.549393051591544],[77.55093282286893,18.292313980184527],[77.60139602002386,18.27581692747392],[77.65644678055651,17.969246697935066],[77.44388967738877,17.584315468020815],[77.6855013486154,17.51145348521562],[77.51270312805458,17.430342976055115],[77.37966379010068,17.22275506277993],[77.46682749427738,16.954677956232505],[77.4591815553145,16.88456548221241],[77.41636429712244,16.51750605940132],[77.28791252254626,16.4089004623898],[77.59375008106099,16.342912251547354],[77.50046962571399,16.221933865002875],[77.51423231584715,15.927736424996983],[78.08309017468454,15.841126898266277],[78.24824245628248,15.971728565558612],[78.25588839524536,16.008846934157486],[78.60148483636699,16.084458425747783],[78.74064092549119,16.008846934157486],[78.92261427280745,16.12295154873921],[79.21468914118901,16.226058128180526],[79.21010157781129,16.356659795472865],[79.25750639938107,16.5656224631406],[79.67956223013138,16.693474621647834],[79.94869928162434,16.635734937160695],[80.07256349282281,16.817202516977414],[80.05574242710449,16.971175008943113],[80.56954952540923,16.76771135884558],[80.50532363812113,17.06878257081423],[80.87691627171652,17.07015732520678],[80.94114215900461,17.218630799602277],[81.1735787034758,17.231003589135234],[81.30967641701486,17.409721660166852],[80.91055840315315,17.6379308893303],[81.08488581150652,17.797402398866204],[80.97937185381895,18.165836576069843],[80.7561104361032,18.169960839247498],[80.70564723894827,18.439412700187475],[80.37228430016722,18.611256999256334],[80.2759454692351,18.71986259626786],[80.11843912660001,18.679994718883883],[79.91352796239515,18.825718684494277],[79.92881984032088,19.158409247491594],[79.97775384968324,19.398991266188],[79.806484816915,19.579084091612167]]]},"properties":{"state":"Telangana"},"id":"Telangana"},
{"type":"Feature","geometry":{"type":"Polygon","coordinates":[[[87.99834382173181,22.24473285876836],[88.08244915032336,22.26122991147897],[88.18337554463321,22.18699317428122],[88.20784254931439,22.026146910352765],[88.14514584981887,21.95465968194012],[88.26748087322477,21.72782520716922],[88.4448666571633,21.917541313341246],[89.06877527653333,21.949160664369916],[89.05501258640017,22.12787873540153],[88.85774736115818,22.967853669250132],[88.94185268974972,23.205686179161436],[88.70941614527854,23.231806512619904],[88.7629377180186,23.446268197857844],[88.59319787304294,23.616737742534156],[88.70024101852309,24.096527025534417],[88.74152908892258,24.254623780677772],[88.13291234747828,24.510328097692238],[88.0273983897907,24.690420923116406],[88.39440346000838,24.96949606480424],[88.43569153040787,25.200454802752787],[88.90973974610569,25.179833486864524],[88.81187172738098,25.52352208500225],[88.64671944578302,25.47815519004807],[88.44639584495587,25.595009313414895],[88.09315346487136,25.930449385197317],[88.1787879812555,26.149035333612908],[88.3515862018163,26.221897316418104],[88.33323594830543,26.496848194928287],[88.40052021117867,26.64394691493123],[88.75987934243346,26.329128159037076],[88.92656081182399,26.283761264082898],[89.3486166425743,26.01018513996527],[89.54129430443858,26.006060876787615],[89.72938440292513,26.17103140389372],[89.84254429957558,26.38274358034656],[89.83489836061271,26.414362931375234],[89.85171942633102,26.69756233624072],[89.37461283504805,26.85428433699152],[89.09018390562936,26.84053679306601],[88.86845167570618,26.96563944278814],[88.72164964761913,27.138858496249554],[88.53203036133999,27.17597686484843],[88.42498721585984,27.071495531014563],[88.28124356335792,27.131984724286802],[88.03810270433873,27.219969005410057],[87.99222707056151,27.108613899613434],[88.18643392021836,26.771799073438466],[88.10997453058968,26.54771410745267],[88.23995549295844,26.45835507193686],[88.27971437556535,26.330502913429626],[87.85001260585217,26.039054982208835],[87.82707478896356,25.89058150781334],[88.06715727239762,25.483654207618272],[87.7674364650532,25.41629124238328],[87.71085651672797,25.258194487239926],[87.95399737574718,24.97362032798189],[87.89130067625166,24.855391450222513],[87.83930829130415,24.74541109881844],[87.88977148845908,24.565318273394276],[87.638984690477,24.254623780677772],[87.44019027744244,23.982422410952694],[87.23374992544501,24.02503979712177],[87.08541870956536,23.811952866276382],[86.80098978014666,23.833948936557196],[86.80098978014666,23.69922300608721],[86.48597709487652,23.63598430402987],[86.31012049873054,23.411899338044073],[85.88500629239508,23.48338656645672],[85.85901009992133,23.42977114514723],[85.88500629239508,23.16719305617001],[86.24130704806473,22.9967235114937],[86.43551389772158,22.926611037473606],[86.55937810892004,22.713524106628213],[86.76581846091747,22.576048667373126],[86.84533622613131,22.400080105126612],[86.72758876610314,22.21586301652479],[87.02883876124014,22.038519699885725],[87.10071058749111,21.86392589203176],[87.24292505220045,21.964282962687975],[87.44171946523501,21.767693084553198],[87.48453672342708,21.61509534698005],[87.78884509414922,21.698955364925652],[87.95552656353975,21.830931786610538],[88.18643392021836,22.104507910728167],[87.99834382173181,22.24473285876836]]]},"properties":{"state":"West Bengal"},"id":"West Bengal"},
{"type":"Feature","geometry":{"type":"MultiPolygon","coordinates":[[[[72.96184025735553,20.208721603400477],[73.21109786754502,20.120737322277222],[73.04288721036193,20.325575726767305],[72.96184025735553,20.208721603400477]]],[[[72.88691005551942,20.461676411629846],[72.8364468583645,20.45342788527454],[72.82880091940163,20.368193112936382],[72.88691005551942,20.461676411629846]]],[[[70.92037455426977,20.74212630771023],[70.97695450259499,20.702258430326253],[70.99989231948359,20.74212630771023],[70.92037455426977,20.74212630771023]]]]},"properties":{"state":"Dadra and Nagar Haveli and Daman and Diu"},"id":"Dadra and Nagar Haveli and Daman and Diu"},
{"type":"Feature","geometry":{"type":"MultiPolygon","coordinates":[[[[79.68567898130168,11.880459493327141],[79.80801400470757,11.844715879120816],[79.84012694835161,11.956070984917439],[79.68567898130168,11.880459493327141]]],[[[79.72390867611603,10.92912945368192],[79.84930207510706,10.827397628633154],[79.85083126289963,10.985494383776505],[79.7483756807972,10.996492418916914],[79.72390867611603,10.92912945368192]]],[[[75.55534275356037,11.722362738183786],[75.5415800634272,11.738859790894399],[75.53699250004948,11.719613229398686],[75.55534275356037,11.722362738183786]]],[[[82.18590102215953,16.737466762209465],[82.19966371229269,16.720969709498853],[82.23942259489961,16.7168454463212],[82.26694797516593,16.694849376040384],[82.27000635075107,16.722344463891403],[82.18590102215953,16.737466762209465]]]]},"properties":{"state":"Puducherry"},"id":"Puducherry"},
{"type":"Feature","geometry":{"type":"Polygon","coordinates":[[[73.05359152490995,8.273103967273585],[73.01842020568075,8.275853476058687],[73.04288721036193,8.263480686525728],[73.05359152490995,8.273103967273585]]]},"properties":{"district":"Lakshadweep","state":"Lakshadweep"},"id":"Lakshadweep"},
{"type":"Feature","geometry":{"type":"Polygon","coordinates":[[[94.21296301075094,27.60627498971686],[94.46222062094044,27.555409077192476],[95.13659243746541,27.815237657384596],[95.51430182223109,27.879851113834487],[95.51888938560882,27.883975377012142],[95.96999978441802,27.95958686860244],[95.7742637469686,27.732752393831543],[95.87366095348588,27.54441104205207],[95.85683988776758,27.27083491793444],[95.63357847005183,27.230967040550464],[95.48371806637961,27.24196507569087],[95.37667492089946,27.096241110080477],[95.3690289819366,27.109988654005985],[95.19623076137577,27.034377162415687],[95.23446045619012,26.682440037922657],[95.4959515687202,26.817165968392644],[95.68404166720676,26.90377549512335],[96.02199216936552,27.18010112802608],[96.60614190612864,27.365692971020454],[96.85998707969586,27.189724408773937],[97.16429545041801,27.141608005034655],[96.86151626748844,27.631020568782777],[97.25298834238728,27.900472429722754],[97.37073580241545,28.21804069440201],[96.99455560544234,28.31014923870292],[96.66272185445386,28.459997467490968],[96.31406703774708,28.383011221508117],[96.32630054008767,28.51086338001535],[96.58473327703261,28.717076538897985],[96.51897820195194,28.96728183834225],[96.15044394394171,29.049767101895302],[96.2437243992887,29.23260943610457],[96.08927643223876,29.45944391087547],[95.26963177541931,29.049767101895302],[94.87357213714274,29.18311827797274],[94.6793652874859,29.327467489190585],[94.1869668182772,29.038769066754895],[93.96217621276887,28.712952275720333],[93.33979678119141,28.640090292915136],[93.22357850895582,28.34176858973159],[92.80152267820552,28.201543641691398],[92.73423841533227,27.97608392131305],[92.46815973942446,27.815237657384596],[92.25713182404931,27.861979306731328],[91.8809516270762,27.721754358691136],[91.63016482909413,27.80149011345909],[91.6546318337753,27.48254709438728],[92.0139909650301,27.489420866350034],[92.03387040633356,27.064621759051807],[92.11338817154738,26.892777459982945],[92.35958740615173,26.925771565404165],[92.65624983791102,27.00825682895722],[93.06148460294303,26.921647302226514],[93.39790591730922,26.957390916432836],[93.69762672465365,26.99450928503171],[94.21907976192124,27.504543164668092],[94.26648458349102,27.519665462986154],[94.21296301075094,27.60627498971686]]]},"properties":{"state":"Arunachal Pradesh"},"id":"Arunachal Pradesh"},
{"type":"Feature","geometry":{"type":"Polygon","coordinates":[[[95.3690289819366,27.109988654005985],[95.37667492089946,27.096241110080477],[95.48371806637961,27.24196507569087],[95.63357847005183,27.230967040550464],[95.85683988776758,27.27083491793444],[95.87366095348588,27.54441104205207],[95.7742637469686,27.732752393831543],[95.96999978441802,27.95958686860244],[95.51888938560882,27.883975377012142],[95.51430182223109,27.879851113834487],[95.13659243746541,27.815237657384596],[94.46222062094044,27.555409077192476],[94.21296301075094,27.60627498971686],[94.26648458349102,27.519665462986154],[94.21907976192124,27.504543164668092],[93.69762672465365,26.99450928503171],[93.39790591730922,26.957390916432836],[93.06148460294303,26.921647302226514],[92.65624983791102,27.00825682895722],[92.35958740615173,26.925771565404165],[92.11338817154738,26.892777459982945],[91.89318512941679,26.91889779344141],[91.70356584313765,26.813041705214992],[90.95120544919143,26.777298091008667],[90.71723971692768,26.769049564653365],[90.33647195657684,26.862532863346825],[89.85171942633102,26.69756233624072],[89.83489836061271,26.414362931375234],[89.84254429957558,26.38274358034656],[89.72938440292513,26.17103140389372],[89.84254429957558,25.882332981458035],[89.87159886763448,25.47678043565552],[90.01993008351411,25.607382102947856],[89.8991242479008,25.726985735099785],[90.12238566561655,25.959319227440886],[90.43433997530157,25.990938578469557],[91.02613565102754,25.886457244635686],[91.00778539751667,25.824593296970896],[91.33503158512741,25.841090349681508],[91.5797016319392,26.033555964638634],[91.72344528444111,26.034930719031184],[92.17302649545775,26.07617335080771],[92.27395288976761,26.065175315667304],[92.16385136870231,25.970317262581293],[92.15161786636173,25.671995559397747],[92.44369273474328,25.72011196313703],[92.66083740128873,25.57163848874153],[92.56908613373432,25.465782400515113],[92.79234755145006,25.282940066305844],[92.54003156567542,25.09872297770402],[92.4253424812324,25.02998525807648],[92.51556456099425,24.88013702928843],[92.29536151886364,24.737162572463138],[92.21431456585725,24.508953343299687],[92.29536151886364,24.245000499929915],[92.42228410564725,24.250499517500117],[92.53238562671255,24.17763753469492],[92.7617637955986,24.51307760647734],[92.89633232134507,24.39072446554031],[93.00949221799551,24.412720535821126],[93.08748079541677,24.572192045357028],[93.17464449959347,24.797651765735377],[93.24651632584442,24.97224557358934],[93.46977774356017,25.30631089097921],[93.3290924666434,25.54276864649796],[93.51259500175223,25.674745068182848],[93.7756153020749,25.96894250818874],[93.954530273806,25.96894250818874],[94.1640290013886,26.35112422931789],[94.3138894050608,26.461104580721962],[94.58608483213891,26.725057424091734],[94.73594523581112,26.749803003157652],[94.79099599634377,26.79654465250438],[94.92403533429767,26.94914239007753],[95.19623076137577,27.034377162415687],[95.3690289819366,27.109988654005985]]]},"properties":{"state":"Assam"},"id":"Assam"},
{"type":"Feature","geometry":{"type":"Polygon","coordinates":[[[95.01425741405951,25.89058150781334],[95.12282974733225,26.34837472053279],[95.0616622356293,26.450106545581555],[95.23446045619012,26.682440037922657],[95.19623076137577,27.034377162415687],[94.92403533429767,26.94914239007753],[94.79099599634377,26.79654465250438],[94.73594523581112,26.749803003157652],[94.58608483213891,26.725057424091734],[94.3138894050608,26.461104580721962],[94.1640290013886,26.35112422931789],[93.954530273806,25.96894250818874],[93.7756153020749,25.96894250818874],[93.51259500175223,25.674745068182848],[93.3290924666434,25.54276864649796],[93.46977774356017,25.30631089097921],[93.60587545709922,25.199080048360237],[93.8046698701338,25.46303289173001],[93.93618002029513,25.559265699208574],[94.19002519386234,25.548267664068167],[94.4882168134142,25.60463259416275],[94.67477772410817,25.44516108462685],[94.88274726389818,25.586760787059593],[95.01425741405951,25.89058150781334]]]},"properties":{"state":"Nagaland"},"id":"Nagaland"},
{"type":"Feature","geometry":{"type":"Polygon","coordinates":[[[92.1990226879315,25.12484331116249],[92.4253424812324,25.02998525807648],[92.54003156567542,25.09872297770402],[92.79234755145006,25.282940066305844],[92.56908613373432,25.465782400515113],[92.66083740128873,25.57163848874153],[92.44369273474328,25.72011196313703],[92.15161786636173,25.671995559397747],[92.16385136870231,25.970317262581293],[92.27395288976761,26.065175315667304],[92.17302649545775,26.07617335080771],[91.72344528444111,26.034930719031184],[91.5797016319392,26.033555964638634],[91.33503158512741,25.841090349681508],[91.00778539751667,25.824593296970896],[91.02613565102754,25.886457244635686],[90.43433997530157,25.990938578469557],[90.12238566561655,25.959319227440886],[89.8991242479008,25.726985735099785],[90.01993008351411,25.607382102947856],[89.87159886763448,25.47678043565552],[89.97405444973691,25.299437119016453],[90.23401637447442,25.203204311537892],[90.96955570270232,25.172959714901772],[91.35491102643087,25.23344890817401],[91.6026394488278,25.174334469294323],[92.01704934061524,25.18945676761238],[92.1990226879315,25.12484331116249]]]},"properties":{"state":"Meghalaya"},"id":"Meghalaya"},
{"type":"Feature","geometry":{"type":"Polygon","coordinates":[[[94.65336909501215,25.115220030414633],[94.67477772410817,25.44516108462685],[94.4882168134142,25.60463259416275],[94.19002519386234,25.548267664068167],[93.93618002029513,25.559265699208574],[93.8046698701338,25.46303289173001],[93.60587545709922,25.199080048360237],[93.46977774356017,25.30631089097921],[93.24651632584442,24.97224557358934],[93.17464449959347,24.797651765735377],[93.08748079541677,24.572192045357028],[93.00949221799551,24.412720535821126],[92.97585008655889,24.11577358703013],[93.2067574432375,24.047035867402585],[93.25263307701472,24.02091553394412],[93.37802647600576,24.08827849917911],[93.50494906278936,23.942554533568718],[93.7404439828457,24.005793235626058],[94.15638306242572,23.847696480482707],[94.25272189335786,24.11439883263758],[94.37505691676375,24.49383104498163],[94.62890209033097,24.75640913395885],[94.743591174774,25.03685903003923],[94.65336909501215,25.115220030414633]]]},"properties":{"state":"Manipur"},"id":"Manipur"},
{"type":"Feature","geometry":{"type":"Polygon","coordinates":[[[91.7586166036703,23.266175372433676],[91.80449223744752,23.51500591748539],[91.97423208242319,23.480637057671615],[92.1760848710429,23.707471532442515],[92.26477776301218,23.726718093938228],[92.32441608692254,23.913684691325148],[92.29536151886364,24.245000499929915],[92.21431456585725,24.508953343299687],[92.07057091335533,24.3769769216148],[91.92376888526826,24.108899815067375],[91.75555822808516,24.1418939204886],[91.4696001108739,24.062158165720646],[91.29986026589822,23.997544709270752],[91.22645925185469,23.73221711150843],[91.16070417677403,23.594741672253342],[91.31973970720168,23.277173407574082],[91.45430823294816,23.260676354863474],[91.54300112491742,22.999473020278803],[91.80602142524009,23.062711722336143],[91.7586166036703,23.266175372433676]]]},"properties":{"state":"Tripura"},"id":"Tripura"},
{"type":"Feature","geometry":{"type":"MultiPolygon","coordinates":[[[[92.7556470444283,12.177406442118134],[92.6226077064744,12.101794950527836],[92.55073588022344,11.719613229398686],[92.75105948105058,11.609632877994613],[92.7556470444283,12.177406442118134]]],[[[92.87339450445647,12.331378934083835],[92.97432089876632,12.543091110536674],[92.9116241992708,13.054499744565607],[93.0339592226767,13.081994832416626],[93.04313434943214,13.528790009995667],[92.84128156081242,13.391314570740576],[92.79387673924263,12.862034129608482],[92.69906709610308,12.328629425298733],[92.87339450445647,12.331378934083835]]],[[[93.83678281377783,7.240663418467861],[93.64563433970613,7.126558803886136],[93.80008230675607,6.766373153037801],[93.9147713911991,6.94921548724707],[93.83678281377783,7.240663418467861]]]]},"properties":{"state":"Andaman and Nicobar Islands"},"id":"Andaman and Nicobar Islands"},
{"type":"Feature","geometry":{"type":"Polygon","coordinates":[[[78.76052036679465,29.26422878713324],[78.8507424465565,29.34808880507885],[78.92567264839259,29.438822594987208],[78.61677671429273,29.558426227139137],[78.33540616045919,29.79763349144299],[78.02039347518902,29.5817970518125],[77.82006987436188,29.67390559611341],[77.71608510446687,29.88561777256625],[77.95922596348608,30.24167916023693],[77.5753998275501,30.401150669772836],[77.57998739092783,30.379154599492022],[77.22674501084332,29.939233193875733],[77.15181480900722,29.68765314003892],[77.13193536770376,29.484189489941386],[77.15487318459236,29.297222892554466],[77.14263968225177,29.16662122526213],[77.21604069629531,28.853177223760525],[77.2221574474656,28.83118115347971],[77.34143409528635,28.609845696279017],[77.34755084645664,28.520486660763208],[77.50046962571399,28.205667904869053],[77.47600262103282,28.084689518324573],[77.5295241937729,27.92659276318122],[77.34449247087149,27.849606517198367],[77.28332495916854,27.798740604673984],[77.33990490749376,27.52653923494891],[77.64574246600849,27.24196507569087],[77.66103434393422,26.971138460358347],[77.45459399193679,26.742929231194896],[77.76043155045151,26.93264533736692],[78.22224626380874,26.832288266710705],[78.54490488804177,26.76355054708316],[78.78039980809811,26.769049564653365],[79.006719601399,26.67144200278225],[79.13517137597518,26.4404832648337],[78.93790615073318,25.95244545547813],[78.88591376578569,25.912577578094155],[78.65806478469221,25.559265699208574],[78.45162443269479,25.57163848874153],[78.39045692099184,25.205953820322993],[78.44703686931706,25.12209380237739],[78.37363585527352,25.09872297770402],[78.19013332016469,24.841643906297005],[78.26812189758594,24.449838904419998],[78.58619295844126,24.353606096941437],[78.80639600057185,24.17901228908747],[78.99142772347327,24.416844798998778],[78.98531097230297,24.441590378064692],[78.63971453118134,25.071227889853006],[78.55866757817493,25.21282759228575],[78.73146579873575,25.457533874159807],[78.96084396762178,25.344804013970634],[78.87979701461539,25.15783741658371],[79.32326147446173,25.149588890228404],[79.28044421626967,25.32418269808237],[79.67344547896109,25.12071904798484],[80.10467643646685,25.350303031540836],[80.43039343628503,25.174334469294323],[80.2637119668945,25.024486240506274],[80.4777982578548,24.97636983676699],[80.71482236570372,25.0657288722828],[81.12005713073572,24.903507853961795],[81.54058377369347,25.18808201321983],[82.09414975460511,24.81689832723109],[82.2975317310174,24.606560905170802],[82.52385152431829,24.6766733791909],[82.79757613918898,24.576316308534683],[82.7440545664489,24.165264745161963],[82.81286801711471,23.96180109506443],[82.94743654286118,23.87106730515607],[83.2073984675987,23.921933217680454],[83.32973349100459,24.102026043104622],[83.50253171156541,24.5254503960103],[83.52394034066143,24.550195975076214],[83.39548856608525,24.781154713024765],[83.34961293230805,25.18395775004218],[83.5377030307946,25.30906039976431],[83.77931470202122,25.39841943528012],[83.93070429348602,25.557890944816023],[84.3191179927997,25.667871296220095],[84.60048854663326,25.732484752669986],[84.47203677205707,25.882332981458035],[84.05609769247705,26.099544175481075],[84.1570240867869,26.375869808383808],[84.05151012909933,26.55183837063032],[84.418515199317,26.631574125398274],[84.06068525585476,26.88727844241274],[83.9077664765974,27.274959181112095],[83.8618908428202,27.335448374384335],[83.61416242042327,27.46879955046177],[83.39548856608525,27.479797585602178],[83.29150379619024,27.335448374384335],[83.18904821408782,27.45367725214371],[82.7318210641083,27.486671357564934],[82.66453680123507,27.723129113083687],[82.44892132248219,27.67913697252206],[82.20730965125556,27.844107499628166],[81.88465102702253,27.856480289161123],[81.74243656231317,27.952713096639688],[81.05277286786249,28.40500729178893],[80.55272845969091,28.69095620543952],[80.31417516404943,28.62909225777473],[80.06491755385994,28.836680171049913],[79.68262060571654,28.854551978153076],[79.42265868097903,28.897169364322153],[78.97460665775495,29.130877611055805],[78.76052036679465,29.26422878713324]]]},"properties":{"state":"Uttar Pradesh"},"id":"Uttar Pradesh"},
{"type":"Feature","geometry":{"type":"Polygon","coordinates":[[[75.93305213832605,27.92796751757377],[76.05538716173194,28.22079020318711],[75.89329325571913,28.389884993470872],[75.67003183800338,28.519111906370657],[75.47429580055396,28.926039206565722],[75.52781737329404,28.9714061015199],[75.34584402597778,29.283475348628954],[75.2403300682902,29.26010452395559],[74.93755088536064,29.361836349004356],[74.60265875878702,29.364585857789457],[74.61642144892018,29.752266596488813],[74.52619936915833,29.940607948268283],[74.44821079173708,29.94748172023104],[74.29835038806486,29.954355492193795],[73.89464481082543,29.973602053689508],[73.96804582486897,30.19356275649765],[73.80595191885617,30.067085352382968],[73.397658778239,29.94610696583849],[73.28296969379599,29.572173771064644],[72.94501919163721,29.02777103161449],[72.6621194500111,28.8930451011445],[72.29970194317116,28.668960135158706],[72.20642148782417,28.394009256648523],[71.92810930957577,28.121807886923445],[71.88070448800599,27.91421997364826],[71.20480348368845,27.83585897327286],[70.75828064825696,27.721754358691136],[70.67723369525056,27.921093745611017],[70.37139613673584,28.011827535519377],[70.13284284109436,27.80561437663674],[70.02579969561421,27.56228284915523],[69.58692279914558,27.184225391203736],[69.5104634095169,26.742929231194896],[69.88664360649001,26.57933345848134],[70.17413091149385,26.55183837063032],[70.14048878005723,26.155909105575663],[70.09920070965774,25.93869791155262],[70.2689405546334,25.713238191174273],[70.67417531966541,25.676119822575398],[70.66500019290997,25.397044680887568],[70.88826161062572,25.148214135835854],[71.11152302834147,24.675298624798344],[71.18798241797015,24.65055304573243],[71.28737962448743,24.61618418591866],[72.05809027194452,24.71241699339722],[72.33487326240035,24.632681238629267],[72.35322351591124,24.56394351900172],[72.95878188177038,24.36047986890419],[73.00159913996245,24.480083501056118],[73.15145954363466,24.354980851333988],[73.06735421504311,24.194134587405532],[73.40530471720187,24.041536849832383],[73.37777933693555,23.90406141057729],[73.36860421018011,23.814702375061483],[73.65609151518395,23.620862005711807],[73.62703694712505,23.449017706642945],[73.95887069811351,23.3802799870154],[73.98180851500213,23.337662600846322],[74.31975901716089,23.059962213551042],[74.73416890894833,23.220808477479498],[74.52925774474348,23.321165548135713],[74.77239860376268,23.542501005336405],[74.94060926094578,23.76521121692965],[74.90849631730173,24.212006394508695],[74.85497474456166,24.423718570961533],[74.69746840192657,24.48283300984122],[74.99260164589327,24.693170431901507],[75.19139605892785,25.03685903003923],[75.35196077714808,25.01898722293607],[75.18375011996498,24.748160607603545],[75.54922600239007,24.702793712649363],[75.78472092244641,24.761908151529052],[75.92081863598546,24.54332220311346],[75.72814097412119,24.396223483110514],[75.83671330739391,24.05665914815044],[75.46206229821338,23.917808954502803],[75.68991127930684,23.74733940982649],[75.93763970170377,23.89718763861454],[76.21289350436702,24.20925688572359],[76.32146583763975,24.245000499929915],[76.88114856972169,24.130895885348192],[76.84444806269991,24.43609136049449],[77.06923866820824,24.55706974703897],[76.87656100634396,25.040983293216886],[77.31237952722745,25.080851170600862],[77.36743028776009,25.410792224813076],[77.0830013583414,25.33655548761533],[76.94537445700978,25.284314820698395],[76.59366126471785,25.408042716027975],[76.51567268729659,25.527646348179903],[76.54625644314807,25.838340840896407],[76.85209400166279,26.032181210246083],[77.11970186536317,26.213648790062802],[77.37507622672297,26.3648717732434],[78.22224626380874,26.832288266710705],[77.76043155045151,26.93264533736692],[77.45459399193679,26.742929231194896],[77.66103434393422,26.971138460358347],[77.64574246600849,27.24196507569087],[77.33990490749376,27.52653923494891],[77.28332495916854,27.798740604673984],[77.04477166352706,27.8207366749548],[76.97748740065381,27.65439139345614],[76.96984146169095,28.138304939634057],[76.85362318945536,28.22079020318711],[76.54319806756291,28.03382360580019],[76.3122907108843,28.178172817018034],[76.15937193162694,27.998079991593865],[76.22512700670761,27.83310946448776],[76.07679579082797,27.841357990843065],[75.93305213832605,27.92796751757377]]]},"properties":{"state":"Rajasthan"},"id":"Rajasthan"},
{"type":"Feature","geometry":{"type":"Polygon","coordinates":[[[77.34143409528635,28.609845696279017],[77.2221574474656,28.83118115347971],[77.21604069629531,28.853177223760525],[76.94231608142462,28.798187048058487],[76.88420694530683,28.502614853660045],[77.17475262589582,28.40500729178893],[77.34755084645664,28.520486660763208],[77.34143409528635,28.609845696279017]]]},"properties":{"state":"Delhi"},"id":"Delhi"},
{"type":"Feature","geometry":{"type":"Polygon","coordinates":[[[77.21604069629531,28.853177223760525],[77.14263968225177,29.16662122526213],[77.15487318459236,29.297222892554466],[77.13193536770376,29.484189489941386],[77.15181480900722,29.68765314003892],[77.22674501084332,29.939233193875733],[77.57998739092783,30.379154599492022],[77.20839475733244,30.48776019650354],[77.12276024094831,30.56337168809384],[77.0248922222236,30.74896353108821],[76.77716379982668,30.904310777446465],[76.83833131152963,30.754462548658417],[76.8276269969816,30.68160056585322],[76.90714476219543,30.458890354259974],[76.74810923176778,30.428645757623855],[76.64259527408021,30.14957061593602],[76.46673867793425,30.098704703411638],[76.2541815747665,30.08908142266378],[76.21442269215959,29.840250877612068],[76.098204419924,29.810006280975948],[75.94681482845921,29.728895771815445],[75.72049503515832,29.814130544153603],[75.4605331104208,29.807256772190847],[75.30302676778572,29.559800981531687],[75.19139605892785,29.844375140789722],[74.70511434088944,29.974976808082058],[74.52619936915833,29.940607948268283],[74.61642144892018,29.752266596488813],[74.60265875878702,29.364585857789457],[74.93755088536064,29.361836349004356],[75.2403300682902,29.26010452395559],[75.34584402597778,29.283475348628954],[75.52781737329404,28.9714061015199],[75.47429580055396,28.926039206565722],[75.67003183800338,28.519111906370657],[75.89329325571913,28.389884993470872],[76.05538716173194,28.22079020318711],[75.93305213832605,27.92796751757377],[76.07679579082797,27.841357990843065],[76.22512700670761,27.83310946448776],[76.15937193162694,27.998079991593865],[76.3122907108843,28.178172817018034],[76.54319806756291,28.03382360580019],[76.85362318945536,28.22079020318711],[76.96984146169095,28.138304939634057],[76.97748740065381,27.65439139345614],[77.04477166352706,27.8207366749548],[77.28332495916854,27.798740604673984],[77.34449247087149,27.849606517198367],[77.5295241937729,27.92659276318122],[77.47600262103282,28.084689518324573],[77.50046962571399,28.205667904869053],[77.34755084645664,28.520486660763208],[77.17475262589582,28.40500729178893],[76.88420694530683,28.502614853660045],[76.94231608142462,28.798187048058487],[77.21604069629531,28.853177223760525]]]},"properties":{"state":"Haryana"},"id":"Haryana"},
{"type":"Feature","geometry":{"type":"Polygon","coordinates":[[[88.28124356335792,27.131984724286802],[88.42498721585984,27.071495531014563],[88.53203036133999,27.17597686484843],[88.72164964761913,27.138858496249554],[88.79352147387009,27.416558883544837],[88.84398467102501,27.992580974023664],[88.6191940655167,28.09843706225008],[88.20478417372925,27.94171506149928],[88.11456209396741,27.61864777924982],[88.03810270433873,27.219969005410057],[88.28124356335792,27.131984724286802]]]},"properties":{"state":"Sikkim"},"id":"Sikkim"},
{"type":"Feature","geometry":{"type":"Polygon","coordinates":[[[84.418515199317,26.631574125398274],[84.05151012909933,26.55183837063032],[84.1570240867869,26.375869808383808],[84.05609769247705,26.099544175481075],[84.47203677205707,25.882332981458035],[84.60048854663326,25.732484752669986],[84.3191179927997,25.667871296220095],[83.93070429348602,25.557890944816023],[83.77931470202122,25.39841943528012],[83.5377030307946,25.30906039976431],[83.34961293230805,25.18395775004218],[83.39548856608525,24.781154713024765],[83.52394034066143,24.550195975076214],[83.50253171156541,24.5254503960103],[83.87259515736821,24.53232416797305],[84.00869287090727,24.642304519377124],[84.32676393176257,24.489706781803974],[84.49650377673825,24.287617886098992],[84.80234133525298,24.5309494135805],[85.08829945246424,24.370103149652046],[85.33144031148343,24.510328097692238],[85.3742575696755,24.55432023825387],[85.67703675260508,24.59143860685274],[85.9018273581134,24.766032414706704],[86.05474613737076,24.779779958632215],[86.13273471479201,24.603811396385698],[86.4523349634399,24.37285265843715],[86.61137049386755,24.607935659563353],[86.91262048900455,24.547446466291113],[87.05177657812874,24.627182221059066],[87.1756407893272,25.057480345927495],[87.47841997225677,25.194955785182586],[87.55182098630031,25.331056470045123],[87.71085651672797,25.258194487239926],[87.7674364650532,25.41629124238328],[88.06715727239762,25.483654207618272],[87.82707478896356,25.89058150781334],[87.85001260585217,26.039054982208835],[88.27971437556535,26.330502913429626],[88.23995549295844,26.45835507193686],[88.10997453058968,26.54771410745267],[88.033515140961,26.392366861094416],[87.65886413178046,26.37999407156146],[87.16187809919404,26.404739650627377],[87.0426014513733,26.560086896985627],[86.72300120272541,26.42536096651564],[86.54255704320173,26.538090826704813],[86.028749944897,26.665942985212045],[85.81619284172928,26.599954774369603],[85.72902913755257,26.80891744203734],[85.25498092185475,26.753927266335303],[85.19228422235923,26.86940663530958],[84.75799488926833,27.002757811387017],[84.6203679879367,27.339572637561986],[84.2793591101928,27.39456281326402],[84.09738576287654,27.516915954201053],[83.8618908428202,27.335448374384335],[83.9077664765974,27.274959181112095],[84.06068525585476,26.88727844241274],[84.418515199317,26.631574125398274]]]},"properties":{"state":"Bihar"},"id":"Bihar"},
{"type":"Feature","geometry":{"type":"Polygon","coordinates":[[[87.638984690477,24.254623780677772],[87.88977148845908,24.565318273394276],[87.83930829130415,24.74541109881844],[87.89130067625166,24.855391450222513],[87.95399737574718,24.97362032798189],[87.71085651672797,25.258194487239926],[87.55182098630031,25.331056470045123],[87.47841997225677,25.194955785182586],[87.1756407893272,25.057480345927495],[87.05177657812874,24.627182221059066],[86.91262048900455,24.547446466291113],[86.61137049386755,24.607935659563353],[86.4523349634399,24.37285265843715],[86.13273471479201,24.603811396385698],[86.05474613737076,24.779779958632215],[85.9018273581134,24.766032414706704],[85.67703675260508,24.59143860685274],[85.3742575696755,24.55432023825387],[85.33144031148343,24.510328097692238],[85.08829945246424,24.370103149652046],[84.80234133525298,24.5309494135805],[84.49650377673825,24.287617886098992],[84.32676393176257,24.489706781803974],[84.00869287090727,24.642304519377124],[83.87259515736821,24.53232416797305],[83.50253171156541,24.5254503960103],[83.32973349100459,24.102026043104622],[83.7059136879777,23.820201392631688],[83.7747271386435,23.6098639705714],[84.01633880987013,23.634609549637318],[84.07444794598793,23.33353833766867],[84.03774743896616,23.171317319347665],[84.29312180032596,22.772638545507903],[84.01175124649241,22.527932263633843],[84.19678296939382,22.3780840348458],[84.42921951386501,22.351963701387326],[85.06994919895335,22.490813895034968],[85.02866112855386,22.12237971783133],[85.23815985613645,22.009649857642156],[85.3971953865641,22.163622349607856],[85.68315350377537,22.05776626138144],[85.89723979473567,21.983529524183687],[86.00887050359354,22.115505945868577],[85.96299486981634,22.485314877464766],[86.06697963971135,22.556802105877413],[86.72758876610314,22.21586301652479],[86.84533622613131,22.400080105126612],[86.76581846091747,22.576048667373126],[86.55937810892004,22.713524106628213],[86.43551389772158,22.926611037473606],[86.24130704806473,22.9967235114937],[85.88500629239508,23.16719305617001],[85.85901009992133,23.42977114514723],[85.88500629239508,23.48338656645672],[86.31012049873054,23.411899338044073],[86.48597709487652,23.63598430402987],[86.80098978014666,23.69922300608721],[86.80098978014666,23.833948936557196],[87.08541870956536,23.811952866276382],[87.23374992544501,24.02503979712177],[87.44019027744244,23.982422410952694],[87.638984690477,24.254623780677772]]]},"properties":{"state":"Jharkhand"},"id":"Jharkhand"},
{"type":"Feature","geometry":{"type":"Polygon","coordinates":[[[75.38407372079212,34.36181807471198],[75.49723361744257,34.23396591620474],[75.59510163616729,34.19822230199841],[75.86423868766023,33.978261599190276],[76.02174503029532,33.99750816068598],[76.77257623644896,33.251016525530844],[76.93314095466918,33.028306313937605],[77.2741498324131,32.8743338219719],[77.74055210914806,32.969191875057916],[78.0158059118113,32.62000425934998],[78.38739854540668,32.757479698605074],[78.3981028599547,32.52514620626397],[78.76052036679465,32.65437311916376],[78.85685919772678,32.439911433925815],[79.11376274687915,32.38354650383123],[79.31867391108402,32.59250917149897],[79.62604065739131,32.73960789150191],[79.37525385940924,33.08467124403219],[79.4532424368305,33.2578902974936],[78.98836934788811,33.3335017890839],[78.91343914605201,33.57408380778031],[79.10611680791628,33.61670119394938],[78.90426401929656,33.97551209040517],[79.35384523031321,34.03600128367741],[79.59086933816212,34.282082319944024],[79.50676400957057,34.474547934901146],[80.06797592944508,34.713755199204996],[80.18113582609553,35.166049394354246],[80.32640866639002,35.469870115107994],[80.28970815936826,35.607345554363086],[79.86918151641052,35.781939362217045],[79.21468914118901,35.97852924035183],[78.66418153586251,35.85755085380735],[77.96534271465637,35.57160194015676],[77.61210033457186,35.468495360715444],[77.4301269872556,35.654087203709814],[76.93467014246175,35.7833141166096],[76.80010161671528,36.04726695997937],[76.35052040569865,36.359336207088425],[75.74802041542465,36.58754543625187],[75.47276661276139,36.810255647845125],[75.34278565039264,37.05221242093408],[74.92072981964232,36.90511370093113],[74.70817271647459,37.07695799999999],[73.70043796116857,36.68377824373044],[73.44047603643106,36.74426743700268],[73.1254633511609,36.686527752515545],[72.99089482541443,36.45694376895954],[72.59483518713786,36.26172864521732],[72.53366767543491,35.916665292687036],[72.68964483027743,35.83280527474143],[73.08876284413914,35.88229643287326],[73.13616766570892,35.71870066015971],[73.40683390499444,35.56335341380146],[73.78454328976014,35.52486029081003],[73.79524760430814,35.24441039472965],[74.14696079660007,35.0973116747267],[74.48644048655142,35.10968446425966],[74.56748743955782,34.8732267087409],[74.31975901716089,34.786617182010204],[74.60112957099443,34.73712602387837],[74.73263972115576,34.67113781303593],[75.23880088049764,34.62852042686684],[75.37489859403668,34.38793840817044],[75.38407372079212,34.36181807471198]]]},"properties":{"state":"Ladakh"},"id":"Ladakh"},
{"type":"Feature","geometry":{"type":"Polygon","coordinates":[[[75.37489859403668,34.38793840817044],[75.23880088049764,34.62852042686684],[74.73263972115576,34.67113781303593],[74.60112957099443,34.73712602387837],[74.31975901716089,34.786617182010204],[74.56748743955782,34.8732267087409],[74.48644048655142,35.10968446425966],[74.14696079660007,35.0973116747267],[73.96345826149124,34.841607357712235],[73.74937197053094,34.786617182010204],[73.39001283927614,34.37419086424493],[73.48788085800085,34.144606880688926],[73.59798237906615,33.712934001427946],[73.56434024762953,33.34175031543921],[73.688204458828,33.087420752817295],[74.38245571665641,32.757479698605074],[74.4466816039445,32.78909904963375],[74.65923870711224,32.78772429524119],[74.68064733620827,32.49215210084275],[74.88861687599828,32.521021943086325],[75.20515874906101,32.417915363645],[75.34125646260006,32.34642813523236],[75.51252549536831,32.30793501224093],[75.83671330739391,32.511398662338465],[75.92387701157061,32.74785641785722],[75.80154198816471,32.885331857112305],[76.22206863112245,33.021432541974846],[76.41015872960901,33.18640306908095],[76.74810923176778,33.1795292971182],[76.77257623644896,33.251016525530844],[76.02174503029532,33.99750816068598],[75.86423868766023,33.978261599190276],[75.59510163616729,34.19822230199841],[75.49723361744257,34.23396591620474],[75.38407372079212,34.36181807471198],[75.37489859403668,34.38793840817044]]]},"properties":{"state":"Jammu and Kashmir"},"id":"Jammu and Kashmir"},
{"type":"Feature","geometry":{"type":"Polygon","coordinates":[[[78.310939155778,31.28374298979051],[78.48373737633882,31.198508217452357],[78.88132620240796,31.28374298979051],[78.74981605224663,31.366228253343564],[78.84615488317877,31.608185026432523],[78.705469606262,31.774530307931183],[78.67335666261795,32.078351028684935],[78.48220818854625,32.27906516999737],[78.3981028599547,32.52514620626397],[78.38739854540668,32.757479698605074],[78.0158059118113,32.62000425934998],[77.74055210914806,32.969191875057916],[77.2741498324131,32.8743338219719],[76.93314095466918,33.028306313937605],[76.77257623644896,33.251016525530844],[76.74810923176778,33.1795292971182],[76.41015872960901,33.18640306908095],[76.22206863112245,33.021432541974846],[75.80154198816471,32.885331857112305],[75.92387701157061,32.74785641785722],[75.83671330739391,32.511398662338465],[75.93152295053348,32.39454453897164],[75.63791889435934,32.251570082146344],[75.60121838733758,32.09347332700299],[75.59816001175243,32.08247529186258],[75.96057751859237,31.857015571484236],[76.0171574669176,31.63155585110589],[76.2893528939957,31.307113814463875],[76.39180847609813,31.412969902690296],[76.64565364966535,31.209506252592764],[76.73281735384205,30.937304882867686],[76.77716379982668,30.904310777446465],[77.0248922222236,30.74896353108821],[77.12276024094831,30.56337168809384],[77.20839475733244,30.48776019650354],[77.57998739092783,30.379154599492022],[77.5753998275501,30.401150669772836],[77.81548231098415,30.505632003606703],[77.70385160212629,30.764085829406273],[77.82924500111733,31.029413427168596],[77.96687190244894,31.17376263838644],[78.310939155778,31.28374298979051]]]},"properties":{"state":"Himachal Pradesh"},"id":"Himachal Pradesh"},
{"type":"Feature","geometry":{"type":"Polygon","coordinates":[[[75.83671330739391,32.511398662338465],[75.51252549536831,32.30793501224093],[75.34125646260006,32.34642813523236],[75.3794861574144,32.182832362518795],[74.91308388067945,32.04398216887115],[74.50326155226972,31.74016144811741],[74.61183388554245,31.499579429421004],[74.51090749123259,31.132520006609912],[74.70817271647459,31.072030813337673],[74.3656346509381,30.89331274230606],[74.21577424726588,30.691223846601076],[73.87935293289969,30.35990803799631],[73.96804582486897,30.19356275649765],[73.89464481082543,29.973602053689508],[74.29835038806486,29.954355492193795],[74.44821079173708,29.94748172023104],[74.52619936915833,29.940607948268283],[74.70511434088944,29.974976808082058],[75.19139605892785,29.844375140789722],[75.30302676778572,29.559800981531687],[75.4605331104208,29.807256772190847],[75.72049503515832,29.814130544153603],[75.94681482845921,29.728895771815445],[76.098204419924,29.810006280975948],[76.21442269215959,29.840250877612068],[76.2541815747665,30.08908142266378],[76.46673867793425,30.098704703411638],[76.64259527408021,30.14957061593602],[76.74810923176778,30.428645757623855],[76.90714476219543,30.458890354259974],[76.8276269969816,30.68160056585322],[76.73893410501233,30.692598600993627],[76.70987953695344,30.761336320621172],[76.83833131152963,30.754462548658417],[76.77716379982668,30.904310777446465],[76.73281735384205,30.937304882867686],[76.64565364966535,31.209506252592764],[76.39180847609813,31.412969902690296],[76.2893528939957,31.307113814463875],[76.0171574669176,31.63155585110589],[75.96057751859237,31.857015571484236],[75.59816001175243,32.08247529186258],[75.60121838733758,32.09347332700299],[75.63791889435934,32.251570082146344],[75.93152295053348,32.39454453897164],[75.83671330739391,32.511398662338465]]]},"properties":{"state":"Punjab"},"id":"Punjab"},
{"type":"Feature","geometry":{"type":"Polygon","coordinates":[[[80.1016180608817,30.788831408472188],[79.73155461507889,30.978547514644212],[79.40736680305328,31.073405567730223],[79.07247467647966,31.455587288859373],[78.88132620240796,31.28374298979051],[78.48373737633882,31.198508217452357],[78.310939155778,31.28374298979051],[77.96687190244894,31.17376263838644],[77.82924500111733,31.029413427168596],[77.70385160212629,30.764085829406273],[77.81548231098415,30.505632003606703],[77.5753998275501,30.401150669772836],[77.95922596348608,30.24167916023693],[77.71608510446687,29.88561777256625],[77.82006987436188,29.67390559611341],[78.02039347518902,29.5817970518125],[78.33540616045919,29.79763349144299],[78.61677671429273,29.558426227139137],[78.92567264839259,29.438822594987208],[78.8507424465565,29.34808880507885],[78.76052036679465,29.26422878713324],[78.97460665775495,29.130877611055805],[79.42265868097903,28.897169364322153],[79.68262060571654,28.854551978153076],[80.06491755385994,28.836680171049913],[80.07409268061538,28.94116150488378],[80.31876272742716,29.301347155732117],[80.24230333779848,29.44432161255741],[80.36616754899694,29.739893806955852],[80.92890865666402,30.174316195001936],[80.60777922022356,30.47126314379293],[80.21324876973958,30.583993003982105],[80.1016180608817,30.788831408472188]]]},"properties":{"state":"Uttarakhand"},"id":"Uttarakhand"},
{"type":"Feature","geometry":{"type":"Polygon","coordinates":[[[76.8276269969816,30.68160056585322],[76.83833131152963,30.754462548658417],[76.70987953695344,30.761336320621172],[76.73893410501233,30.692598600993627],[76.8276269969816,30.68160056585322]]]},"properties":{"district":"Chandigarh","state":"Chandigarh"},"id":"Chandigarh"}
]}